-- phpMyAdmin SQL Dump
-- version 5.2.1
-- https://www.phpmyadmin.net/
--
-- Host: 127.0.0.1:3306
-- Generation Time: Aug 16, 2023 at 03:25 AM
-- Server version: 8.0.33
-- PHP Version: 8.1.4

SET SQL_MODE = "NO_AUTO_VALUE_ON_ZERO";
START TRANSACTION;
SET time_zone = "+00:00";


/*!40101 SET @OLD_CHARACTER_SET_CLIENT=@@CHARACTER_SET_CLIENT */;
/*!40101 SET @OLD_CHARACTER_SET_RESULTS=@@CHARACTER_SET_RESULTS */;
/*!40101 SET @OLD_COLLATION_CONNECTION=@@COLLATION_CONNECTION */;
/*!40101 SET NAMES utf8mb4 */;

--
-- Database: `cinema`
--

-- --------------------------------------------------------

--
-- Table structure for table `audios`
--

DROP TABLE IF EXISTS `audios`;
CREATE TABLE IF NOT EXISTS `audios` (
  `id` bigint UNSIGNED NOT NULL AUTO_INCREMENT,
  `name` varchar(255) CHARACTER SET utf8mb4 COLLATE utf8mb4_unicode_ci NOT NULL,
  `created_at` timestamp NULL DEFAULT NULL,
  `updated_at` timestamp NULL DEFAULT NULL,
  PRIMARY KEY (`id`)
) ENGINE=InnoDB AUTO_INCREMENT=10 DEFAULT CHARSET=utf8mb4 COLLATE=utf8mb4_unicode_ci;

--
-- Dumping data for table `audios`
--

INSERT INTO `audios` (`id`, `name`, `created_at`, `updated_at`) VALUES
(1, 'Việt', NULL, NULL),
(2, 'Anh', NULL, NULL),
(3, 'Trung Quốc', NULL, NULL),
(4, 'Ấn Độ', NULL, NULL),
(5, 'Nga', NULL, NULL),
(6, 'Nhật', NULL, NULL),
(7, 'Hàn Quốc', NULL, NULL),
(8, 'Pháp', NULL, NULL),
(9, 'Lồng tiếng', NULL, NULL);

-- --------------------------------------------------------

--
-- Table structure for table `banners`
--

DROP TABLE IF EXISTS `banners`;
CREATE TABLE IF NOT EXISTS `banners` (
  `id` bigint UNSIGNED NOT NULL AUTO_INCREMENT,
  `image` text CHARACTER SET utf8mb4 COLLATE utf8mb4_unicode_ci NOT NULL,
  `status` tinyint(1) NOT NULL DEFAULT '0',
  `created_at` timestamp NULL DEFAULT NULL,
  `updated_at` timestamp NULL DEFAULT NULL,
  PRIMARY KEY (`id`)
) ENGINE=InnoDB AUTO_INCREMENT=10 DEFAULT CHARSET=utf8mb4 COLLATE=utf8mb4_unicode_ci;

--
-- Dumping data for table `banners`
--

INSERT INTO `banners` (`id`, `image`, `status`, `created_at`, `updated_at`) VALUES
(1, 'https://www.heyuguys.com/images/2012/11/Gangster-Squad-Banner.jpg', 0, NULL, '2023-07-13 12:49:03'),
(2, 'https://teaser-trailer.com/wp-content/uploads/Avengers-Infinity-War-Banner.jpg', 0, NULL, '2023-07-13 12:49:02'),
(3, 'https://collider.com/wp-content/uploads/inception_movie_poster_banner_01.jpg', 1, NULL, NULL),
(4, 'https://tedhicksfilmetc.files.wordpress.com/2013/06/world-war-z-banner-poster.jpg', 0, NULL, '2023-07-13 12:49:12'),
(5, 'banner/hyfvvlbsspwn8cpkrycn', 1, '2023-06-29 17:26:48', '2023-06-29 17:26:57'),
(6, 'banner/yhqyoslbhc6oy4vmcyum', 1, '2023-07-13 12:47:30', '2023-07-13 12:47:32'),
(7, 'banner/yvvilxujhi37imakqbly', 1, '2023-07-13 12:47:43', '2023-07-13 12:48:33'),
(8, 'banner/ops66ppojkb4c6sftmpe', 1, '2023-07-13 12:47:56', '2023-07-13 12:48:32'),
(9, 'banner/lcsw2c4bollbwklf07pf', 1, '2023-07-13 12:48:30', '2023-07-13 12:48:31');

-- --------------------------------------------------------

--
-- Table structure for table `casts`
--

DROP TABLE IF EXISTS `casts`;
CREATE TABLE IF NOT EXISTS `casts` (
  `id` bigint UNSIGNED NOT NULL AUTO_INCREMENT,
  `name` varchar(255) CHARACTER SET utf8mb4 COLLATE utf8mb4_unicode_ci NOT NULL,
  `image` text CHARACTER SET utf8mb4 COLLATE utf8mb4_unicode_ci NOT NULL,
  `birthday` date NOT NULL,
  `national` varchar(255) CHARACTER SET utf8mb4 COLLATE utf8mb4_unicode_ci NOT NULL,
  `content` text CHARACTER SET utf8mb4 COLLATE utf8mb4_unicode_ci,
  `created_at` timestamp NULL DEFAULT NULL,
  `updated_at` timestamp NULL DEFAULT NULL,
  PRIMARY KEY (`id`)
) ENGINE=InnoDB AUTO_INCREMENT=54 DEFAULT CHARSET=utf8mb4 COLLATE=utf8mb4_unicode_ci;

--
-- Dumping data for table `casts`
--

INSERT INTO `casts` (`id`, `name`, `image`, `birthday`, `national`, `content`, `created_at`, `updated_at`) VALUES
(1, 'Helen Mirren', 'https://upload.wikimedia.org/wikipedia/commons/thumb/3/3f/Helen_Mirren-2208.jpg/250px-Helen_Mirren-2208.jpg', '1945-07-26', 'Anh', 'Dame Helen Lydia Mirren, DBE (sinh ngày 26 tháng 7 năm 1945) là một diễn viên người Anh.\n        Bà đã giành được 1 giải Oscar, 4 giải SAG, 4 giải BAFTA, 3 giải Quả cầu vàng và 4 giải Emmy trong suốt sự nghiệp của mình.', '2023-06-29 13:16:17', '2023-06-29 13:16:17'),
(2, 'Aksel Hennie', 'https://upload.wikimedia.org/wikipedia/commons/thumb/f/fb/Aksel_Hennie.jpg/240px-Aksel_Hennie.jpg', '1975-10-29', 'Anh', 'Hennie was admitted to the Norwegian National Academy of Theatre after applying four times.[2] He graduated in 2001, and has acted both at Teatret Vårt in Molde (2001–2002) and at Oslo Nye Teater (since 2002), where he has been in plays such as Hamlet and Kvinnen Som Gifftet Seg Med en Kalkun (The Woman Who Married a Turkey).[3]\nHennie\'s most notable success has been as a film actor. He made his debut starring in the feature film Jonny Vang in 2003. Although the director, Jens Lien, originally thought Hennie was too young for the role, the actor convinced him he was the right man for the film.[4] That same year, he also acted in the films Buddy and Ulvesommer. The next year, Hennie made his debut as a director and writer with the film, Uno, in which he also acted. For this role, Hennie and his co-star, Nicolai Cleve Broch, undertook six months of hard physical training in order to perform convincingly as bodybuilders.[2]', '2023-06-29 13:16:17', '2023-06-29 13:16:17'),
(3, 'Jorma Tommila', 'https://upload.wikimedia.org/wikipedia/commons/thumb/9/99/Jorma_Tommila_2020_Cropped.jpg/220px-Jorma_Tommila_2020_Cropped.jpg', '1959-01-01', 'Finland', 'Whilst at Helsinki Theatre Academy in 1987, Tommila was one of four founding members of God\'s Theater, a Finnish theater group that made experimental and radical stage art, which included full frontal nudity, setting of fire extinguishers and throwing faeces into the crowd.[4] The four were arrested and fined and given suspended prison sentences and were expelled from the college which caused protest riots from fellow students.[5]\nIn 1997 Tommila won the Jussi Award for Best Actor for his role in the film The Christmas Party, directed by his God Theatre’s fellow founder Jari Halonen.[6]', '2023-06-29 13:16:17', '2023-06-29 13:16:17'),
(4, 'Jack Doolan', 'https://flxt.tmsimg.com/assets/330739_v9_ba.jpg', '1987-07-28', 'Anh', 'Jack Doolan is an English actor. He is best known for portraying Tyler Boyce in the BBC sitcom The Green Green Grass alongside John Challis and Sue Holderness. Doolan has guest starred in other television shows such as Spooks, EastEnders, The Bill and Peep Show and a lead part in Cemetery Junction, a comedy drama film by Ricky Gervais and Stephen Merchant.', '2023-06-29 13:16:17', '2023-06-29 13:16:17'),
(5, 'Bradley Cooper', 'https://upload.wikimedia.org/wikipedia/commons/thumb/0/04/Bradley_Cooper_avp_2014.jpg/200px-Bradley_Cooper_avp_2014.jpg', '1975-01-05', 'M', 'Bradley Charles Cooper (sinh ngày 5/1/1975) là một diễn viên và nhà sản xuất phim người Mỹ. Anh đã được đề cử nhiều giải thưởng danh giá, trong đó có 4 giải Emmy, 2 giải BAFTA và 2 giải Quả Cầu Vàng. Từng là một trong số các diễn viên được trả thù lao cao nhất trong 3 năm liên tiếp, anh từng xuất hiện trong danh sách Forbes Celebrity 100 hai lần, và danh sách 100 người có ảnh hưởng nhất thế giới của tạp chí Times vào năm 2015.\n\nAnh tham gia khóa MFA ở Actors Studio, tại New York vào năm 2000. Sự nghiệp của anh bắt đầu bằng vai diễn phim truyền hình như Sex and the City vào năm 1999, 2 năm sau anh tham gia bộ phim ngắn đầu tiên của mình là Wet Hot American Summer. Tuy nhiên, nhờ vai diễn Will Tippin trong bộ phim trinh thám Alias (2001-2006), anh nhận được nhiều sự chú ý và đạt vài thành công nho nhỏ với vai diễn phụ trong bộ phim hài Wedding Crasher (2005). Vai diễn trong The Hangover năm 2009 là vai diễn đột phá của anh, bộ phim nhận được nhiều đánh giá tích cực và thành công về mặt thương mại, dẫn đến việc có thêm 2 phần được sản xuất vào năm 2011 và năm 2013.\n\nVai diễn nhà văn nghèo khó trong Limitless (2011) và vai diễn cảnh sát mới vào nghề trong bộ phim trinh thám The Place Beyond the Pines (2012) nhận được nhiều lời khen từ giới phê bình. Anh cũng nhận được nhiều thành công với vai diễn trong bộ phim hài tình cảm Silver Linings Playbook (2012), vai phụ trong bộ phim hài trinh thám American Hustle (2013) và tham gia quá trình sản xuất cũng như đóng vai chính trong phim American Sniper (2014). Vì những sự đóng góp này mà anh được đề cử 4 giải Oscar và là diễn viên nam thứ 10 nhận được đề cử giải Oscar trong 3 năm liên tiếp. Năm 2014, anh đóng vai Joseph Merrick trong nhạc kịch The Elephant Man của Broadway, và nhận được đều cử Diễn viên kịch xuất sắc nhất từ giải Tony. Cũng vào năm 2014, anh tham gia lồng tiếng cho nhân vật Rocket Racoon thuộc Vũ trụ điện ảnh Marvel.\n\nCuộc sống riêng tư của anh cũng là đề tài của giới truyền thông. Anh từng kết hôn với Jennifer Espotio từ năm 2006 tới năm 2007, hiện tại anh đang có mối quan hệ với Irina Shayk (cả hai đã có một con gái) từ năm 2015. Anh cũng ủng hộ nhiều tổ chức giúp đỡ mọi người chống lại căn bệnh ung thư.', '2023-06-29 13:16:17', '2023-06-29 13:16:17'),
(6, 'Chris Pratt', 'https://upload.wikimedia.org/wikipedia/commons/thumb/9/99/Chris_Pratt_2018.jpg/220px-Chris_Pratt_2018.jpg', '1979-06-21', 'Mỹ', 'Christopher Michael Pratt (born June 21, 1979)[1] is an American actor. He rose to prominence for playing Andy Dwyer in the NBC sitcom Parks and Recreation (2009–2015). He also appeared in The WB drama series Everwood (2002–2006) and had supporting roles in the films Wanted (2008), Jennifer\'s Body (2009), Moneyball (2011), Zero Dark Thirty (2012), and Her (2013).\n\nPratt has starred as Star-Lord in the Marvel Cinematic Universe, beginning with Guardians of the Galaxy (2014), and as Owen Grady in the Jurassic World trilogy (2015–2022). He has also voiced the main characters in the animated films The Lego Movie (2014), Onward (2020) and The Super Mario Bros. Movie (2023).\n\nPratt\'s other starring roles were in The Magnificent Seven (2016), Passengers (2016), and The Tomorrow War (2021), and the action thriller television series The Terminal List (2022). In 2015, Time magazine named him one of the 100 most influential people in the world.', '2023-06-29 13:16:17', '2023-06-29 13:16:17'),
(7, 'Karen Gillan', 'https://upload.wikimedia.org/wikipedia/commons/thumb/0/07/Stuttgart_-Comic_Con_Germany_2019-_d90_by-RaBoe_116_%28cropped%29.jpg/220px-Stuttgart_-Comic_Con_Germany_2019-_d90_by-RaBoe_116_%28cropped%29.jpg', '1987-11-28', 'Scotland', 'Karen Gillan (sinh ngày 28 tháng 11 năm 1987)[1] là nữ diễn viên, đạo diễn, người mẫu người Scotland.[2][3][4] Gillan đã được công nhận nhờ đóng phim và truyền hình Anh, đặc biệt là khi đóng vai Amy Pond, bạn đồng hành chính của Bác sĩ thứ mười một trong loạt phim khoa học viễn tưởng Doctor Who (2010–2013), cô đã nhận được một số giải thưởng và đề cử. Các vai diễn đầu tiên của cô bao gồm Ally trong bộ phim kinh dị Outcast (2010) và Jane Lockhart trong bộ phim hài lãng mạn Not Another Happy Ending (2013). Cô chuyển sang Hollywood đóng vai chính Kaylie Russell trong bộ phim kinh dị Oculus (2013), thành công thương mại đầu tiên của cô tại Hoa Kỳ, và sau đó cô đóng vai chính trong bộ phim sitcom Selfie (2014).\n\nGillan sau đó đã trở thành ngôi sao quốc tế khi thể hiện Nebula trong các bộ phim siêu anh hùng của Vũ trụ Điện ảnh Marvel Guardians of the Galaxy (2014), Guardians of the Galaxy Vol. 2 (2017), Avengers: Infinity War (2018) và Avengers: Endgame (2019). Cô dự định sẽ đóng lại vai diễn này trong các bộ phim sắp tới Thor: Love and Thunder (2022) và Guardians of the Galaxy Vol. 3 (2023). Gillan đã duy trì sự nổi bật chính với vai diễn Ruby Roundhouse của cô trong các bộ phim hành động Jumanji: Welcome to the Jungle (2017) và Jumanji: The Next Level (2019), cả hai đều đạt được thành công về mặt thương mại. Trên sân khấu, cô xuất hiện trong vở kịch Inadmissible Evidence (2011) của John Osborne và xuất hiện lần đầu trên sân khấu Broadway trong vở kịch Time to Act (2013). Gillan đã nhận được sự hoan nghênh của giới phê bình vì sự tham gia của cô với vai trò biên kịch, đạo diễn và người đóng vai chính trong bộ phim truyền hình The Party\'s Just Beginning (2018).\n\nCác giải thưởng của Gillan bao gồm Giải thưởng Empire, Giải thưởng National Television, Giải Teen Choices và các đề cử cho Giải thưởng BAFTA Scotland và Giải thưởng Sao Thổ. Ngoài diễn xuất, cô còn được chú ý bởi hình ảnh và hoạt động tích cực trước công chúng, đặc biệt là hướng tới việc ngăn chặn tự tử.', '2023-06-29 13:16:17', '2023-06-29 13:16:17'),
(8, 'Zoe Saldana', 'https://upload.wikimedia.org/wikipedia/commons/thumb/b/bc/Zoe_Saldana_%2828584206821%29_%28cropped_2%29.jpg/220px-Zoe_Saldana_%2828584206821%29_%28cropped_2%29.jpg', '1978-06-19', 'Mỹ', 'Zoe Yadira Saldaña Perego[1] (nhũ danh Saldaña Nazario,[2] 19 tháng 6 năm 1978),[3] là một nữ diễn viên người Mỹ. Sau buổi biểu diễn của cô với nhóm kịch Faces, cô đã tham gia hai tập phim năm 1999 của Law & Order. Sự nghiệp điện ảnh của cô bắt đầu một năm sau đó với vai một vũ công ba lê trong phim Center Stage (2000)\n\nSaldaña bắt đầu làm việc trong các bộ phim khoa học viễn tưởng từ năm 2009 với vai diễn đầu tiên trong nhiều lần xuất hiện với vai Nyota Uhura trong loạt phim Star Trek và lần đầu tiên cô xuất hiện với vai Neytiri trong loạt phim Avatar. Cô đóng vai Gamora trong Vũ trụ Điện ảnh Marvel, bắt đầu với Guardians of the Galaxy (2014). Saldaña đã góp mặt trong ba trong số năm phim có doanh thu cao nhất mọi thời đại (Avatar, Avengers: Infinity War và Avengers: Endgame), một thành tích mà bất kỳ diễn viên nào khác cũng không đạt được. Các bộ phim của cô thu về hơn 11 tỷ đô la trên toàn thế giới, và cô là nữ diễn viên điện ảnh có thu nhập cao thứ hai mọi thời đại tính đến năm 2019.', '2023-06-29 13:16:17', '2023-06-29 13:16:17'),
(9, 'Dave Bautista', 'https://upload.wikimedia.org/wikipedia/commons/thumb/4/40/Dave_Bautista_Photo_Op_GalaxyCon_Minneapolis_2019.jpg/250px-Dave_Bautista_Photo_Op_GalaxyCon_Minneapolis_2019.jpg', '1969-01-18', 'Mỹ', 'David Michael Bautista (sinh ngày 18 tháng 1 năm 1969), anh được biết đến với tên võ đài Batista, là một đô vật chuyên nghiệp đã nghỉ hưu, võ sĩ kiêm diễn viên người Mỹ gốc Philippines – Hy Lạp. Với tư cách đô vật chuyên nghiệp, anh từng thi đấu cho World Wrestling Entertainment (WWE) từ năm 2002 đến năm 2010, trong năm 2014 và từ năm 2018 đến 2019. Ngoài đấu vật chuyên nghiệp, anh còn được biết đến với sự nghiệp diễn xuất, đáng chú ý nhất là nhân vật Drax the Destroyer trong Vũ trụ Điện ảnh Marvel.\n\nBautista bắt đầu sự nghiệp đô vật của mình vào năm 1999, và vào năm 2000, anh ký hợp đồng với World Wrestling Federation lúc bấy giờ (WWF, đổi tên thành WWE vào năm 2002). Từ năm 2002 đến 2010, anh nổi tiếng với biệt danh danh Batista và trở thành nhà vô địch thế giới sáu lần khi vô địch hạng nặng thế giới bốn lần và hai lần vô địch WWE. Triều đại đầu tiên của anh với chức vô địch hạng nặng thế giới là triều đại dài nhất cho danh hiệu đó với 282 ngày. Anh ấy cũng đã ba lần tổ chức chức vô địch World Tag Team (hai lần với Ric Flair và một lần với John Cena) và chức vô địch WWE Tag Teammột lần (với Rey Mysterio). Anh là người chiến thắng trong trận đấu Royal Rumble năm 2005 và tiếp tục giành chức vô địch WrestleMania 21, một trong năm sự kiện trả tiền cho mỗi lần xem có doanh thu cao nhất trong lịch sử đấu vật chuyên nghiệp. Sau khi rời WWE vào năm 2010, anh ấy tái ký hợp đồng vào tháng 12 năm 2013, xuất hiện lần đầu tiên vào tháng 1 năm 2014 và giành chiến thắng trong trận đấu Royal Rumble năm đó. Anh ấy đã đặt tiêu đề WrestleMania XXX trước khi một lần nữa khởi hành vào tháng 6 năm đó. Vào tháng 10 năm 2018, Bautista đã trở lại WWE lần thứ hai và đối mặt với Triple H tại WrestleMania 35 vào tháng 4 năm 2019, trước khi từ giã sự nghiệp đấu vật.\n\nBautista bắt đầu diễn xuất vào năm 2006 và đã đóng vai chính trong The Man with the Iron Fists (2012), Riddick (2013), phim James Bond Spectre (2015), Blade Runner 2049 (2017), Army of the Dead và Dune (cùng năm 2021). Trong Vũ trụ Điện ảnh Marvel, anh đã đóng vai Drax the Destroyer trong các phim Guardians of the Galaxy (2014), Guardians of the Galaxy Vol. 2 (2017), Avengers: Infinity War (2018) và Avengers: Endgame (2019). Anh cũng đã xuất hiện trong một số bộ phim direct-to-video kể từ năm 2009.\n\nVào tháng 8 năm 2012, Bautista ký hợp đồng với Classic Entertainment & Sports để chiến đấu trong các môn võ tổng hợp (MMA). Anh ấy đã giành chiến thắng trong cuộc đấu MMA duy nhất của mình vào ngày 6 tháng 10 năm 2012, đánh bại Vince Lucero bằng loại trực tiếp kỹ thuật ở vòng đầu tiên.', '2023-06-29 13:16:17', '2023-06-29 13:16:17'),
(10, 'Scott Eastwood', 'https://upload.wikimedia.org/wikipedia/commons/thumb/d/d2/Scott_Eastwood_52nd_Annual_Publicists_Awards_-_Feb_2015_%28cropped%29.jpg/200px-Scott_Eastwood_52nd_Annual_Publicists_Awards_-_Feb_2015_%28cropped%29.jpg', '1986-03-21', 'Mỹ', 'Scott Eastwood (tên khai sinh: Scott Clinton Reeves; sinh ngày 21 tháng 3 năm 1986)[2] là một diễn viên, người mẫu Hoa Kỳ.\n        Anh từng tham gia trong các phim điện ảnh như Flags of Our Fathers (2006), Gran Torino (2008), Invictus (2009), The Forger (2012),\n        Trouble with the Curve (2012), Texas Chainsaw (2013), Fury (2014), The Longest Ride (2015), Mercury Plains (2016), Suicide Squad (2016), Snowden (2016),\n        The Fate of the Furious (2017), Pacific Rim Uprising (2018).\n        Scott cũng làm người mẫu cho nhãn hiệu nước hoa Cool Water của Davidoff. Anh là con út của diễn viên Clint Eastwood.', '2023-06-29 13:16:17', '2023-06-29 13:16:17'),
(11, 'Vin Diesel', 'https://upload.wikimedia.org/wikipedia/commons/thumb/7/71/Vin_Diesel_XXX_Return_of_Xander_Cage_premiere.png/250px-Vin_Diesel_XXX_Return_of_Xander_Cage_premiere.png', '1967-07-18', 'United States', 'Vin Diesel (tên khai sinh là Mark Sinclair[1] hay Mark Vincent;[2] sinh ngày 18 tháng 7 năm 1967) , là một diễn viên và nhà sản xuất người Mỹ. Là một trong những nam diễn viên có doanh thu cao nhất thế giới, anh được biết đến với vai Dominic Toretto trong loạt phim Fast & Furious.\n\nDiesel bắt đầu sự nghiệp của mình vào năm 1990 nhưng chật vật để giành được các vai diễn cho đến khi anh viết kịch bản, đạo diễn, sản xuất và đóng vai chính trong bộ phim ngắn Multi-Facial (1995). Điều này thu hút sự chú ý của Steven Spielberg, người đang phát triển Saving Private Ryan (1998), và viết lại các yếu tố của bộ phim để cho phép Diesel xuất hiện trong một vai phụ. Diesel sau đó đã lồng tiếng cho nhân vật chính trong The Iron Giant (1999) trong khi nổi danh như một ngôi sao hành động sau khi gây ấn tượng với loạt phim Fast & Furious, XXX và The Chronicles of Riddick.\n\nDiesel đóng vai Groot trong các bộ phim siêu anh hùng của Vũ trụ Điện ảnh Marvel, xuất hiện trong Guardians of the Galaxy (2014), Guardians of the Galaxy Vol. 2 (2017), Avengers: Infinity War (2018), Avengers: Endgame (2019) và Thor: Love and Thunder (2022) sắp tới. Anh cũng đóng vai Groot trong bộ phim hoạt hình Ralph Breaks the Internet (2018). Diesel cũng đã giành được thành công về mặt thương mại trong các thể loại khác, chẳng hạn như trong bộ phim hài The Pacifier (2005), trong khi màn trình diễn của anh trong Find Me Guilty (2006) được khen ngợi. Diesel miêu tả Bloodshot chuyển thể từ phim siêu anh hùng vào năm 2020, và dự kiến ​​sẽ xuất hiện trong các phim Avatar sắp tới.\n\nAnh thành lập công ty sản xuất One Race Films, nơi anh cũng là nhà sản xuất hoặc điều hành sản xuất cho những chiếc xe ngôi sao của mình. Diesel cũng thành lập hãng thu âm Racetrack Records và nhà phát triển trò chơi điện tử Tigon Studios, cung cấp khả năng ghi lại chuyển động và giọng nói của anh ấy cho tất cả các bản phát hành của Tigon.', '2023-06-29 13:16:17', '2023-06-29 13:16:17'),
(12, 'Michelle Rodriguez', 'https://upload.wikimedia.org/wikipedia/commons/thumb/8/8d/Michelle_Rodriguez_by_Gage_Skidmore_2.jpg/250px-Michelle_Rodriguez_by_Gage_Skidmore_2.jpg', '1978-07-12', 'United Kingdom', 'Mayte Michelle Rodriguez[2] (sinh ngày 12 tháng 7 năm 1978),[3] thường chỉ gọi là Michelle Rodriguez, là một diễn viên, nhà viết kịch bản phim và người chỉnh nhạc.[4] Vai diễn mang tính bước ngoặt trong sự nghiệp của Rodriguez là trong bộ phim độc lập Girlfight (2000). Trong phim, cô đảm nhiệm nhân vật một vận động viên quyền Anh, và phần thể hiện của cô đã nhận được những lời tán dương từ giới phê bình và mang về cho cô một số giải thưởng, trong đó có giải Independent Spirit Award (Giải Tinh thần độc lập)[5] và giải Gotham Award cho Vai diễn khởi đầu xuất sắc nhất.[6] Sau đó, cô lần đầu tiên đến với Hollywood với vai Letty Ortiz trong bom tấn The Fast and the Furious (2001), và tiếp tục đảm nhận vai diễn này trong hai phần tiếp theo là Fast & Furious (2009) và Fast & Furious 6 (2013).\n\nTrong sự nghiệp của mình, cô đã tham gia một số phim hành động khá thành công, với những vai diễn cứng rắn, độc lập như Blue Crush, S.W.A.T., Battle: Los Angeles và bom tấn của đạo diễn James Cameron, Avatar. Cô cũng được biết đến với các vai diễn như Shé trong hai bộ phim hành động hài hước của Robert Rodriguez, Machete và Machete Kills, và vai Rain Ocampo trong loạt phim khoa học viễn tưởng Resident Evil và Resident Evil: Retribution.\n\nRodriguez cũng mở rộng lĩnh vực hoạt động của mình sang truyền hình, với vai diễn Ana Lucia Cortez trong mùa thứ hai của series truyền hình Lost trong vai trò diễn viên chính và sau đó cũng đã xuất hiện vài lần trong vai trò vai diễn khách mời trước khi series này kết thúc. Cô cũng đã tham gia lồng tiếng trong một số trò chơi điện tử như Call of Duty và Halo cũng như lồng tiếng cho phim hoạt hình 3D Turbo và chương trình truyền hình IGPX.[7]\n\nVới tổng doanh thu tất cả các phim cô tham gia là trên 5,2 tỷ USD, Entertainment Weekly cho rằng cô là \"một trong những nữ diễn viên Mỹ Latinh nổi bật nhất Hollywood\".[8]', '2023-06-29 13:16:17', '2023-06-29 13:16:17'),
(13, 'Jason Momoa', 'https://upload.wikimedia.org/wikipedia/commons/thumb/d/d6/Jason_Momoa_by_Gage_Skidmore.jpg/200px-Jason_Momoa_by_Gage_Skidmore.jpg', '1979-08-01', 'United States', 'Joseph Jason Namakaeha Momoa (sinh ngày 1 tháng 8 năm 1979) là nam diễn viên, đạo diễn và nhà sản xuất phim người Mỹ.[1]\n\nJason Momoa nổi tiếng với các vai diễn siêu anh hùng trong vũ trụ DC Mở rộng DC Extended Universe, bắt đầu từ năm 2016 với vai thủy thần Aquaman trong Batman v Superman: Dawn of Justice, Justice League và Aquaman.[2][3][4].\n\nTrước đó, Jason Momoa từng vào vai Ronon Dex trong sê-ri phim viễn tưởng Stargate Atlantis (2004–2009), Khal Drogo trong Game of Thrones (2011–2012) hay Declan Harp trong Frontier (2016–nay).\n\nRoad to Paloma là bộ phim đầu tiên mà Jason Momoa làm giám đốc sản xuất kiêm biên kịch, ông cũng tham gia đóng vai chính trong bộ phim này, được phát hành ngày 11 tháng 7 năm 2014.[5]', '2023-06-29 13:16:17', '2023-06-29 13:16:17'),
(14, 'Charlize Theron', 'https://upload.wikimedia.org/wikipedia/commons/thumb/5/5d/Charlize-theron-IMG_6045.jpg/220px-Charlize-theron-IMG_6045.jpg', '1975-08-07', 'United States', 'Charlize Theron (phát âm theo tiếng Anh kiểu Mỹ: /ʃɑːrˈliːz ˈθɛrən/; phát âm theo tiếng Afrikaans: [ʃɐrˈlis tron];[1] sinh ngày 7 tháng 8 năm 1975) là một nữ diễn viên kiêm nhà làm phim người Mỹ gốc Nam Phi. Là một trong những nữ diễn viên được trả lương cao nhất thế giới, cô là chủ nhân của nhiều giải thưởng khác nhau, bao gồm giải Oscar, giải SAG và giải Quả cầu vàng. Năm 2016, Time đã vinh danh cô là một trong 100 người có ảnh hưởng nhất trên thế giới.\n\nTheron trở nên nổi tiếng quốc tế vào những năm 1990 khi đóng vai phụ nữ hàng đầu trong các bộ phim Hollywood The Devil\'s Advocate (1997), Mighty Joe Young (1998) và The Cider House Rules (1999). Cô được giới phê bình đánh giá cao nhờ vai diễn kẻ giết người hàng loạt Aileen Wuornos trong Monster (2003), nhờ đó cô đã giành được giải Gấu bạc và Giải Oscar cho nữ diễn viên chính xuất sắc nhất, trở thành người Nam Phi đầu tiên giành giải Oscar ở hạng mục diễn xuất. Cô nhận được một đề cử giải Oscar khác cho vai một phụ nữ bị lạm dụng tình dục đi tìm công lý trong bộ phim truyền hình North Country (2005).\n\nTheron kể từ đó đã đóng vai chính trong một số bộ phim hành động thành công về mặt thương mại, bao gồm The Italian Job (2003), Hancock (2008), Snow White and the Huntsman (2012), Prometheus (2012), Mad Max: Fury Road (2015), The Huntsman: Winter\'s War (2016), The Fate of the Furious (2017), Atomic Blonde (2017), The Old Guard (2020) và F9 (2021). Cô cũng nhận được lời khen ngợi khi đóng vai phụ nữ rắc rối trong các bộ phim truyền hình hài Young Adult (2011) và Tully (2018) của Jason Reitman, và cho vai Megyn Kelly trong bộ phim tiểu sử Bombshell (2019), lần cuối cùng nhận được đề cử Giải Oscar thứ ba.\n\nTừ đầu những năm 2000, Theron đã mạo hiểm sản xuất phim với công ty Denver và Delilah Productions của cô. Cô đã sản xuất nhiều bộ phim, trong đó có nhiều bộ phim mà cô đã đóng vai chính, bao gồm The Burning Plain (2008), Dark Places (2015) và Long Shot (2019). Theron trở thành công dân Mỹ vào năm 2007, trong khi vẫn giữ quốc tịch Nam Phi của mình. Cô đã được vinh danh bằng cách khắc trên ngôi sao trên Đại lộ Danh vọng Hollywood.', '2023-06-29 13:16:17', '2023-06-29 13:16:17'),
(15, 'Brie Larson', 'https://upload.wikimedia.org/wikipedia/commons/thumb/4/40/Captain_Marvel_trailer_at_the_National_Air_and_Space_Museum_4_%28cropped%29.jpg/240px-Captain_Marvel_trailer_at_the_National_Air_and_Space_Museum_4_%28cropped%29.jpg', '1989-10-01', 'United States', 'Brianne Sidonie Desaulniers (sinh ngày 1 tháng 10 năm 1989), được biết đến với nghệ danh Brie Larson (phiên âm tiếng Việt: Bri Lác-xơn[1]), là nữ diễn viên và ca sĩ người Mỹ. Brie Larson được giáo dục tại nhà ở Sacramento, bang California trước khi đi học diễn xuất tại nhà hát American Conservatory Theater.\n\nCô bắt đầu sự nghiệp với tư cách diễn viên nhí trong các chương trình hài kịch trên The Tonight Show with Jay Leno. Cô bắt đầu tham gia các vai phụ trong Sleepover và 13 Going on 30 đều trong năm 2004. Năm 2010, Larson góp mặt trong các bộ phim Greenberg và Scott Pilgrim vs. the World. Trên sóng truyền hình Larson vào vai Kate Gregson trong series hài của Diablo Cody mang tên United States of Tara từ 2009 tới 2011. Cô tiếp tục các vai trò diễn viên phụ trong Rampart (2011), 21 Jump Street (2012), Don Jon (2013) và The Spectacular Now (2013) trước khi đột phá với vai chính trong Short Term 12 (2013).\n\nVào năm 2015, cô là đồng vai chính trong Trainwreck và là nhân vật chính trong Room, bộ phim mang về cho Larson nhiều giải thưởng trong đó có Giải Oscar, Giải BAFTA và Giải Quả cầu vàng.', '2023-06-29 13:16:17', '2023-06-29 13:16:17'),
(16, 'Jason Statham', 'https://upload.wikimedia.org/wikipedia/commons/thumb/d/d3/Jason_Statham_2018.jpg/250px-Jason_Statham_2018.jpg', '1967-07-26', 'United Kingdom', 'Jason Statham (sinh ngày 26 tháng 7, năm 1967 tại Shirebrook, Derbyshire, Anh Quốc) là một nam diễn viên điện ảnh và vận động viên nhảy cầu người Anh, được biết đến qua những vai diễn trong những bộ phim tội phạm Lock, Stock and Two Smoking Barrels, Revolver, Snatch,... Statham cũng đóng vai phụ trong vài bộ phim của Mỹ như The Italian Job, cũng như vai chính trong các phim The Transporter, Crank, The Bank Job, War và Death Race.', '2023-06-29 13:16:17', '2023-06-29 13:16:17'),
(17, 'Hoàng Mèo', 'https://35express.org/wp-content/uploads/2022/01/hoang-meo-la-ai-1-35express.jpg', '1982-01-01', 'Viet Nam', 'Hoàng Mèo sinh năm 1982, ghi dấu ấn trong các tác phẩm như Lật mặt: Nhà có khách, Bố già, Chị Mười Ba... Đại Ngọc Trâm xuất thân là diễn viên kịch, sau đó lấn sân phim ảnh. Chị từng đóng các phim như Vợ tui tui sợ, Cặp đôi nội chiến...\n\nHoàng Mèo và Đại Ngọc Trâm gắn bó khi cùng hoạt động ở sân khấu Nụ cười mới. Họ yêu nhau 6 năm trước khi đi đến hôn nhân vào năm 2010. Họ có 2 con chung tên thân mật là Mì Gói và Bún Gạo.', '2023-06-29 13:16:17', '2023-06-29 13:16:17'),
(18, 'Trần Kim Hải', 'https://assets.htv.com.vn/Images/DanQuynh/2023/kkcd/quy2/kimhai.jpg', '1982-01-01', 'Viet Nam', 'Với vẻ ngoài gai góc và đậm chất điện ảnh, Trần Kim Hải là gương mặt mới được đạo diễn Lý Hải tin tưởng giao vai Toàn trong dự án Lật mặt 6 - Tấm vé định mệnh. Với Kim Hải, bộ phim là một bước ngoặt lớn trên hành trình theo đuổi đam mê, mang anh đến gần hơn với công chúng, sau nhiều năm miệt mài làm nghệ thuật. Dự án dài hơi và đầy tâm huyết của một tập thể lớn, đặc biệt dưới thương hiệu đầy uy tín mang tên Lật mặt đã cho anh một cơ hội lớn để thực sự sống với điện ảnh.', '2023-06-29 13:16:17', '2023-06-29 13:16:17'),
(19, 'Thanh Thức', 'https://upload.wikimedia.org/wikipedia/commons/thumb/2/2c/ThanhThuc1984.jpg/200px-ThanhThuc1984.jpg', '1984-04-10', 'Viet Nam', 'Thanh Thức tên đầy đủ là Phạm Thanh Thức, sinh ra tại Trà Vinh, Việt Nam, là một diễn viên, người mẫu nổi tiếng của làng giải trí Việt Nam. Sở hữu gương mặt lạnh, nam tính, lịch lãm, và chiều cao lý tưởng 1m81, Thanh Thức là gương mặt người mẫu xuất hiện trong nhiều sự kiện thời trang lớn nhỏ trong nước. Anh còn được biết đến qua nhiều vai diễn phim truyền hình.[1]\n\nNăm 2006, Thanh Thức giành giải Ba cuộc thi Thời trang Xuân do Nhà văn hóa Thanh Niên tổ chức.[2] Cũng từ đây, anh chính thức bước chân vào sự nghiệp người mẫu chuyên nghiệp. Ngoài ra, anh còn thường xuyên xuất hiện trong chương trình Thời trang và cuộc sống của HTV7, và nhiều chương trình thời trang như: Phong cách đam mê, Duyên dáng Việt Nam, Thời trang và cuộc sống, Hoa hậu Thế giới người Việt...\n\nNăm 2008, Thanh Thức tham gia bộ phim điện ảnh \"Khi yêu đừng quay đầu lại\", là một bộ phim được đánh giá tốt của đạo diễn Võ Nghiêm Minh.[3][4] Sau đó, anh bắt đầu dần dần rời xa sàn catwalk và bước chân vào lĩnh vực điện ảnh, truyền hình qua các phim: Anh chàng đã đi ngược thời gian, Đối mặt, Blog và người đẹp, Siêu mẫu Xì trum... Hiện tại, anh là một người mẫu được nhiều nhãn hàng thời trang cao cấp và nhiều thương hiệu khác mời làm người mẫu quảng cáo.\n\nCũng giống như nhiều diễn viên khác, Thanh Thức cũng găp nhiều khó khăn và áp lực khi mới bước chân vào nghề diễn xuất. Nhưng vì sự ham học hỏi, yêu nghề, nên anh đã nhanh chóng nâng cao khả năng diễn xuất của mình.\n\nLà một người kín tiếng trong chuyện đời tư, vậy nên ít ai biết rằng Thanh Thức đã kết hôn. Nam diễn viên cũng từ chôi chia sẻ về mái ấm của mình vì anh nghĩ rằng chưa đến lúc công bố với khán giả. Anh muốn vợ và con mình có được cuộc sống yên bình, không bị dư luận soi mói.[5][6]', '2023-06-29 13:16:17', '2023-06-29 13:16:17'),
(20, 'Huy Khánh', 'https://upload.wikimedia.org/wikipedia/commons/thumb/6/63/Dien-vien-huy-khanh.jpg/200px-Dien-vien-huy-khanh.jpg', '1981-01-07', 'Viet Nam', 'Anh sinh năm 1981 tại Thành phố Hồ Chí Minh, có cha là người Việt còn mẹ là người Pháp. Anh tốt nghiệp trường Đại học Sân khấu – Điện ảnh Thành phố Hồ Chí Minh.[2] Huy Khánh được khán giả biết đến rộng rãi lần đầu tiên qua bộ phim Dốc tình năm 2004 của đạo diễn Lưu Trọng Ninh qua vai Thái.[2] Năm 2009, anh tham gia phim Chuyện tình xa xứ của đạo diễn Việt kiều Victor Vũ. Năm 2011, anh tiếp tục hợp tác với Victor Vũ khi đóng trong phim Cô dâu đại chiến.\n\nNăm 2012, anh là người dẫn chương trình cho mùa thứ tư của cuộc thi âm nhạc Vietnam Idol.\n\nNăm 2018, Huy Khánh tham gia phim truyền hình Nhà ông Hoàng có ma. Vai diễn Bùi Hoàng trong phim mang về cho anh một giải Ngôi Sao Xanh ở hạng mục Nam diễn viên xuất sắc nhất.', '2023-06-29 13:16:17', '2023-06-29 13:16:17'),
(21, 'Trương Quốc Cường', 'https://images2.thanhnien.vn/thumb_w/640/528068263637045248/2023/3/25/edit-quoc-cuongg-167976189473145731174.png', '1969-09-30', 'Viet Nam', 'Trương Quốc Cường xuất thân trong gia đình có 7 anh chị em, ông đứng thứ 5. Ông tốt nghiệp trường Islamic Kasim Tuet Memorial College. Năm 15 tuổi, ông thi vào Hội thể thao Du Viên, triển khai sự nghiệp đá bóng. Năm 1975, ông làm thành viên đội đại diện bóng đá Hong Kong đến Kuwait tham dự tranh giải U19 của Hiệp hội bóng đá Á Châu. Từ đó, ông được lên đội dự bị tại Du Viên, sau đó lại thăng lên tổ A. Về sau ông từng đá cho đội Đông Phương và Hải Phong, nhưng ít có cơ hội ra sân, trong thời gian đó, ông đã làm quen với Đàm Vịnh Lân và Trần Bách Tường do 2 người thuộc đội dự bị của CLB bóng đá không chuyên. Năm 1976, do TVB tuyển cầu thủ tham gia phim ngắn Vô hoa quả, ông đi thử vai do ham vui, kết quả lại được chọn. Vì cơ duyên đó mà ông đã gia nhập làng giải trí.', '2023-06-29 13:16:17', '2023-06-29 13:16:17'),
(22, 'Trung Dũng', 'https://upload.wikimedia.org/wikipedia/commons/thumb/e/eb/Trung_Dung1973.jpg/200px-Trung_Dung1973.jpg', '1973-01-01', 'Viet Nam', 'Phạm Trung Dũng (sinh năm 1973) nổi tiếng với nghệ danh Trung Dũng, là một nam diễn viên và MC người Việt Nam. Năm 2015, anh đoạt giải thưởng \"Nam diễn viên chính xuất sắc\" tại Lễ trao giải Cánh diều với vai diễn Trung trong Lạc giới.[1]', '2023-06-29 13:16:17', '2023-06-29 13:16:17'),
(23, 'Tiến Luật', 'https://khafa.org.vn/wp-content/uploads/2021/12/202005120252528015-e68fd400-a0c8-4b5b-a065-df5c2657a42b.png', '1982-01-01', 'Viet Nam', 'Diễn viên hài Tiến Luật sinh năm 1982, tính đến nay anh đã 39 tuổi. Tiến Luật hiện nay anh đang sinh sống và làm việc tại TP. Hồ Chí Minh, nước Việt Nam. Tiến Luật chắc hẳn không còn là cái tên xa lạ đối với khán giả qua các bộ phim, cũng như các tiểu phẩm hài. Tiến Luật hiện tại anh đang công tác ở Sân khấu Thế giới trẻ TP HCM. Anh đã được khán giả yêu mến bởi một lối diễn xuất chân thật, và hóm hỉnh. Tiến Luật cũng chính là diễn viên đầy tài năng, đầy nhiệt huyết, và luôn hết lòng đối với sự nghiệp diễn xuất.', '2023-06-29 13:16:17', '2023-06-29 13:16:17'),
(24, 'Thu Trang', 'https://upload.wikimedia.org/wikipedia/commons/thumb/1/1d/THU_TRANG_2020.jpg/250px-THU_TRANG_2020.jpg', '1984-09-23', 'Viet Nam', 'Thu Trang sinh ngày 23 tháng 9 năm 1984 tại Quận 6, Thành phố Hồ Chí Minh trong một gia đình tiểu thương khá giả. Năm 18 tuổi, vừa tốt nghiệp cấp 3, gia đình cô gặp khó khăn về kinh tế.\n\nTừ năm 2002, khi đang học năm nhất trường Cao đẳng Sân khấu – Điện ảnh Thành phố Hồ Chí Minh (nay là trường Đại học Sân khấu – Điện ảnh Thành phố Hồ Chí Minh), Thu Trang đã bắt đầu đi diễn hài cùng các nghệ sĩ đàn anh để kiếm thêm thu nhập hỗ trợ cho gia đình. Sau một thời gian, cô nhận được nhiều lời mời đi đóng phim nên cuộc sống dần ổn định.[3]\n\nThu Trang kết hôn với nam diễn viên Tiến Luật vào năm 2011. Cả hai đã cùng nhau đóng nhiều bộ phim, tham gia nhiều gameshow truyền hình thực tế.[4]\n\nTháng 12 năm 2014, Thu Trang tham dự chương trình hài kịch Ơn giời cậu đây rồi.[5]\n\nNăm 2016, cô cùng chồng là diễn viên Tiến Luật làm giám khảo trong cuộc thi Đấu trường tiếu lâm.[6]\n\nNăm 2020, Thu Trang tham dự bộ phim Tiệc trăng máu và Chị Mười Ba - 3 ngày sinh tử (phần tiếp theo của bộ phim điện ảnh chuyển thể từ phim chiếu mạng trước đó Chị Mười Ba - Phần kết Thập Tam Muội).[7][8][9]\n\nNăm 2021, cô tiếp tục tham gia dự án điện ảnh Chìa khóa trăm tỷ cùng nam diễn viên Kiều Minh Tuấn cùng video âm nhạc 72 phép thần thông của ca sĩ Ngô Kiến Huy', '2023-06-29 13:16:17', '2023-06-29 13:16:17'),
(25, 'Thái Hòa', 'https://upload.wikimedia.org/wikipedia/commons/thumb/c/c4/THAI_HOA.jpg/250px-THAI_HOA.jpg', '1974-08-10', 'Viet Nam', 'Thái Hòa sinh ngày 10 tháng 8 năm 1974 tại Sài Gòn. Sau này lớn lên, do có lòng đam mê nghệ thuật nên anh quyết định làm diễn viên hài lẫn diễn viên kịch, cách diễn xuất của Thái Hòa khiến không ít khán giả yêu quý. Không những thế, anh còn đảm nhận luôn vai trò biên kịch sân khấu và đạo diễn sân khấu, hai tác phẩm ăn khách nhất của anh là Người vợ ma và Quả tim máu\n\nThái Hòa còn lấn sân sang lĩnh vực điện ảnh, bộ phim đầu tiên anh tham gia là phim Những đứa con thành phố, sau này anh gây nhiều ấn tượng với những bộ phim hài của đạo diễn Việt kiều Charlie Nguyễn như là Để Mai tính, Long Ruồi, Cưới ngay kẻo lỡ, Tèo em và Để Mai tính 2. gần đây nhất là phim \" cây táo nở hoa\".\n\nHiện tại, Thái Hòa đang sống với người vợ mới tên Hồng Thu.', '2023-06-29 13:16:17', '2023-06-29 13:16:17'),
(26, 'Kiều Minh Tuấn', 'https://upload.wikimedia.org/wikipedia/commons/thumb/d/dd/KIEU_MINH_TUAN.jpg/250px-KIEU_MINH_TUAN.jpg', '1988-02-26', 'Viet Nam', 'Kiều Minh Tuấn (sinh ngày 26 tháng 2 năm 1988) là một nam diễn viên người Việt Nam.[1][2] Anh được biết đến và nổi tiếng qua các tác phẩm điện ảnh như: Bụi đời Chợ Lớn (2013), Scandal: Hào quang trở lại (2014), Em chưa 18 (2017), Lật mặt: Ba chàng khuyết (2018), Hạnh phúc của mẹ (2019) Anh Trai Yêu Quái (2019) Nắng 3: Lời hứa của cha (2020), Chị Mười Ba: Ba Ngày Sinh Tử (2020), Tiệc trăng máu (2020), Chìa khóa trăm tỷ (2022).', '2023-06-29 13:16:17', '2023-06-29 13:16:17'),
(27, 'Trấn Thành', 'https://image-us.24h.com.vn/upload/4-2022/images/2022-12-11/scsacsacsac-1670760945-945-width660height628.jpg', '1987-02-05', 'Viet Nam', 'Trấn Thành sinh ra và lớn lên tại Thành phố Hồ Chí Minh, có cha là người gốc Hoa đến từ Quảng Đông và mẹ là người Tiền Giang. Ngoài tiếng Việt, anh còn có thể nói tiếng Anh, tiếng Quảng Đông và Quan thoại.[1] Trấn Thành từng theo học khoa diễn viên Đại học Sân khấu - Điện ảnh.', '2023-06-29 13:16:17', '2023-06-29 13:16:17'),
(28, 'Yasamin Jasem', 'https://cdns.klimg.com/merdeka.com/i/w/news/2020/10/13/1230867/content_images/670x335/20201013145852-1-yasamin-003-miftahul-arifin.jpg', '2004-02-21', 'Indonesia', 'Updating', '2023-06-29 13:16:17', '2023-06-29 13:16:17'),
(29, 'Tika Bravani', 'https://upload.wikimedia.org/wikipedia/commons/thumb/6/6a/Tika_Bravani_on_Kartini_1.jpg/220px-Tika_Bravani_on_Kartini_1.jpg', '1990-02-17', 'Indonesia', 'Ratu Tika Bravani was born in Denpasar, Bali from Bantenese father named Tubagus Zubir Ramadhan and Minangkabau mother named Kemalia Dewi.[1] The Ratu first name is the Bantenese noble title which is pinned to the female descendants of the first sultan of Banten, Maulana Hasanuddin patrilineally derived from the father who has a first name Tubagus as noble title.[2]\nSince sixteen years old, Bravani had parted ways with her father because her parents divorced and she chose to live with her mother, Kemalia Dewi.[3] On July 30, 2014, Bravani\'s mother died at the fourth day of Eid al-Fitr. Dewi has been sick for a year, and was treated for nine months in hospital for cervical cancer.[4] For Bravani, her mother was a great and tough person, and she never complained even if she had problems.[5] Before she died, Dewi told Bravani to get married soon.', '2023-06-29 13:16:17', '2023-06-29 13:16:17'),
(30, 'Mizuta Wasabi', 'https://encrypted-tbn0.gstatic.com/images?q=tbn:ANd9GcSYa06nFydDQ-owVW2eph8oQ66rInym5u--p0YtOhoo&s', '1974-08-04', 'Japan', 'Mizuta Wasabi, sinh 4 tháng 8 năm 1974 tại Aoyama, Mie, là một nữ seiyū. Hiện tại, cô sống ở Iga, Mie và làm việc cho ban quản lý seiyū Ken Production của Utsumi Kenji. Vào tháng 4 năm 2005, cô tham gia lồng tiếng nhân vật Doraemon trong loạt phim hoạt hình dài cùng tên.', '2023-06-29 13:16:17', '2023-06-29 13:16:17'),
(31, 'Megumi Oohara', 'https://resizing.flixster.com/OEIX6AxtTma5vHOS3c8b_X_AjHg=/218x280/v2/https://flxt.tmsimg.com/assets/1091062_v9_aa.jpg', '1975-04-16', 'Japan', 'Ohara Megumi, sinh ngày 16 tháng 4 năm 1975 tại Tokyo, Nhật Bản, là một nữ seiyū. Cô có sở thích là nấu ăn và nghe nhạc. Vào tháng 4 năm 2005, cô tham gia lồng tiếng nhân vật Nobita trong loạt phim hoạt hình dài cùng tên.', '2023-06-29 13:16:17', '2023-06-29 13:16:17'),
(32, 'Sophie Thompson', 'https://encrypted-tbn0.gstatic.com/images?q=tbn:ANd9GcSIf9zen6jfc_xKlrgOPfIuDw62NxOB-g-szgbwavhF3JoHMOZr', '1962-01-20', 'United Kingdom', 'Được dịch từ tiếng Anh-Sophie Thompson là một nữ diễn viên người Anh đã từng làm việc trong lĩnh vực điện ảnh, truyền hình và sân khấu. Từng sáu lần được đề cử Giải thưởng Olivier, cô đã giành được Giải thưởng Olivier năm 1999 cho Nữ diễn viên chính xuất sắc nhất trong một vở nhạc kịch cho sự hồi sinh của Into the Woods ở London.', '2023-06-29 13:16:17', '2023-06-29 13:16:17'),
(33, 'Taliyah Blair', 'https://encrypted-tbn0.gstatic.com/images?q=tbn:ANd9GcRwvE7QRTkXd45V0GXOLbBcL-IExdQmU6Gbqag4g86m&s', '1962-01-20', 'United Kingdom', 'Taliyah Blair is a British actress, who has become known for her acting in Aladdin (2019), The War of the Worlds (2019), and The Creeping (2021). She began her professional acting career back in 2019. Taliyah also owns a self-titled YouTube channel. Born on , , Taliyah Blair hails from London, United Kingdom. As in 2023, Taliyah Blair\'s age is N/A. Check below for more deets about Taliyah Blair. This page will put a light upon the Taliyah Blair bio, wiki, age, birthday, family details, affairs, controversies, caste, height, weight, rumors, lesser-known facts, and more.', '2023-06-29 13:16:17', '2023-06-29 13:16:17'),
(34, 'Riann Steele', 'https://m.media-amazon.com/images/M/MV5BNDk3MWQ2ODAtYTk3OS00YzgwLWJhMzYtNzZkM2YzYTY2YzBjXkEyXkFqcGdeQXVyMjQwMDg0Ng@@._V1_.jpg', '1987-05-23', 'United Kingdom', 'Riann Steele là một nữ diễn viên người Anh gốc Mỹ. Cô bắt đầu sự nghiệp của mình trong nhà hát. Các bộ phim của cô bao gồm Treacle Jr., Sket và The Creeping. Trên truyền hình, cô đóng vai chính trong bộ phim hài E4 Crazyhead và loạt phim NBC Debris.', '2023-06-29 13:16:17', '2023-06-29 13:16:17'),
(35, 'Jonah Hauer-King', 'https://encrypted-tbn0.gstatic.com/images?q=tbn:ANd9GcSyncc1okwDauj-Wguyt34QBv4WqNDkA_GVpQ6TvriW&s', '1995-05-30', 'United Kingdom', 'Jonah Hauer-King (sinh ngày 30 tháng 5 năm 1995) là một nam diễn viên người Anh.[1] Anh đã thủ vai Laurie trong phiên bản 2017 của BBC Little Women,[2][3] và đóng vai Andrius Aras trong phim Ashes in the Snow (2018), Bel Powley, David trong Postcards from London (2018), và Lucas trong phim A Dog\'s Way Home (2019).[4] Ngoài ra, anh còn tham gia diễn xuất trong các phim The Song of Names và Once Upon a Time in Staten Island.', '2023-06-29 13:16:17', '2023-06-29 13:16:17'),
(36, 'Halle Bailey', 'https://media-cdn-v2.laodong.vn/storage/newsportal/2022/9/20/1095362/Halle-Bailey.jpg', '2000-03-27', 'United States', 'Halle Lynn Bailey là một nữ ca sĩ, nhạc sĩ và diễn viên người Mỹ. Cô được biết đến với tư cách là thành viên của bộ đôi Chloe x Halle cùng với chị gái của mình là Chloe Bailey, họ được đề cử cho 5 giải Grammy kể từ năm 2018.', '2023-06-29 13:16:17', '2023-06-29 13:16:17'),
(37, 'Shameik Moore', 'https://encrypted-tbn0.gstatic.com/images?q=tbn:ANd9GcQvyMCWiXBhBnqFlVzBAgNfhCFNFGPFHeYuBAxbpe_9LA74E5Cz', '1995-05-04', 'Atlanta, Georgia, Hoa Kỳ', 'Shameik Alti Moore là một nam diễn viên, ca sĩ, vũ công và rapper người Mỹ. Anh được biết đến với vai trò lồng tiếng cho nhân vật Miles Morales / Spider-Man trong phim điện ảnh Người Nhện: Vũ trụ mới cùng các phần tiếp theo của tác phẩm.', '2023-06-29 13:16:17', '2023-06-29 13:16:17'),
(38, 'Phuwin Tangsakyuen', 'https://encrypted-tbn0.gstatic.com/images?q=tbn:ANd9GcTGOnZ6CklHnjZWphAGuvpBzW_Ytv481AxfXbOtXYJV&usqp=CAE&s', '2003-07-05', 'Thái Lan', 'Phuwin Tangsakyuen là một diễn viên người Thái Lan. Anh bắt đầu được biết đến qua vai chính Pattawee trong phim Fish Upon the Sky năm 2021, một bộ phim truyền hình được sản xuất bởi GMMTV. Năm 2022 - 2023 anh kết hợp cùng Naravit Lertratkosum cho ra mắt bộ phim Never Let Me Go.', '2023-06-29 13:16:17', '2023-06-29 13:16:17'),
(39, 'Up Poompat Iam-samang', 'https://upload.wikimedia.org/wikipedia/commons/c/c4/Up_Poompat.jpg', '1994-04-12', 'Thái Lan', 'Poompat Iam-samang, còn gọi là Up Poompat, là diễn viên, người mẫu Thái. Anh còn được biết đến với vai Gene itrong Lovely Writer The Series.', '2023-06-29 13:16:17', '2023-06-29 13:16:17'),
(40, 'Nick Kunatip Pinpradab', 'https://encrypted-tbn0.gstatic.com/images?q=tbn:ANd9GcR5gEVegHRNhZX3c_GmLnu8Wfevdobui6gWSBcGGn4&usqp=CAE&s', '1994-04-22', 'Thái Lan', NULL, '2023-06-29 13:16:17', '2023-06-29 13:16:17'),
(41, 'Rose Byrne', 'cast/qui7olgen3yl5yvorzbw', '1973-07-24', 'Úc', 'Mary Rose Byrne (sinh ngày 24 tháng 7 năm 1979) là nữ diễn viên người Úc. Cô ra mắt lần đầu tiên với một vai nhỏ trong phim Dallas Doll (1994).[1] Năm 2000, cô thủ vai chính trong phim Úc The Goddess of 1967 - bộ phim đã mang về cho cô Giải Nữ diễn viên xuất sắc nhất tại Liên hoan phim Venice.[2] Năm 2011, cô diễn xuất trong nhiều phim thành công về thương mại như Insidious, X-Men: First Class và Bridesmaids.', '2023-07-13 11:02:53', '2023-07-13 11:02:53'),
(42, 'Ty Simpkins', 'cast/zjko9jljp1pj1sn24wsi', '2001-08-06', 'Úc', 'Ty Keegan Simpkins (born August 6, 2001) is an American actor. His notable film credits include Insidious (2011), its sequel Insidious: Chapter 2 (2013), Jurassic World (2015), and Insidious: The Red Door (2023). He is also known for his appearances in the Marvel Cinematic Universe as Harley Keener in Iron Man 3 (2013) and Avengers: Endgame (2019), as well as the independent film The Whale (2022).', '2023-07-13 11:04:57', '2023-07-13 11:04:57'),
(43, 'Patrick Wilson', 'cast/qhiopbflpk3qdczais6d', '1973-07-03', 'Úc', 'Sở hữu chiều cao 1m83 và gương mặt nam tính, Patrick Wilson là gương mặt quen thuộc với các fan dòng phim kinh dị nói chung và fan vũ trụ The Conjuring nói riêng.', '2023-07-13 11:08:01', '2023-07-13 11:08:01'),
(44, 'Tom Cruise', 'cast/ahkccmfimbmcd0npmbbm', '1962-03-07', 'United States', 'Chỉ cao vỏn vẹn 1m7, thế nhưng gương mặt điển trai đã giúp Tom Cruise trở thành hoàng tử thay vì chú lùn màn ảnh. Cuộc đời của nam tài tử là câu chuyện cổ tích có thật, thừa may mắn nhưng cũng không thiếu những nỗ lực của bản thân.', '2023-07-13 11:40:45', '2023-07-13 11:40:45'),
(45, 'Vanessa Kirby', 'cast/yufeizngqfctxenzk8il', '1988-04-18', 'London', 'Vanessa Nuala Kirby (sinh ngày 18 tháng 4 năm 1988)[1] là nữ người mẫu và diễn viên người Anh. Cô từng thủ vai Joanna trong phim điện ảnh hài lãng mạn About Time năm 2013.\r\n\r\nTừ năm 2016 đến 2017, Kirby vào vai Công chúa Margaret trong sê-ri The Crown (đạo diễn Peter Morgan, đài Netflix), vai diễn mang về cho cô giải BAFTA cho Nữ diễn viên phụ xuất sắc nhất trong phim truyền hình.[2] Sau này, Kirby được biết tới rộng rãi hơn qua các vai White Widow trong Mission: Impossible – Fallout (2018) và Hattie Shaw trong Hobbs & Shaw (2019).', '2023-07-13 11:44:44', '2023-07-13 11:44:44'),
(46, 'Rebecca Ferguson', 'cast/tzxg08rxng5bmekljpnn', '1983-10-19', 'Thụy Điển', 'Rebecca Louisa Ferguson Sundström[1] (sinh ngày 19 tháng 10 năm 1983), được biết đến với nghệ danh Rebecca Ferguson, là một nữ diễn viên Thụy Điển.[2] Cô nổi tiếng với vai chính, hoàng hậu Elizabeth Woodville trong The White Queen (2013), đã nhận được đề cử Giải Quả cầu vàng cho Nữ diễn viên chính xuất sắc nhất – Miniseries và phim truyền hình, và vai diễn chính của cô là Ilsa Faust trong Nhiệm vụ bất khả thi: Quốc gia bí ẩn (2015) và vai diễn tiến sĩ Miranda North trong Mầm sống hiểm họa (2017). Ferguson trở lại với vai diễn Ilsa Faust trong Nhiệm vụ bất khả thi: Sụp đổ (2018).', '2023-07-13 11:46:31', '2023-07-13 11:46:31'),
(47, 'Penpak Sirikul', 'cast/sr0mfp5ohrwsxmzbuuwv', '1961-01-31', 'Thailand', 'Born in Chiang Mai,[5] her real name is Wanphen Khuenkaeo. After winning a beauty contest when she was 19, Penpak became a swimsuit model.\r\n\r\nPenpak\'s first film in 1980 was Dok Sanoh Ban Chao (The sanoh flower blooms in the morning), a drama directed by Jazz Siam. That same year she starred opposite Sorapong Chatree in Fai Narok Khum Lokan (Hell fire).[2] She had a son, age 30 in February 2012.[6]', '2023-07-13 11:49:14', '2023-07-13 11:49:14'),
(48, 'Sukollawat Kanarot', 'cast/kltt1lvdx1jtrqwhmacj', '1985-04-18', 'Thailand', 'Sukollawat Kanarot (tiếng Thái: ศุกลวัฒน์ คณารศ, phiên âm: Xu-con-la-vát Kha-na-rốt, sinh ngày 18 tháng 4 năm 1985) còn có biệt danh là Weir (tiếng Thái: เวียร์, phiên âm: Via) là một diễn viên, người mẫu và ca sĩ người Thái Lan. Anh là diễn viên độc quyền của đài Channel 7 (CH7) Thái Lan. Anh được biết đến nhiều nhất qua các bộ phim như Thủ đoạn mưu mô (2012), Âm mưu đen tối (2013), Cạm bẫy hào quang (2014), Theo đuổi tình yêu đến tận cùng thế giới (2014), Bão tố cuộc đời (2016), Cặp đôi cay như ớt (2017), Sự thỏa hiệp của con tim (2018) cùng với phim điện ảnh Malila: The Farewell Flower - một trong những bộ phim được đề cử Giải Oscar 2019.[1][2]', '2023-07-13 11:53:14', '2023-07-13 11:53:14'),
(49, 'Nittha Jirayungyurn', 'cast/wpdp2y5i1lidoufwgzsx', '1990-09-21', 'Thailand', 'Nittha Jirayungyurn (tiếng Thái: นิษฐา จิรยั่งยืน, phiên âm: Nít-tha Chi-ra-dang-dơn, sinh ngày 21 tháng 09 năm 1990) còn có biệt danh là Mew (tiếng Thái: มิว) là một diễn viên người Thái Lan[2], cô hiện là diễn viên độc quyền của đài Channel 3 (CH3). Cô được biết đến qua nhiều vai diễn như Series Quý ông nhà Jutathep (2013), Lửa tình nổi giận (2014), Theo dấu yêu thương (2015), Chuyện tình bậc đế vương (2017), Sức mạnh nguyện ước (2018), bộ phim điện ảnh 24 giờ yêu (2016), bộ phim gây tiếng vang cho Thái Lan và Việt Nam, Yêu thầm anh xã ( 2020 ).', '2023-07-13 11:54:27', '2023-07-13 11:54:27'),
(50, 'Kevin Dorman', 'cast/blqusvsospbqvmwm4g2g', '1970-01-01', 'Mỹ', NULL, '2023-07-13 12:01:42', '2023-07-13 12:01:42'),
(51, 'Erin Cahill', 'cast/sresrlciymi4vjhrsmxs', '1980-01-04', 'Mỹ', 'Erin Jessica Cahill (born January 4, 1980)[1][2] is an American actress. She is best known for her roles as Jen Scotts in Power Rangers Time Force,[3] Ted Mosby\'s sister Heather in How I Met Your Mother, and Kendra Burke in Saving Grace. She had a recurring role as Felicity in the ABC series Red Widow. She is also noted to be the first lead female character for the Call of Duty franchise, as Chloe \'Karma\' Lynch in Call of Duty: Black Ops II and Rebecca Chambers in Resident Evil: Vendetta. Since 2016, Cahill has worked primarily in television movies for Lifetime and Hallmark.', '2023-07-13 12:12:17', '2023-07-13 12:12:17');

-- --------------------------------------------------------

--
-- Table structure for table `casts_movies`
--

DROP TABLE IF EXISTS `casts_movies`;
CREATE TABLE IF NOT EXISTS `casts_movies` (
  `movie_id` bigint UNSIGNED NOT NULL,
  `cast_id` bigint UNSIGNED NOT NULL,
  `created_at` timestamp NULL DEFAULT NULL,
  `updated_at` timestamp NULL DEFAULT NULL,
  KEY `casts_movies_movie_id_foreign` (`movie_id`),
  KEY `casts_movies_cast_id_foreign` (`cast_id`)
) ENGINE=InnoDB DEFAULT CHARSET=utf8mb4 COLLATE=utf8mb4_unicode_ci;

--
-- Dumping data for table `casts_movies`
--

INSERT INTO `casts_movies` (`movie_id`, `cast_id`, `created_at`, `updated_at`) VALUES
(1, 1, '2023-06-29 13:16:17', '2023-06-29 13:16:17'),
(1, 10, '2023-06-29 13:16:17', '2023-06-29 13:16:17'),
(1, 11, '2023-06-29 13:16:17', '2023-06-29 13:16:17'),
(1, 13, '2023-06-29 13:16:17', '2023-06-29 13:16:17'),
(1, 15, '2023-06-29 13:16:17', '2023-06-29 13:16:17'),
(1, 16, '2023-06-29 13:16:17', '2023-06-29 13:16:17'),
(3, 23, '2023-06-29 13:16:17', '2023-06-29 13:16:17'),
(3, 24, '2023-06-29 13:16:17', '2023-06-29 13:16:17'),
(3, 25, '2023-06-29 13:16:17', '2023-06-29 13:16:17'),
(4, 5, '2023-06-29 13:16:17', '2023-06-29 13:16:17'),
(4, 11, '2023-06-29 13:16:17', '2023-06-29 13:16:17'),
(4, 6, '2023-06-29 13:16:17', '2023-06-29 13:16:17'),
(4, 7, '2023-06-29 13:16:17', '2023-06-29 13:16:17'),
(4, 8, '2023-06-29 13:16:17', '2023-06-29 13:16:17'),
(4, 9, '2023-06-29 13:16:17', '2023-06-29 13:16:17'),
(5, 28, '2023-06-29 13:16:17', '2023-06-29 13:16:17'),
(5, 29, '2023-06-29 13:16:17', '2023-06-29 13:16:17'),
(6, 30, '2023-06-29 13:16:17', '2023-06-29 13:16:17'),
(6, 31, '2023-06-29 13:16:17', '2023-06-29 13:16:17'),
(7, 32, '2023-06-29 13:16:17', '2023-06-29 13:16:17'),
(7, 33, '2023-06-29 13:16:17', '2023-06-29 13:16:17'),
(7, 34, '2023-06-29 13:16:17', '2023-06-29 13:16:17'),
(8, 35, '2023-06-29 13:16:17', '2023-06-29 13:16:17'),
(8, 36, '2023-06-29 13:16:17', '2023-06-29 13:16:17'),
(9, 37, NULL, NULL),
(10, 38, NULL, NULL),
(10, 39, NULL, NULL),
(10, 40, NULL, NULL),
(11, 41, NULL, NULL),
(11, 42, NULL, NULL),
(11, 43, NULL, NULL),
(12, 44, NULL, NULL),
(12, 45, NULL, NULL),
(12, 46, NULL, NULL),
(13, 47, NULL, NULL),
(13, 48, NULL, NULL),
(13, 49, NULL, NULL),
(14, 50, NULL, NULL),
(14, 51, NULL, NULL),
(2, 17, NULL, NULL),
(2, 18, NULL, NULL),
(2, 19, NULL, NULL),
(2, 20, NULL, NULL),
(2, 21, NULL, NULL),
(2, 22, NULL, NULL),
(41, 1, NULL, NULL),
(41, 2, NULL, NULL),
(41, 3, NULL, NULL);

-- --------------------------------------------------------

--
-- Table structure for table `combos`
--

DROP TABLE IF EXISTS `combos`;
CREATE TABLE IF NOT EXISTS `combos` (
  `id` bigint UNSIGNED NOT NULL AUTO_INCREMENT,
  `name` varchar(255) CHARACTER SET utf8mb4 COLLATE utf8mb4_unicode_ci NOT NULL,
  `image` text CHARACTER SET utf8mb4 COLLATE utf8mb4_unicode_ci NOT NULL,
  `price` int NOT NULL,
  `status` tinyint(1) NOT NULL DEFAULT '0',
  `created_at` timestamp NULL DEFAULT NULL,
  `updated_at` timestamp NULL DEFAULT NULL,
  PRIMARY KEY (`id`)
) ENGINE=InnoDB AUTO_INCREMENT=8 DEFAULT CHARSET=utf8mb4 COLLATE=utf8mb4_unicode_ci;

--
-- Dumping data for table `combos`
--

INSERT INTO `combos` (`id`, `name`, `image`, `price`, `status`, `created_at`, `updated_at`) VALUES
(1, 'Combo bắp nước truyền thống', 'combo/axb7mvaezmxdwfhusuwo', 70000, 1, '2023-06-29 17:21:41', '2023-06-29 17:21:43'),
(2, 'Combo MoonNight', 'combo/uihhk84gfei9apffjicn', 200000, 1, '2023-06-29 17:22:26', '2023-06-29 17:22:28'),
(3, 'Combo Sụp đổ', 'combo/jqwx7pdbuzt0xklliatg', 269000, 1, '2023-06-29 17:23:17', '2023-06-29 17:23:22'),
(4, 'Combo BlockBuster', 'combo/ou3gvxmwc7om1ngbysfj', 84000, 1, '2023-06-29 17:24:06', '2023-06-29 17:24:07'),
(5, 'Combo sale to', 'combo/ld6squtm5vjmltglvwxn', 150000, 1, '2023-06-29 17:25:00', '2023-06-29 17:25:02'),
(6, 'combo test', 'combo/pzeqazujyzkgw7tc4jwp', 190000000, 0, '2023-06-29 17:40:46', '2023-06-30 09:13:54');

-- --------------------------------------------------------

--
-- Table structure for table `combo_details`
--

DROP TABLE IF EXISTS `combo_details`;
CREATE TABLE IF NOT EXISTS `combo_details` (
  `combo_id` bigint UNSIGNED NOT NULL,
  `food_id` bigint UNSIGNED NOT NULL,
  `quantity` int NOT NULL DEFAULT '0',
  `created_at` timestamp NULL DEFAULT NULL,
  `updated_at` timestamp NULL DEFAULT NULL,
  KEY `combo_details_combo_id_foreign` (`combo_id`),
  KEY `combo_details_food_id_foreign` (`food_id`)
) ENGINE=InnoDB DEFAULT CHARSET=utf8mb4 COLLATE=utf8mb4_unicode_ci;

--
-- Dumping data for table `combo_details`
--

INSERT INTO `combo_details` (`combo_id`, `food_id`, `quantity`, `created_at`, `updated_at`) VALUES
(1, 1, 1, NULL, NULL),
(1, 2, 1, NULL, NULL),
(2, 1, 1, NULL, NULL),
(2, 2, 1, NULL, NULL),
(3, 1, 1, NULL, NULL),
(3, 2, 2, NULL, NULL),
(4, 1, 1, NULL, NULL),
(4, 2, 2, NULL, NULL),
(5, 1, 1, NULL, NULL),
(5, 1, 4, NULL, NULL),
(6, 1, 1, NULL, NULL);

-- --------------------------------------------------------

--
-- Table structure for table `directors`
--

DROP TABLE IF EXISTS `directors`;
CREATE TABLE IF NOT EXISTS `directors` (
  `id` bigint UNSIGNED NOT NULL AUTO_INCREMENT,
  `name` varchar(255) CHARACTER SET utf8mb4 COLLATE utf8mb4_unicode_ci NOT NULL,
  `image` text CHARACTER SET utf8mb4 COLLATE utf8mb4_unicode_ci NOT NULL,
  `birthday` date DEFAULT NULL,
  `national` varchar(255) CHARACTER SET utf8mb4 COLLATE utf8mb4_unicode_ci DEFAULT NULL,
  `content` text CHARACTER SET utf8mb4 COLLATE utf8mb4_unicode_ci,
  `created_at` timestamp NULL DEFAULT NULL,
  `updated_at` timestamp NULL DEFAULT NULL,
  PRIMARY KEY (`id`)
) ENGINE=InnoDB AUTO_INCREMENT=25 DEFAULT CHARSET=utf8mb4 COLLATE=utf8mb4_unicode_ci;

--
-- Dumping data for table `directors`
--

INSERT INTO `directors` (`id`, `name`, `image`, `birthday`, `national`, `content`, `created_at`, `updated_at`) VALUES
(1, 'Louis Leterrier', 'https://upload.wikimedia.org/wikipedia/commons/thumb/8/80/Louis_Leterrier.jpg/250px-Louis_Leterrier.jpg', '1973-06-17', 'Pháp', 'Louis Leterrier (sinh ngày 17 tháng 6 năm 1973) là nam đạo diễn phim người Pháp. Anh từng đạo diễn hai phần phim Transporter đầu tiên,\n    Unleashed (2005), The Incredible Hulk (2008), Clash of the Titans (2010) và Now You See Me (2013).[1][2][3][4]', '2023-06-29 13:16:17', '2023-06-29 13:16:17'),
(2, 'Lý Hải', 'https://upload.wikimedia.org/wikipedia/commons/thumb/a/a5/Ly_hai_1_%28cropped%29.jpg/800px-Ly_hai_1_%28cropped%29.jpg', '1968-09-28', 'Việt Nam', 'Nguyễn Văn Hải (sinh ngày 28 tháng 9 năm 1968), thường được biết đến với nghệ danh Lý Hải, là một nam ca sĩ, diễn viên, đạo diễn,\n        nhà biên kịch kiêm nhà sản xuất điện ảnh người Việt Nam. Bước chân vào lĩnh vực ca hát từ năm 1993, nhưng tên tuổi của anh chỉ thật sự thành danh khi hợp tác với người quản lý Vĩnh Thuyên cho ra đời series album ca nhạc phim Trọn đời bên em vào năm 2001.\n        Với thành công của loạt album này,Lý Hải đã xây dựng thành công thương hiệu cho riêng mình và trở thành một trong những nam ca sĩ ăn khách nhất thời điểm bấy giờ, đặc biệt là đối với khán giả miền Tây Nam Bộ.\n        Với sở trường trình bày những ca khúc thuộc thể loại nhạc trẻ, nhạc Hoa lời Việt với giai điệu và ca từ đơn giản,Lý Hải từng được mệnh danh là \"Ngôi sao ca nhạc bình dân\"', '2023-06-29 13:16:17', '2023-06-29 13:16:17'),
(3, 'Vũ Ngọc Đãng', 'https://upload.wikimedia.org/wikipedia/commons/thumb/0/00/V%C5%A8_NG%E1%BB%8CC_%C4%90%C3%83NG.jpg/250px-V%C5%A8_NG%E1%BB%8CC_%C4%90%C3%83NG.jpg', '1974-01-01', 'Việt Nam', 'Vũ Ngọc Đãng (sinh 1974) là nam đạo diễn, nhà biên kịch phim và nhà sản xuất phim người Việt Nam.\n        Anh được biết đến qua vai trò đạo diễn các phim như: Những cô gái chân dài (2004),\n        Bỗng dưng muốn khóc (2008), Đẹp từng centimet (2009) hay Hot boy nổi loạn (2011)', '2023-06-29 13:16:17', '2023-06-29 13:16:17'),
(4, 'James Gunn', 'https://upload.wikimedia.org/wikipedia/commons/thumb/7/79/James_Gunn_%2828557194032%29_%28cropped%29.jpg/220px-James_Gunn_%2828557194032%29_%28cropped%29.jpg', '1966-08-05', 'Mỹ', 'James Francis Gunn Jr. (sinh ngày 5 tháng 8 năm 1966)[n 1] là một nhà làm phim và diễn viên người Mỹ.\n        Anh ấy bắt đầu sự nghiệp của mình với tư cách là một nhà biên kịch vào giữa những năm 1990, bắt đầu tại Troma Entertainment với Tromeo and Juliet (1997).\n        Sau đó, anh bắt đầu làm đạo diễn, bắt đầu với bộ phim kinh dị - hài Slither (2006), và chuyển sang thể loại siêu anh hùng với Super (2010), Guardians of the Galaxy (2014), Guardians of the Galaxy Vol. 2 (2017), The Suicide Squad (2021), và Guardians of the Galaxy Vol. 3 (2023).\n         In 2022, Warner Bros. Discovery đã thuê Gunn trở thành đồng chủ tịch và đồng giám đốc điều hành của DC Studios.\n        Ông cũng viết kịch bản và đạo diễn phim ngắn The Guardians of the Galaxy Holiday Special (2022) trên Disney+', '2023-06-29 13:16:17', '2023-06-29 13:16:17'),
(5, 'Jalmari Helander', 'https://upload.wikimedia.org/wikipedia/commons/thumb/5/55/Jalmari_Helander.jpg/220px-Jalmari_Helander.jpg', '1976-07-21', 'Mỹ', 'Jalmari Helander (born 21 July 1976)[1] is a Finnish screenwriter and film director.\n        He is known for the 2010 film Rare Exports: A Christmas Tale (which Cate Blanchett named as one of her favorite movies), the 2014 action-adventure Big Game starring Samuel L. Jackson,\n        and the 2022 WWII action film Sisu.\n        Before turning to feature films, Helander directed several short films and award-winning television commercials.[2]\n        Helander is the brother-in-law of actor Jorma Tommila and the maternal uncle of Jorma\"s son Onni, both of whom have acted in his films.', '2023-06-29 13:16:17', '2023-06-29 13:16:17'),
(6, 'Steven Caple Jr.', 'https://m.media-amazon.com/images/M/MV5BODg3YThjOGMtZTcyYS00NDA4LThhY2EtYzJkYjg2Njg5NmQzXkEyXkFqcGdeQXVyNjUwNzk3NDc@._V1_.jpg', '1988-02-16', 'Mỹ', 'Steven Caple Jr. (born February 16, 1988) is an American film director, producer, and screenwriter. His credits include The Land (2016), Creed II (2018), A Different Tree, and Prentice-N-Fury\'s Ice Cream Adventure. In 2017, Forbes named Caple Jr. one of the \'30 Under 30\' in Hollywood & Entertainment.\n        He also will direct Transformers: Rise of the Beasts (2023), the seventh live-action Transformers film.', '2023-06-29 13:16:17', '2023-06-29 13:16:17'),
(7, 'Patrick Wilson', 'https://upload.wikimedia.org/wikipedia/commons/thumb/c/c1/Patrick_Wilson_by_Gage_Skidmore.jpg/250px-Patrick_Wilson_by_Gage_Skidmore.jpg', '1973-07-03', 'Virginia,Mỹ,Norfolk', 'Patrick Joseph Wilson (sinh ngày 3 tháng 7 năm 1973) là một diễn viên và ca sĩ người Mỹ. Anh đã dành sự nghiệp đầu tiên của mình với sự tham gia của các vở nhạc kịch Broadway, bắt đầu từ năm 1995. Anh là ứng cử viên giải Tony hai lần cho vai diễn của anh trong Full Monty (2000–2001) và Oklahoma! (2002).\n        Năm 2003, anh xuất hiện trong mini sê ri HBO Angels in America mà anh được đề cử cho Giải Quả cầu vàng và Giải thưởng Emmy Primetime cho diễn viên phụ xuất sắc trong phim truyền hình hoặc phim điện ảnh.[1][2][3]\n        Wilson cũng xuất hiện trong các phim truyện như Phantom of the Opera (2004), Hard Candy (2005), Little Children (2006), Watchmen (2009), Insidious (2010), Quỷ quyệt 2 (2013), và vai nhà thần học Ed Warren trong bộ phim kinh dị siêu nhiên James Wan Ám ảnh kinh hoàng (2013) và The Conjuring 2 (2016), bốn phim sau đã khiến anh nổi danh là một \'scream king\'.\n        Trên truyền hình, anh đóng vai chính trong bộ phim truyền hình CBS A Gifted Man (2011–2012), và Lou Solverson trong mùa thứ hai của FX (kênh truyền hình) Fargo (2015), mà anh đã nhận được đề cử Giải Quả cầu vàng. Anh đã được chọn làm Orm Marius / Ocean Master trong phim phim siêu anh hùng DC Extended Universe tựa Aquaman (2018).', '2023-06-29 13:16:17', '2023-06-29 13:16:17'),
(8, 'Anggy Umbara', 'https://encrypted-tbn0.gstatic.com/images?q=tbn:ANd9GcQfiU5ipjTAsk9HR2FhF0OJ8yagCy8xbng_59mfKRBC&usqp=CAE&s', '1980-10-21', 'Indonesia', 'Updating', '2023-06-29 13:16:17', '2023-06-29 13:16:17'),
(9, 'Douyama Takumi', 'https://cdn-us.anidb.net/images/main/201065.jpg', '1980-10-21', 'Japan', 'Updating', '2023-06-29 13:16:17', '2023-06-29 13:16:17'),
(10, 'Jamie Hooper', 'https://blazingminds.co.uk/wp-content/uploads/2022/08/WriterDirector_JamieHooper-800x586.jpg', '1980-10-21', 'United States', 'Jamie\'s passion for filmmaking began at an early age, ever since his Dad bought a VHS-C camera and he claimed it as his own. Amazingly he\'s now an award winning filmmaker (who isn\'t?), with films that have screened at festivals around the world, from LSFF to Fantastic Fest. If Jamie isn\'t wielding a camera or slouched behind a computer he can usually be found in a kitchen eating peanut butter on toast.', '2023-06-29 13:16:17', '2023-06-29 13:16:17'),
(11, 'Rob Marshall', 'https://encrypted-tbn1.gstatic.com/images?q=tbn:ANd9GcRdTWaLJZdipsbn4Y9Y-G78-HrwjSqrvvzEuhW5-0u00YHDKtTo', '1960-10-17', 'United States', 'Robert Doyle Marshall Jr., thường được biết đến với nghệ danh Rob Marshall, là một nam đạo diễn, biên đạo múa kiêm nhà sản xuất điện ảnh người Mỹ.', '2023-06-29 13:16:17', '2023-06-29 13:16:17'),
(12, 'Joaquim Dos Santos', 'https://upload.wikimedia.org/wikipedia/commons/3/3d/Joaquim_Dos_Santos_by_Gage_Skidmore.jpg', '1977-07-22', 'American, Portuguese', 'Joaquim Dos Santos là một họa sĩ kịch bản, đạo diễn, nhà sản xuất, nhà văn và nhà thiết kế người Mỹ gốc Bồ Đào Nha . Anh ấy được biết đến nhiều nhất với công việc đạo diễn trên phim truyền hình Justice League Unlimited , Avatar: The Last Airbender , GI Joe: Resolute , The Legend of Korra và Voltron: Legendary Defender . Anh ấy cũng là đồng đạo diễn của các bộ phim Spider-Man: Across the Spider-Verse (2023) và Spider-Man: Beyond the Spider-Verse (2024).', '2023-06-29 13:16:17', '2023-06-29 13:16:17'),
(13, 'Justin K. Thompson', 'https://www.imdb.com/name/nm1042511/mediaviewer/rm3815992320/?ref_=nm_ov_ph', NULL, NULL, 'Justin K. Thompson is an illustrator, visual development artist, production designer, and director for animated works. He is one of the three directors of Spider-Man: Across the Spider-Verse.', '2023-06-29 13:16:17', '2023-06-29 13:16:17'),
(14, 'Kemp Powers', 'https://encrypted-tbn2.gstatic.com/images?q=tbn:ANd9GcS9SQKu7Twrj-8LBLE0QtC5swFHfUZyQF3Zaq1QbhZhWI2Z3ybG', '1973-10-30', 'American', 'Kemp Powers (sinh ngày 30 tháng 10 năm 1973) là một nhà làm phim và nhà viết kịch người Mỹ. Anh ấy được biết đến nhiều nhất với tác phẩm trong vở kịch One Night in Miami , bộ phim chuyển thể cùng tên năm 2020 và Soul . Kịch bản của anh ấy cho One Night in Miami... đã mang về cho anh ấy đề cử Kịch bản chuyển thể hay nhất tại Lễ trao giải Oscar lần thứ 93 vào tháng 4 năm 2021. [1] Tác phẩm của anh ấy về Soul có nghĩa là Powers trở thành người Mỹ gốc Phi đầu tiên đồng đạo diễn một bộ phim hoạt hình của Disney . [2]', '2023-06-29 13:16:17', '2023-06-29 13:16:17'),
(15, 'Mike Phontharis Chotkijsadarsopon', 'https://www.nautiljon.com/images/people/01/12/mike_khun_138721.webp', NULL, 'Thái Lan', NULL, '2023-06-29 13:16:17', '2023-06-29 13:16:17'),
(16, 'Christopher McQuarrie', 'director/pzdlgutyjwlmxgurbbsf', '1968-01-01', 'United States', '<p><strong>Christopher McQuarrie</strong> (sinh năm 1968) là nhà biên kịch, đạo diễn và nhà sản xuất người Mỹ. Ông đã nhận được <a href=\"https://vi.wikipedia.org/wiki/Gi%E1%BA%A3i_th%C6%B0%E1%BB%9Fng_%C4%90i%E1%BB%87n_%E1%BA%A3nh_Vi%E1%BB%87n_H%C3%A0n_l%C3%A2m_Anh_Qu%E1%BB%91c\">giải thưởng BAFTA</a>, <a href=\"https://vi.wikipedia.org/wiki/Gi%E1%BA%A3i_th%C6%B0%E1%BB%9Fng_%C4%90i%E1%BB%87n_%E1%BA%A3nh_Vi%E1%BB%87n_H%C3%A0n_l%C3%A2m_Anh_Qu%E1%BB%91c\">Giải thưởng</a> <a href=\"https://vi.wikipedia.org/wiki/Gi%E1%BA%A3i_Tinh_th%E1%BA%A7n_%C4%91%E1%BB%99c_l%E1%BA%ADp\">Tinh thần độc lập</a> và <a href=\"https://vi.wikipedia.org/wiki/Gi%E1%BA%A3i_Oscar_cho_k%E1%BB%8Bch_b%E1%BA%A3n_g%E1%BB%91c_xu%E1%BA%A5t_s%E1%BA%AFc_nh%E1%BA%A5t\">Giải Oscar cho kịch bản gốc xuất sắc nhất</a> cho bộ phim bí ẩn neo-noir <a href=\"https://vi.wikipedia.org/wiki/The_Usual_Suspects\"><i>The Usual Suspects</i></a> (1995).</p><p>McQuarrie ra mắt trong nghề đạo diễn với bộ phim kinh dị tội phạm <a href=\"https://vi.wikipedia.org/w/index.php?title=The_Way_of_the_Gun&amp;action=edit&amp;redlink=1\"><i>The Way of the Gun</i></a> (2000). Ông là cộng tác viên thường xuyên với <a href=\"https://vi.wikipedia.org/wiki/Tom_Cruise\">Tom Cruise</a>, từng viết và đạo diễn các bộ phim hành động <a href=\"https://vi.wikipedia.org/w/index.php?title=Jack_Reacher_(phim)&amp;action=edit&amp;redlink=1\"><i>Jack Reacher</i></a> (2012), <a href=\"https://vi.wikipedia.org/wiki/Nhi%E1%BB%87m_v%E1%BB%A5_b%E1%BA%A5t_kh%E1%BA%A3_thi:_Qu%E1%BB%91c_gia_b%C3%AD_%E1%BA%A9n\"><i>Mission: Impossible - Rogue Nation</i></a> (2015), và <a href=\"https://vi.wikipedia.org/wiki/Nhi%E1%BB%87m_v%E1%BB%A5_b%E1%BA%A5t_kh%E1%BA%A3_thi:_S%E1%BB%A5p_%C4%91%E1%BB%95\"><i>Mission: Impossible - Fallout</i></a> (2018). Ông cũng là thành viên của nhóm viết kịch bản các bộ phim <a href=\"https://vi.wikipedia.org/wiki/%C4%90i%E1%BB%87p_v%E1%BB%A5_Valkyrie\"><i>Valkyrie</i></a> (2008), <a href=\"https://vi.wikipedia.org/wiki/Cu%E1%BB%99c_chi%E1%BA%BFn_lu%C3%A2n_h%E1%BB%93i\"><i>Edge of Tomorrow</i></a> (2014), <a href=\"https://vi.wikipedia.org/wiki/X%C3%A1c_%C6%B0%E1%BB%9Bp_(phim_2017)\"><i>The Mummy</i></a> (2017) và <a href=\"https://vi.wikipedia.org/wiki/Top_Gun:_Maverick\"><i>Top Gun: Maverick</i></a> (2020).</p>', '2023-07-13 11:18:49', '2023-07-13 11:18:49'),
(17, 'Sophon Sakdaphisit', 'director/hmtozhvk2n3l7fbjrian', '1982-03-22', 'Thailand', NULL, '2023-07-13 11:21:47', '2023-07-13 11:21:47'),
(18, 'Hasumi Eiichiro', 'director/jjrtl7ey1q8nfmf9zbje', '1967-03-29', 'Japan', NULL, '2023-07-13 11:28:13', '2023-07-13 11:28:13'),
(19, 'Yuzuru Tachikawa', 'director/yxvigxgxwbo2de3wa9hs', '1981-12-02', 'Japan', '<p><strong>Yuzuru Tachikawa</strong> (立川 譲, <i>Tachikawa Yuzuru</i>, born December 2, 1981) is a Japanese <a href=\"https://en.wikipedia.org/wiki/Anime\">anime</a> director. Starting his career at <a href=\"https://en.wikipedia.org/wiki/Madhouse_(company)\">Madhouse</a>, he is known for directing the anime series <a href=\"https://en.wikipedia.org/wiki/Death_Parade\"><i>Death Parade</i></a>, <a href=\"https://en.wikipedia.org/wiki/Mob_Psycho_100\"><i>Mob Psycho 100</i></a>, and <a href=\"https://en.wikipedia.org/wiki/Deca-Dence\"><i>Deca-Dence</i></a>.</p>', '2023-07-14 16:54:29', '2023-07-14 16:54:29'),
(20, 'Peter Sohn', 'director/advjgzeymoobypqgailq', '1977-10-18', 'United States', '<p><strong>Peter Sohn</strong> (born October 18, 1977) is an American animator, voice actor, storyboard artist, and film director, best known for his work at <a href=\"https://en.wikipedia.org/wiki/Pixar_Animation_Studios\">Pixar Animation Studios</a>. He directed the short film <a href=\"https://en.wikipedia.org/wiki/Partly_Cloudy\"><i>Partly Cloudy</i></a> (2009) and the feature films <a href=\"https://en.wikipedia.org/wiki/The_Good_Dinosaur\"><i>The Good Dinosaur</i></a> (2015) and <a href=\"https://en.wikipedia.org/wiki/Elemental_(2023_film)\"><i>Elemental</i></a> (2023). He has also been the voice of Emile in <a href=\"https://en.wikipedia.org/wiki/Ratatouille_(film)\"><i>Ratatouille</i></a> (2007), Squishy in <a href=\"https://en.wikipedia.org/wiki/Monsters_University\"><i>Monsters University</i></a> (2013), and Sox in <a href=\"https://en.wikipedia.org/wiki/Lightyear_(film)\"><i>Lightyear</i></a> (2022).</p><p>After graduating from school, he worked at <a href=\"https://en.wikipedia.org/wiki/The_Walt_Disney_Company\">The Walt Disney Company</a> and <a href=\"https://en.wikipedia.org/wiki/Warner_Bros.\">Warner Bros.</a> before coming to Pixar in the art and story departments for <a href=\"https://en.wikipedia.org/wiki/Finding_Nemo\"><i>Finding Nemo</i></a>.<a href=\"https://en.wikipedia.org/wiki/Peter_Sohn#cite_note-2\">[2]</a> He also worked on <a href=\"https://en.wikipedia.org/wiki/The_Incredibles\"><i>The Incredibles</i></a>, <a href=\"https://en.wikipedia.org/wiki/Ratatouille_(film)\"><i>Ratatouille</i></a> and <a href=\"https://en.wikipedia.org/wiki/WALL-E\"><i>WALL-E</i></a>. Sohn performed the voice of Remy\'s brother, Emile in <i>Ratatouille</i>. He made his directorial debut with the short film <a href=\"https://en.wikipedia.org/wiki/Partly_Cloudy\"><i>Partly Cloudy</i></a> in 2009 which he also wrote. <i>Partly Cloudy</i> was included in the <a href=\"https://en.wikipedia.org/wiki/Animation_show_of_shows\">Animation Show of Shows</a> in 2009. Sohn co-directed the English-language version of <a href=\"https://en.wikipedia.org/wiki/Ponyo\"><i>Ponyo</i></a> in 2009 with <a href=\"https://en.wikipedia.org/wiki/John_Lasseter\">John Lasseter</a> and <a href=\"https://en.wikipedia.org/wiki/Brad_Lewis\">Brad Lewis</a> (fellow Pixar workers).<a href=\"https://en.wikipedia.org/wiki/Peter_Sohn#cite_note-3\">[3]</a> Russell, the boy in <a href=\"https://en.wikipedia.org/wiki/Up_(2009_film)\"><i>Up</i></a>, was based on Sohn\'s appearance.<a href=\"https://en.wikipedia.org/wiki/Peter_Sohn#cite_note-4\">[4]</a> He voiced Russell in the corresponding short, <a href=\"https://en.wikipedia.org/wiki/George_%26_A.J.\"><i>George &amp; A.J.</i></a>, and Squishy in the feature <a href=\"https://en.wikipedia.org/wiki/Monsters_University\"><i>Monsters University</i></a>.</p><p>Sohn directed <a href=\"https://en.wikipedia.org/wiki/The_Good_Dinosaur\"><i>The Good Dinosaur</i></a>, which was released in November 2015. He voiced its <a href=\"https://en.wikipedia.org/wiki/Styracosaurus\"><i>Styracosaurus</i></a> character Forrest Woodbush.<a href=\"https://en.wikipedia.org/wiki/Peter_Sohn#cite_note-newdate-5\">[5]</a> The film is notable for being <a href=\"https://en.wikipedia.org/wiki/Pixar\">Pixar</a>\'s first film to be a <a href=\"https://en.wikipedia.org/wiki/Box_office_bomb\">box office flop</a>.<a href=\"https://en.wikipedia.org/wiki/Peter_Sohn#cite_note-6\">[6]</a> Emily St. James at <a href=\"https://en.wikipedia.org/wiki/Vox_(website)\"><i>Vox</i></a> praised the films for its \"gorgeous visuals\" but criticized its story writing, \"The film\'s story isn\'t just derivative — it actively rips off other, better movies.\"<a href=\"https://en.wikipedia.org/wiki/Peter_Sohn#cite_note-7\">[7]</a> <a href=\"https://en.wikipedia.org/wiki/Peter_Bradshaw\">Peter Bradshaw</a> of <a href=\"https://en.wikipedia.org/wiki/The_Guardian\"><i>The Guardian</i></a> agreed writing, \"It may be visually impressive, but this Jurassic outing lacks the passion and sophistication that we’ve come to expect from Pixar\".<a href=\"https://en.wikipedia.org/wiki/Peter_Sohn#cite_note-8\">[8]</a></p><p>Sohn was set to voice the <a href=\"https://en.wikipedia.org/wiki/Marvel_Comics\">Marvel Comics</a> character <a href=\"https://en.wikipedia.org/wiki/Ganke_Lee\">Ganke Lee</a> in the <a href=\"https://en.wikipedia.org/wiki/Sony_Pictures_Animation\">Sony Pictures Animation</a> feature film <a href=\"https://en.wikipedia.org/wiki/Spider-Man:_Into_the_Spider-Verse\"><i>Spider-Man: Into the Spider-Verse</i></a>, but his lines were ultimately deleted from the final film.<a href=\"https://en.wikipedia.org/wiki/Peter_Sohn#cite_note-slashfilm-9\">[9]</a> However, he eventually voiced Ganke in the sequel, <a href=\"https://en.wikipedia.org/wiki/Spider-Man:_Across_the_Spider-Verse\"><i>Spider-Man: Across the Spider-Verse</i></a>. Sohn provided the voice of Sox, a robotic kitten, in the Pixar film <a href=\"https://en.wikipedia.org/wiki/Lightyear_(film)\"><i>Lightyear</i></a> (2022).<a href=\"https://en.wikipedia.org/wiki/Peter_Sohn#cite_note-10\">[10]</a></p><p>Sohn\'s sophomore effort as a director at Pixar, <a href=\"https://en.wikipedia.org/wiki/Elemental_(2023_film)\"><i>Elemental</i></a>, is based on his experience growing up in New York. The film incorporates the <a href=\"https://en.wikipedia.org/wiki/Classical_element\">classical elements</a> of fire, water, air, and earth as the sentient residents of a city. The film debuted out of competition to initially negative reviews at the <a href=\"https://en.wikipedia.org/wiki/2023_Cannes_Film_Festival\">76th Cannes Film Festival</a>.<a href=\"https://en.wikipedia.org/wiki/Peter_Sohn#cite_note-11\">[11]</a><a href=\"https://en.wikipedia.org/wiki/Peter_Sohn#cite_note-12\">[12]</a> It was released June 16, 2023 to positive reviews. The film is the 27th feature film made by Pixar.<a href=\"https://en.wikipedia.org/wiki/Peter_Sohn#cite_note-Variety-13\">[13]</a><a href=\"https://en.wikipedia.org/wiki/Peter_Sohn#cite_note-14\">[14]</a> The film is Sohn\'s second film to fail commercially, making history as Pixar\'s worst performing film at the box office.<a href=\"https://en.wikipedia.org/wiki/Peter_Sohn#cite_note-15\">[15]</a><a href=\"https://en.wikipedia.org/wiki/Peter_Sohn#cite_note-16\">[16]</a> The commercial failure of <i>Elemental</i> has led to discussion of the potential impact on Pixar\'s viability.<a href=\"https://en.wikipedia.org/wiki/Peter_Sohn#cite_note-17\">[17]</a> Reviews for the film have been mixed with Allison Willmore of <a href=\"https://en.wikipedia.org/wiki/Vulture_(magazine)\"><i>Vulture</i></a> writing, \"<i>Elemental</i> is the second feature from Peter Sohn, a Pixar stalwart who has been with the company since 2000 but as a director is now 0 for 2...the visuals are there but the storytelling lately falls flat\".<a href=\"https://en.wikipedia.org/wiki/Peter_Sohn#cite_note-18\">[18]</a> David Fear of <a href=\"https://en.wikipedia.org/wiki/Rolling_Stone_(magazine)\"><i>Rolling Stone</i></a> wrote \"It’s so busy trying to pen an op-ed that it forgets to give it a narrative structure and make it emotionally resonate. That’s just elementary.\"<a href=\"https://en.wikipedia.org/wiki/Peter_Sohn#cite_note-19\">[19]</a></p>', '2023-07-14 17:12:10', '2023-07-14 17:12:10'),
(21, 'Park Hoon-jung', 'director/huvlnrwkmkojulpgnnjo', '1975-01-14', 'Hàn Quốc', NULL, '2023-07-14 21:02:33', '2023-07-14 21:02:33'),
(22, 'Sophon Sakdaphisit', 'director/cvjscalvzfb1b1aqv0xl', '1982-03-22', 'Thái Lan', NULL, '2023-07-17 20:12:01', '2023-07-17 20:12:01'),
(23, 'Kirk DeMicco', 'director/hlwbdjmpdpaoxdztzuly', '1969-05-15', 'Hoa Kỳ', '<p>Kirk DeMicco (born May 15, 1969) is an <strong>American filmmaker</strong>. He is best known for writing and directing Space Chimps (2008), The Croods (2013), Vivo (2021), and Ruby Gillman, Teenage Kraken (2023).</p>', '2023-07-17 20:22:25', '2023-07-17 20:22:25'),
(24, 'Faryn Pearl', 'director/jooxtelkogq6zuxk3yjf', NULL, 'Hoa Kỳ', NULL, '2023-07-17 20:26:57', '2023-07-17 20:26:57');

-- --------------------------------------------------------

--
-- Table structure for table `directors_movies`
--

DROP TABLE IF EXISTS `directors_movies`;
CREATE TABLE IF NOT EXISTS `directors_movies` (
  `movie_id` bigint UNSIGNED NOT NULL,
  `director_id` bigint UNSIGNED NOT NULL,
  `created_at` timestamp NULL DEFAULT NULL,
  `updated_at` timestamp NULL DEFAULT NULL,
  KEY `directors_movies_movie_id_foreign` (`movie_id`),
  KEY `directors_movies_director_id_foreign` (`director_id`)
) ENGINE=InnoDB DEFAULT CHARSET=utf8mb4 COLLATE=utf8mb4_unicode_ci;

--
-- Dumping data for table `directors_movies`
--

INSERT INTO `directors_movies` (`movie_id`, `director_id`, `created_at`, `updated_at`) VALUES
(1, 1, '2023-06-29 13:16:17', '2023-06-29 13:16:17'),
(3, 3, '2023-06-29 13:16:17', '2023-06-29 13:16:17'),
(4, 4, '2023-06-29 13:16:17', '2023-06-29 13:16:17'),
(5, 8, '2023-06-29 13:16:17', '2023-06-29 13:16:17'),
(6, 9, '2023-06-29 13:16:17', '2023-06-29 13:16:17'),
(7, 10, '2023-06-29 13:16:17', '2023-06-29 13:16:17'),
(8, 11, '2023-06-29 13:16:17', '2023-06-29 13:16:17'),
(9, 12, NULL, NULL),
(9, 13, NULL, NULL),
(9, 14, NULL, NULL),
(10, 15, NULL, NULL),
(11, 7, NULL, NULL),
(12, 16, NULL, NULL),
(13, 17, NULL, NULL),
(14, 18, NULL, NULL),
(16, 20, NULL, NULL),
(15, 19, NULL, NULL),
(36, 21, NULL, NULL),
(2, 2, NULL, NULL),
(38, 17, NULL, NULL),
(39, 23, NULL, NULL),
(39, 24, NULL, NULL),
(37, 6, NULL, NULL),
(41, 1, NULL, NULL);

-- --------------------------------------------------------

--
-- Table structure for table `discounts`
--

DROP TABLE IF EXISTS `discounts`;
CREATE TABLE IF NOT EXISTS `discounts` (
  `id` bigint UNSIGNED NOT NULL AUTO_INCREMENT,
  `name` varchar(255) CHARACTER SET utf8mb4 COLLATE utf8mb4_unicode_ci NOT NULL,
  `code` varchar(255) CHARACTER SET utf8mb4 COLLATE utf8mb4_unicode_ci NOT NULL,
  `percent` int NOT NULL,
  `quantity` int NOT NULL,
  `status` tinyint(1) NOT NULL DEFAULT '1',
  `created_at` timestamp NULL DEFAULT NULL,
  `updated_at` timestamp NULL DEFAULT NULL,
  PRIMARY KEY (`id`)
) ENGINE=InnoDB AUTO_INCREMENT=3 DEFAULT CHARSET=utf8mb4 COLLATE=utf8mb4_unicode_ci;

--
-- Dumping data for table `discounts`
--

INSERT INTO `discounts` (`id`, `name`, `code`, `percent`, `quantity`, `status`, `created_at`, `updated_at`) VALUES
(1, 'Quốc tế phụ nữ', 'women20', 20, 48, 1, '2023-06-29 17:26:12', '2023-07-15 11:33:12'),
(2, 'Quốc tế đàn ông', 'men', 80, 44, 1, '2023-06-29 17:26:28', '2023-08-12 09:21:16');

-- --------------------------------------------------------

--
-- Table structure for table `feedback`
--

DROP TABLE IF EXISTS `feedback`;
CREATE TABLE IF NOT EXISTS `feedback` (
  `id` bigint UNSIGNED NOT NULL AUTO_INCREMENT,
  `user_id` bigint UNSIGNED DEFAULT NULL,
  `fullName` varchar(255) CHARACTER SET utf8mb4 COLLATE utf8mb4_unicode_ci NOT NULL,
  `email` varchar(255) CHARACTER SET utf8mb4 COLLATE utf8mb4_unicode_ci DEFAULT NULL,
  `phone` varchar(10) CHARACTER SET utf8mb4 COLLATE utf8mb4_unicode_ci DEFAULT NULL,
  `message` text CHARACTER SET utf8mb4 COLLATE utf8mb4_unicode_ci NOT NULL,
  `created_at` timestamp NULL DEFAULT NULL,
  `updated_at` timestamp NULL DEFAULT NULL,
  PRIMARY KEY (`id`),
  KEY `fk_feedback_users_idx` (`user_id`)
) ENGINE=InnoDB AUTO_INCREMENT=2 DEFAULT CHARSET=utf8mb4 COLLATE=utf8mb4_unicode_ci;

--
-- Dumping data for table `feedback`
--

INSERT INTO `feedback` (`id`, `user_id`, `fullName`, `email`, `phone`, `message`, `created_at`, `updated_at`) VALUES
(1, NULL, 'Phúc Hữu', 'phuchuu0120@gmail.com', '1111111', 'kokkhhghj', '2023-07-06 14:11:35', '2023-07-06 14:11:35');

-- --------------------------------------------------------

--
-- Table structure for table `foods`
--

DROP TABLE IF EXISTS `foods`;
CREATE TABLE IF NOT EXISTS `foods` (
  `id` bigint UNSIGNED NOT NULL AUTO_INCREMENT,
  `name` varchar(255) CHARACTER SET utf8mb4 COLLATE utf8mb4_unicode_ci NOT NULL,
  `image` text CHARACTER SET utf8mb4 COLLATE utf8mb4_unicode_ci NOT NULL,
  `price` int NOT NULL,
  `status` tinyint(1) NOT NULL DEFAULT '0',
  `created_at` timestamp NULL DEFAULT NULL,
  `updated_at` timestamp NULL DEFAULT NULL,
  PRIMARY KEY (`id`)
) ENGINE=InnoDB AUTO_INCREMENT=3 DEFAULT CHARSET=utf8mb4 COLLATE=utf8mb4_unicode_ci;

--
-- Dumping data for table `foods`
--

INSERT INTO `foods` (`id`, `name`, `image`, `price`, `status`, `created_at`, `updated_at`) VALUES
(1, 'Bắp rang', 'food/ceyyolpw9wfhbezpc1dy', 50000, 1, '2023-06-29 17:20:31', '2023-06-29 17:20:33'),
(2, 'Nước', 'food/uwwizunn1fwvmobjjrty', 30000, 1, '2023-06-29 17:20:48', '2023-06-29 17:20:50');

-- --------------------------------------------------------

--
-- Table structure for table `infos`
--

DROP TABLE IF EXISTS `infos`;
CREATE TABLE IF NOT EXISTS `infos` (
  `id` int UNSIGNED NOT NULL AUTO_INCREMENT,
  `logo` varchar(255) COLLATE utf8mb4_unicode_ci NOT NULL,
  `name` varchar(255) COLLATE utf8mb4_unicode_ci DEFAULT NULL,
  `phone` varchar(255) COLLATE utf8mb4_unicode_ci DEFAULT NULL,
  `email` varchar(255) COLLATE utf8mb4_unicode_ci DEFAULT NULL,
  `facebook` varchar(255) COLLATE utf8mb4_unicode_ci DEFAULT NULL,
  `twitter` varchar(255) COLLATE utf8mb4_unicode_ci DEFAULT NULL,
  `instagram` varchar(255) COLLATE utf8mb4_unicode_ci DEFAULT NULL,
  `youtube` varchar(255) COLLATE utf8mb4_unicode_ci DEFAULT NULL,
  `worktime` varchar(255) COLLATE utf8mb4_unicode_ci DEFAULT NULL,
  `copyright` varchar(255) COLLATE utf8mb4_unicode_ci DEFAULT NULL,
  `created_at` timestamp NULL DEFAULT NULL,
  `updated_at` timestamp NULL DEFAULT NULL,
  PRIMARY KEY (`id`)
) ENGINE=InnoDB AUTO_INCREMENT=2 DEFAULT CHARSET=utf8mb4 COLLATE=utf8mb4_unicode_ci;

--
-- Dumping data for table `infos`
--

INSERT INTO `infos` (`id`, `logo`, `name`, `phone`, `email`, `facebook`, `twitter`, `instagram`, `youtube`, `worktime`, `copyright`, `created_at`, `updated_at`) VALUES
(1, 'cinema.png', 'HMCinema', '0123456789', 'hmcinema@gmail.com', 'https://www.facebook.com/', 'twitter.com1', 'instagram.com', 'youtube.com', 'Time: 06:00 - 23:00', '© HuuMinh, 2023. All rights reserved. Done by HuuMinh', NULL, '2023-08-09 17:11:22');

-- --------------------------------------------------------

--
-- Table structure for table `migrations`
--

DROP TABLE IF EXISTS `migrations`;
CREATE TABLE IF NOT EXISTS `migrations` (
  `id` int UNSIGNED NOT NULL AUTO_INCREMENT,
  `migration` varchar(255) CHARACTER SET utf8mb4 COLLATE utf8mb4_unicode_ci NOT NULL,
  `batch` int NOT NULL,
  PRIMARY KEY (`id`)
) ENGINE=InnoDB AUTO_INCREMENT=18 DEFAULT CHARSET=utf8mb4 COLLATE=utf8mb4_unicode_ci;

--
-- Dumping data for table `migrations`
--

INSERT INTO `migrations` (`id`, `migration`, `batch`) VALUES
(1, '2019_12_14_000001_create_personal_access_tokens_table', 1),
(2, '2023_05_01_141714_create_theaters_rooms_table', 1),
(3, '2023_05_01_141716_create_users_table', 1),
(4, '2023_05_01_144814_create_rating_table', 1),
(5, '2023_05_01_144815_create_movie_languages_table', 1),
(6, '2023_05_01_145832_create_schedules_table', 1),
(7, '2023_05_02_024037_create_combos_food_table', 1),
(8, '2023_05_02_024116_create_seats_table', 1),
(9, '2023_05_09_041901_create_posts_table', 1),
(10, '2023_05_09_044044_create_banners_table', 1),
(11, '2023_05_10_032735_create_permission_tables', 1),
(12, '2023_05_29_044800_create_news_table', 1),
(13, '2023_05_30_160400_create_tickets_table', 1),
(14, '2023_05_30_160445_create_price_table', 1),
(15, '2023_06_02_045642_create_discounts_table', 1),
(16, '2023_06_21_143954_create_feedback_table', 1),
(17, '2023_08_09_215655_create_infos_table', 2);

-- --------------------------------------------------------

--
-- Table structure for table `model_has_permissions`
--

DROP TABLE IF EXISTS `model_has_permissions`;
CREATE TABLE IF NOT EXISTS `model_has_permissions` (
  `permission_id` bigint UNSIGNED NOT NULL,
  `model_type` varchar(255) CHARACTER SET utf8mb4 COLLATE utf8mb4_unicode_ci NOT NULL,
  `model_id` bigint UNSIGNED NOT NULL,
  PRIMARY KEY (`permission_id`,`model_id`,`model_type`),
  KEY `model_has_permissions_model_id_model_type_index` (`model_id`,`model_type`)
) ENGINE=InnoDB DEFAULT CHARSET=utf8mb4 COLLATE=utf8mb4_unicode_ci;

--
-- Dumping data for table `model_has_permissions`
--

INSERT INTO `model_has_permissions` (`permission_id`, `model_type`, `model_id`) VALUES
(1, 'App\\Models\\User', 1),
(2, 'App\\Models\\User', 1),
(3, 'App\\Models\\User', 1),
(4, 'App\\Models\\User', 1),
(5, 'App\\Models\\User', 1),
(6, 'App\\Models\\User', 1),
(7, 'App\\Models\\User', 1),
(8, 'App\\Models\\User', 1),
(9, 'App\\Models\\User', 1),
(10, 'App\\Models\\User', 1),
(11, 'App\\Models\\User', 1),
(12, 'App\\Models\\User', 1),
(13, 'App\\Models\\User', 1),
(14, 'App\\Models\\User', 1),
(15, 'App\\Models\\User', 1),
(16, 'App\\Models\\User', 1),
(17, 'App\\Models\\User', 1),
(18, 'App\\Models\\User', 1),
(2, 'App\\Models\\User', 6),
(3, 'App\\Models\\User', 6),
(5, 'App\\Models\\User', 6),
(16, 'App\\Models\\User', 7),
(17, 'App\\Models\\User', 7);

-- --------------------------------------------------------

--
-- Table structure for table `model_has_roles`
--

DROP TABLE IF EXISTS `model_has_roles`;
CREATE TABLE IF NOT EXISTS `model_has_roles` (
  `role_id` bigint UNSIGNED NOT NULL,
  `model_type` varchar(255) CHARACTER SET utf8mb4 COLLATE utf8mb4_unicode_ci NOT NULL,
  `model_id` bigint UNSIGNED NOT NULL,
  PRIMARY KEY (`role_id`,`model_id`,`model_type`),
  KEY `model_has_roles_model_id_model_type_index` (`model_id`,`model_type`)
) ENGINE=InnoDB DEFAULT CHARSET=utf8mb4 COLLATE=utf8mb4_unicode_ci;

--
-- Dumping data for table `model_has_roles`
--

INSERT INTO `model_has_roles` (`role_id`, `model_type`, `model_id`) VALUES
(1, 'App\\Models\\User', 1),
(3, 'App\\Models\\User', 2),
(3, 'App\\Models\\User', 3),
(3, 'App\\Models\\User', 4),
(3, 'App\\Models\\User', 5),
(2, 'App\\Models\\User', 6),
(2, 'App\\Models\\User', 7),
(3, 'App\\Models\\User', 8),
(3, 'App\\Models\\User', 9),
(3, 'App\\Models\\User', 10),
(3, 'App\\Models\\User', 11),
(3, 'App\\Models\\User', 12),
(3, 'App\\Models\\User', 13),
(3, 'App\\Models\\User', 14),
(3, 'App\\Models\\User', 15);

-- --------------------------------------------------------

--
-- Table structure for table `moviegenres_movies`
--

DROP TABLE IF EXISTS `moviegenres_movies`;
CREATE TABLE IF NOT EXISTS `moviegenres_movies` (
  `movie_id` bigint UNSIGNED NOT NULL,
  `movieGenre_id` bigint UNSIGNED NOT NULL,
  `created_at` timestamp NULL DEFAULT NULL,
  `updated_at` timestamp NULL DEFAULT NULL,
  KEY `moviegenres_movies_movie_id_foreign` (`movie_id`),
  KEY `moviegenres_movies_moviegenre_id_foreign` (`movieGenre_id`)
) ENGINE=InnoDB DEFAULT CHARSET=utf8mb4 COLLATE=utf8mb4_unicode_ci;

--
-- Dumping data for table `moviegenres_movies`
--

INSERT INTO `moviegenres_movies` (`movie_id`, `movieGenre_id`, `created_at`, `updated_at`) VALUES
(1, 1, '2023-06-29 13:16:17', '2023-06-29 13:16:17'),
(1, 5, '2023-06-29 13:16:17', '2023-06-29 13:16:17'),
(1, 13, '2023-06-29 13:16:17', '2023-06-29 13:16:17'),
(3, 2, '2023-06-29 13:16:17', '2023-06-29 13:16:17'),
(3, 18, '2023-06-29 13:16:17', '2023-06-29 13:16:17'),
(4, 1, '2023-06-29 13:16:17', '2023-06-29 13:16:17'),
(4, 2, '2023-06-29 13:16:17', '2023-06-29 13:16:17'),
(4, 14, '2023-06-29 13:16:17', '2023-06-29 13:16:17'),
(5, 3, '2023-06-29 13:16:17', '2023-06-29 13:16:17'),
(6, 11, '2023-06-29 13:16:17', '2023-06-29 13:16:17'),
(7, 3, '2023-06-29 13:16:17', '2023-06-29 13:16:17'),
(7, 18, '2023-06-29 13:16:17', '2023-06-29 13:16:17'),
(8, 18, '2023-06-29 13:16:17', '2023-06-29 13:16:17'),
(8, 5, '2023-06-29 13:16:17', '2023-06-29 13:16:17'),
(8, 10, '2023-06-29 13:16:17', '2023-06-29 13:16:17'),
(8, 14, '2023-06-29 13:16:17', '2023-06-29 13:16:17'),
(9, 1, NULL, NULL),
(9, 4, NULL, NULL),
(9, 14, NULL, NULL),
(10, 3, NULL, NULL),
(10, 13, NULL, NULL),
(11, 1, NULL, NULL),
(11, 3, NULL, NULL),
(12, 1, NULL, NULL),
(13, 3, NULL, NULL),
(13, 18, NULL, NULL),
(14, 1, NULL, NULL),
(16, 1, NULL, NULL),
(16, 11, NULL, NULL),
(16, 14, NULL, NULL),
(15, 1, NULL, NULL),
(15, 7, NULL, NULL),
(15, 11, NULL, NULL),
(36, 1, NULL, NULL),
(2, 1, NULL, NULL),
(2, 8, NULL, NULL),
(38, 3, NULL, NULL),
(38, 18, NULL, NULL),
(21, 2, NULL, NULL),
(21, 13, NULL, NULL),
(21, 18, NULL, NULL),
(20, 18, NULL, NULL),
(40, 1, NULL, NULL),
(40, 3, NULL, NULL),
(24, 1, NULL, NULL),
(24, 4, NULL, NULL),
(24, 14, NULL, NULL),
(39, 11, NULL, NULL),
(39, 13, NULL, NULL),
(39, 14, NULL, NULL),
(37, 1, NULL, NULL),
(37, 4, NULL, NULL),
(37, 14, NULL, NULL),
(19, 3, NULL, NULL),
(18, 2, NULL, NULL),
(18, 18, NULL, NULL),
(17, 1, NULL, NULL),
(25, 1, NULL, NULL),
(23, 1, NULL, NULL),
(23, 2, NULL, NULL),
(23, 13, NULL, NULL),
(22, 1, NULL, NULL),
(22, 15, NULL, NULL),
(22, 18, NULL, NULL),
(30, 1, NULL, NULL),
(30, 14, NULL, NULL),
(30, 18, NULL, NULL),
(29, 1, NULL, NULL),
(29, 5, NULL, NULL),
(29, 14, NULL, NULL),
(27, 18, NULL, NULL),
(26, 1, NULL, NULL),
(26, 3, NULL, NULL),
(26, 18, NULL, NULL),
(35, 2, NULL, NULL),
(35, 8, NULL, NULL),
(33, 15, NULL, NULL),
(32, 18, NULL, NULL),
(31, 2, NULL, NULL),
(31, 11, NULL, NULL),
(31, 14, NULL, NULL),
(41, 3, NULL, NULL);

-- --------------------------------------------------------

--
-- Table structure for table `movies`
--

DROP TABLE IF EXISTS `movies`;
CREATE TABLE IF NOT EXISTS `movies` (
  `id` bigint UNSIGNED NOT NULL AUTO_INCREMENT,
  `name` varchar(255) CHARACTER SET utf8mb4 COLLATE utf8mb4_unicode_ci NOT NULL,
  `image` text CHARACTER SET utf8mb4 COLLATE utf8mb4_unicode_ci NOT NULL,
  `showTime` int DEFAULT NULL,
  `releaseDate` date NOT NULL,
  `endDate` date DEFAULT NULL,
  `national` varchar(255) CHARACTER SET utf8mb4 COLLATE utf8mb4_unicode_ci NOT NULL,
  `description` text CHARACTER SET utf8mb4 COLLATE utf8mb4_unicode_ci,
  `trailer` text CHARACTER SET utf8mb4 COLLATE utf8mb4_unicode_ci,
  `rating_id` bigint UNSIGNED NOT NULL,
  `status` tinyint(1) NOT NULL DEFAULT '0',
  `created_at` timestamp NULL DEFAULT NULL,
  `updated_at` timestamp NULL DEFAULT NULL,
  PRIMARY KEY (`id`),
  KEY `movies_rating_id_foreign` (`rating_id`)
) ENGINE=InnoDB AUTO_INCREMENT=42 DEFAULT CHARSET=utf8mb4 COLLATE=utf8mb4_unicode_ci;

--
-- Dumping data for table `movies`
--

INSERT INTO `movies` (`id`, `name`, `image`, `showTime`, `releaseDate`, `endDate`, `national`, `description`, `trailer`, `rating_id`, `status`, `created_at`, `updated_at`) VALUES
(1, 'FAST & FURIOUS 10', 'https://upload.wikimedia.org/wikipedia/vi/2/22/Fast_X_VN_poster.jpg', 141, '2023-05-19', '2023-06-19', 'United States', 'Trong Fast Five (2011), Dom và nhóm của anh đã tiêu diệt trùm ma túy người Brazil Hernan Reyes ở Rio De Janeiro. Điều họ không biết là con trai của Reyes, Dante đã chứng kiến tất cả và dành 12 năm qua để lên một kế hoạch “hoàn hảo” sẽ khiến gia đình Dom phải trả giá đắt. Trải qua nhiều nhiệm vụ khó khăn tưởng chừng như bất khả thi nhưng Dom Toretto và gia đình của anh ấy đều đã vượt qua. Họ đánh bại mọi kẻ thù trên hành trình hơn 20 năm qua. Nhưng giờ đây, Dante được đánh giá là kẻ nguy hiểm nhất mà họ sẽ đối mặt: một mối đe dọa đáng sợ xuất hiện từ bóng tối của quá khứ, một kẻ thù đẫm máu, với quyết tâm phá tan gia đình và phá hủy mọi thứ mà Dom yêu thương mãi mãi. Phim mới Fast & Furious 10 ra mắt tại các rạp chiếu phim từ 19.05.2023.', 'eoOaKN4qCKw', 3, 0, '2023-06-29 13:16:17', '2023-08-16 03:22:56'),
(2, 'LẬT MẶT 6: TẤM VÉ ĐỊNH MỆNH', 'https://www.cgv.vn/media/catalog/product/cache/1/thumbnail/190x260/2e2b8cd282892c71872b9e67d2cb5039/l/m/lm6_2x3_layout.jpg', 132, '2023-04-26', '2023-07-16', 'Viet Nam', '<p>Tấm vé có mệnh giá 10.000 đồng và sở hữu những con số \"định mệnh\": 10, 16, 18, 20, 27, 28 - ngày sinh của hội bạn thân sáu người do Trung Dũng, Quốc Cường, Thanh Thức, Huy Khánh, Hoàng Mèo, Trần Kim Hải đảm nhận. Tuy nhiên, nhân vật do Thanh Thức thủ vai, cũng là người giữ tấm vé trúng giải độc đắc lại không may bị tai nạn và qua đời, từ đây, những người còn lại phải dùng đủ mọi cách để tìm lại tấm vé “đổi đời”. Liệu nhóm bạn có thành công và giải mã được cái chết bị ẩn người người bạn thân? Cùng chờ đón đến 28.04 để biết được câu trả lời nha!</p>', '2EnP2tVC00Q', 2, 0, '2023-06-29 13:16:17', '2023-08-16 03:22:56'),
(3, 'CON NHÓT MÓT CHỒNG', 'https://www.cgv.vn/media/catalog/product/cache/1/thumbnail/190x260/2e2b8cd282892c71872b9e67d2cb5039/7/0/700x1000_2_.jpg', 112, '2023-04-21', '2023-06-21', 'Viet Nam', 'Lấy cảm hứng từ web drama Chuyện Xóm Tui, phiên bản điện ảnh sẽ mang một màu sắc hoàn toàn khác: hài hước hơn, gần gũi và nhiều cảm xúc hơn. Bộ phim là câu chuyện của Nhót - người phụ nữ “chưa kịp già” đã sắp bị mãn kinh, vội vàng đi tìm chồng. Nhưng sâu thẳm trong cô là khao khát muốn có một đứa con, và luôn muốn hàn gắn với người cha suốt ngày say xỉn của mình.', 'e7KHOQ-alqY', 2, 0, '2023-06-29 13:16:17', '2023-08-16 03:22:56'),
(4, 'GUARDIANS OF THE GALAXY VOL.3 VỆ BINH DẢI NGÂN HÀ 3', 'https://www.cgv.vn/media/catalog/product/cache/1/thumbnail/190x260/2e2b8cd282892c71872b9e67d2cb5039/3/5/350x495_1.png', 149, '2023-05-03', '2023-07-03', 'United States', 'Vệ binh dải Ngân Hà 3 là một bộ phim điện ảnh siêu anh hùng Mỹ công chiếu vào năm 2023 dựa trên nhóm siêu anh hùng Vệ binh dải Ngân Hà của Marvel Comics, do Marvel Studios sản xuất và Walt Disney Studios Motion Pictures phát hành', 'cfbKqpbdrYg', 1, 0, '2023-06-29 13:16:17', '2023-08-16 03:22:56'),
(5, 'KHANZAB TIẾNG GỌI ÂM BINH', 'https://www.cgv.vn/media/catalog/product/cache/1/thumbnail/240x388/c88460ec71d04fa96e628a21494d2fd3/k/z/kz_main-poster_fb.jpg', 88, '2023-05-26', '2023-07-26', 'Indonesia', 'Chuyện phim theo chân Rahayu - cô gái từng chứng kiến cha mình bị giết hại trong vụ thảm sát Banyuwangi năm 1998. Tại đây, những thầy cúng bị nghi ngờ thực hành ma thuật đen sẽ bị người dân giả dạng ninja để sát hại. Sau sự cố này, Rahayu cùng gia đình quyết định rời khỏi Banyuwangi để chuyển đến quê hương của họ ở Jetis, Yogyakarta.', 'RSADESwWRyw', 3, 0, '2023-06-29 13:16:17', '2023-08-16 03:22:56'),
(6, 'Doraemon: Nobita và vùng đất lý tưởng trên bầu trời', 'https://www.cgv.vn/media/catalog/product/cache/1/image/c5f0a1eff4c394a251036189ccddaacd/m/a/main_poster_-_dmmovie2023.jpg', 108, '2023-05-26', '2023-07-26', 'Japan', 'Doraemon: Nobita’s Sky Utopia 2023 kể về chuyến phiêu lưu của Doraemon, Nobita và những người bạn thân tới Paradapia - một hòn đảo hình trăng lưỡi liềm lơ lửng trên bầu trời. Ở nơi đó, tất cả đều hoàn hảo… đến mức cậu nhóc Nobita mê ngủ ngày cũng có thể trở thành một thần đồng toán học, một siêu sao thể thao. Cả hội Doraemon cùng sử dụng một món bảo bối độc đáo chưa từng xuất hiện trước đây để đến với vương quốc tuyệt vời này. Cùng với những người bạn ở đây, đặc biệt là chàng robot mèo Sonya, nhóm Doraemon đã có chuyến hành trình tới vương quốc trên mây tuyệt vời… cho đến khi những bí mật đằng sau vùng đất lý tưởng này được hé lộ.', 'bUTfUVLP_Zk', 1, 0, '2023-06-29 13:16:17', '2023-08-16 03:22:56'),
(7, 'THE CREEPING OÁN HỒN', 'https://cdn.galaxycine.vn/media/2023/4/13/oan-hon-du-kien-khoi-chieu-26-05-2023_1681379006801.jpg', 94, '2023-05-26', '2023-07-26', 'United States', 'Trải nghiệm thời thơ ấu đau thương, Anna trở về căn nhà xưa để chăm sóc người bà ốm yếu. Từ đó, những điều kỳ lạ bắt đầu xảy ra và các sự kiện kỳ quái dần xuất hiện cho đến khi Anna phát hiện ra mọi việc có liên quan đến một quá khứ bi thảm đã ám lên các thành viên trong gia đình. Điều gì sẽ xảy ra với Anna khi mọi oán niệm được ẩn giấu phía sau ngôi nhà và người bà kỳ lạ? ', 'ju2evnXK3PQ', 3, 0, '2023-06-29 13:16:17', '2023-08-16 03:22:56'),
(8, 'THE LITTLE MERMAID NÀNG TIÊN CÁ', 'https://cdn.galaxycine.vn/media/2023/5/26/300x450-tien-ca_1685071821037.jpg', 135, '2023-07-06', '2023-09-26', 'United States', '“Nàng Tiên Cá” là câu chuyện được yêu thích về Ariel - một nàng tiên cá trẻ xinh đẹp và mạnh mẽ với khát khao phiêu lưu. Ariel là con gái út của Vua Triton và cũng là người ngang ngạnh nhất, nàng khao khát khám phá về thế giới bên kia đại dương. Trong một lần ghé thăm đất liền, nàng đã phải lòng Hoàng tử Eric bảnh bao. Trong khi tiên cá bị cấm tiếp xúc với con người, Ariel đã làm theo trái tim mình. Nàng đã thỏa thuận với phù thủy biển Ursula hung ác để cơ hội sống cuộc sống trên đất liền. Nhưng cuối cùng việc này lại đe dọa tới mạng sống của Ariel và vương miện của cha nàng', 'RxXHUnAi45E', 2, 1, '2023-06-29 20:16:17', '2023-06-29 20:16:17'),
(9, 'NGƯỜI NHỆN: DU HÀNH VŨ TRỤ NHỆN', 'https://www.cgv.vn/media/catalog/product/cache/1/image/c5f0a1eff4c394a251036189ccddaacd/r/s/rsz_nguoi-nhen-2023.jpg', 140, '2023-06-01', '2023-06-30', 'United States', 'Vô số Spider-Man từ khắp các vũ trụ đang đối đầu nhau?!', 'SUz8Aw28vrc', 5, 0, '2023-06-29 13:16:17', '2023-08-16 03:22:56'),
(10, 'HOON PAYON: BÙA HÌNH NHÂN', 'https://www.cgv.vn/media/catalog/product/cache/1/image/c5f0a1eff4c394a251036189ccddaacd/p/o/poster_bhn_7-_kc_02.06.2023_1_.jpg', 101, '2023-06-02', '2023-06-30', 'Thailand', '<p>Được lấy cảm hứng từ loại bùa hình nhân hộ mệnh nổi tiếng ở Thái Lan, phim theo chân Tham trong hành trình đến một hòn đảo hẻo lánh để tìm người anh trai của mình đang tu hành ở đó. Tham phát hiện ra anh trai đã bị sát hại sau khi bị buộc tội giết người và trộm cắp. Quyết tâm ở lại hòn đảo để điều tra cũng như minh oan cho anh trai nhưng Tham lại vô tình khám phá ra nhiều cái chết bí ẩn khác tại ngôi làng bên cạnh.</p>', 'PcCAFRdiPe4', 2, 0, '2023-06-29 13:16:17', '2023-08-16 03:22:56'),
(11, 'INSIDIOUS 5: THE RED DOOR', 'movies/ryiiwsijft1qpkzeblhf', 107, '2023-07-12', '2023-09-12', 'United States', '<p>Quỷ Quyệt 5: Cửa Đỏ Vô Định – Insidious 5: The Red Door&nbsp;lấy bối cảnh sau mười năm kể từ hai phần phim đầu tiên, Josh Lambert (Patrick Wilson) đang chuyển đến sinh sống tại phía Đông để đưa cậu con trai Dalton (Ty Simpkins) đến học tại một trường đại học bình dị, phủ đầy cây thường xuân. Tuy nhiên, giấc mơ đại học của Dalton lại trở lại một ác mộng khi những con quỷ bị kìm hãm trong quá khứ bằng một cách nào đó đã quay trở lại và tiếp tục ám hai cha con. Phim mới Quỷ Quyệt: Cửa Đỏ Vô Định khởi chiếu 14.07.2023 tại rạp chiếu phim toàn quốc. Xem thêm tại: https://www.galaxycine.vn/dat-ve/insidious-the-red-door<br><br>&nbsp;</p>', 'VJyx2KZ-ILc', 2, 1, '2023-07-13 11:12:28', '2023-07-13 12:44:37'),
(12, 'MISSION: IMPOSSIBLE DEAD RECKONING PART ONE', 'movies/qboncrwj9zihcjxu3h7x', 164, '2023-07-08', '2023-09-08', 'United States', '<p>Câu chuyện lần này diễn ra khi Ethan Hunt và đội IMF của anh ta bắt đầu nhiệm vụ nguy hiểm nhất của họ: Theo dõi một vũ khí mới đáng sợ đe dọa toàn nhân loại trước khi nó rơi vào tay kẻ xấu. Với quyền kiểm soát tương lai và số phận thế giới đang bị đặt cược, và những thế lực đen tối từ quá khứ của Ethan tiến gần, một cuộc đua chết người xung quanh thế giới bắt đầu. Đối mặt với một kẻ thù bí ẩn, toàn năng, Ethan buộc phải xem xét rằng không có gì có thể quan trọng hơn nhiệm vụ của anh ta - ngay cả những người anh ta quan tâm nhất. Phim mới Nhiệm Vụ: Bất Khả Thi Nghiệp Báo Phần Một khởi chiếu 14.07.2023 tại rạp chiếu phim toàn quốc. Xem thêm tại: https://www.galaxycine.vn/dat-ve/mission-impossible-dead-reckoning-part-one<br>&nbsp;</p>', 'TVEIIUXUC6E', 2, 1, '2023-07-13 12:18:23', '2023-07-13 12:45:06'),
(13, 'HOME FOR RENT', 'movies/kv2kqampsim7vfbj3qem', 122, '2023-06-21', '2023-09-21', 'Thailand', '<p>Phim kể về cặp vợ chồng Ning, Kwin và cô con gái 7 tuổi với tên gọi Ing. Vì khó khăn về tài chính, hai vợ chồng quyết định cho thuê ngôi nhà đang ở và chuyển đến một căn hộ chung cư giá rẻ để sinh sống.&nbsp; Sau khi những người thuê nhà chuyển đến, Ning nhận thấy chồng bắt đầu có những hành vi bất thường. Anh ta trở nên bí mật và thường biến mất khỏi căn hộ và lúc 4 giờ sáng. Kwin thậm chí còn có một hình xăm kỳ lạ ở ngực tựa như ký hiệu đặc biệt của một hội tà giáo bí ẩn. Khi hành vi của chồng ngày càng trở nên đáng lo ngại, cũng là lúc Ning nhận ra cô con gái của mình đang gặp hiểm nguy. Bí mật nào đang được che giấu trong ngôi nhà cho thuê của họ?&nbsp; Phim mới Tà Chú Cấm khởi chiếu 09.06.2023 tại rạp chiếu phim toàn quốc.</p>', 'x7P9GdWiHo8', 3, 1, '2023-07-13 12:20:23', '2023-07-13 12:45:45'),
(14, 'RESIDENT EVIL: DEATH ISLAND', 'movies/vq65y8nrklkjfb9nl1oc', 91, '2023-07-07', '2023-09-07', 'Japan', '<p>Đặc vụ D.S.O. Leon S. Kennedy đang thực hiện nhiệm vụ giải cứu Tiến sĩ Antonio Taylor khỏi những kẻ bắt cóc, thì bất ngờ bị một phụ nữ bí ẩn ngăn cản. Trong lúc đó, đặc vụ B.S.A.A. Chris Redfield đang điều tra một đại dịch xác sống ở San Francisco mà chưa xác định được nguyên nhân lây nhiễm. Điểm chung duy nhất của các nạn nhân là tất cả đều ghé thăm đảo Alcatraz không lâu trước đó. Lần theo manh mối này, Chris và đồng đội tìm đến hòn đảo, nơi một cơn kinh hoàng khác đang chờ đón họ. Phim mới&nbsp;Resident Evil: Đảo Tử Thần ra mắt tại các rạp chiếu phim từ 07.07.2023&nbsp;</p>', 'TE2LSlXgX3A', 3, 1, '2023-07-13 12:31:41', '2023-07-13 12:46:25'),
(15, 'DETECTIVE CONAN: BLACK IRON SUBMARINE', 'movies/lar4ykgji5em7qloyn4n', 110, '2023-07-21', '2023-11-20', 'Japan', '<p>Thám Tử Lừng Danh Conan: Tàu Ngầm Sắt Màu Đen&nbsp;là phần phim đang đạt doanh thu ấn tượng của loạt phim về cậu bé thám tử. Lấy bối cảnh tại Pacific Buoy - một trụ sở hàng hải của Interpol có nhiệm vụ kết nối các camera an ninh trên toàn thế giới. Theo lời mời của Sonoko, nhóm Conan&nbsp;đến Hachijojima để xem cá voi. Tại đây, Conan nhận được thông tin về một nhân viên Europol bị ám sát. Cùng với đó, tính mạng Haibara bị đe dọa, phải chăng thân phận của cô đã bị bại lộ trước Gin - nhân vật nguy hiểm hàng đầu của tổ chức áo đen…&nbsp; Tàu Ngầm Sắt Màu Đen đang đứng đầu doanh thu phòng vé tại Nhật Bản, phá vỡ hàng loạt kỉ lục của những người anh em trước. Phim đạt doanh thu hơn 3 tỷ yên chỉ trong cuối tuần mở màn đầu tiên.&nbsp;&nbsp;</p><p>Phim mới&nbsp;Thám Tử Lừng Danh Conan: Tàu Ngầm Sắt Màu Đen ra mắt tại các rạp chiếu phim từ 21.07.2023&nbsp;&nbsp;</p>', 'e-ta72_8Brw', 5, 1, '2023-07-14 16:57:04', '2023-07-14 20:20:23'),
(16, 'XỨ SỞ CÁC NGUYÊN TỐ', 'movies/j3kbzxyw23xy4ym6aejz', 109, '2023-06-23', '2023-09-27', 'United States', '<p>Bộ phim sẽ là hành trình xoay quanh mối quan hệ giữa cô nàng guyên tố lửa, Ember (do Lewis lồng tiếng) và chàng trai nguyên tố nước, Wade (do Athie lồng tiếng), những cá thể không thể chạm được đến nhau; nhưng cùng nhau khám phá xem họ có bao nhiêu điểm chung giống nhau.&nbsp;</p><p>Phim mới&nbsp;Xứ Sở Các Nguyên Tố&nbsp;dự kiến&nbsp;khởi chiếu 16.06.2023 tại các rạp chiếu phim toàn quốc.&nbsp;&nbsp;</p>', 'j2DD_MlAnoA', 5, 1, '2023-07-14 17:23:30', '2023-07-14 20:20:02'),
(17, 'THANH TRA SÁT NHÂN', 'movies/fbgfnm6vngqxthh5dvmp', 180, '2023-07-28', '2023-10-15', 'Korea, Republic of', NULL, 'Co26KuJ1f8E', 2, 1, '2023-07-14 20:15:59', '2023-07-27 18:26:56'),
(18, 'TRĂM NĂM HẠNH PHÚC!', 'movies/x322at4j6pvakkps4uhg', 120, '2023-07-21', '2023-10-14', 'Thailand', NULL, '-IleYTbgk8Q', 1, 1, '2023-07-14 20:18:59', '2023-07-27 18:26:50'),
(19, 'THƯỚC PHIM KINH HOÀNG', 'movies/ekb9wpserd3hahrxam6s', 150, '2023-07-21', '2023-09-30', 'Korea, Republic of', NULL, 'pXCg0UUWEF0', 3, 1, '2023-07-14 20:21:53', '2023-07-27 18:26:44'),
(20, 'FANTI', 'movies/udmjzdg48o19rnfgekxb', 140, '2023-07-28', '2023-09-07', 'Viet Nam', NULL, 'RDrugL1X4Bg', 2, 1, '2023-07-14 20:23:21', '2023-07-26 14:15:13'),
(21, 'DINH THỰ MA ÁM', 'movies/bvibmufvlkkfps0h23aj', 90, '2023-07-28', '2023-09-06', 'United States', NULL, 'aFKlyxdD_5I', 1, 1, '2023-07-14 20:27:41', '2023-07-26 14:14:48'),
(22, 'OPPENHEIMER', 'movies/jnep2wrcv44tuuxndtnp', 70, '2023-08-04', '2023-11-25', 'United States', NULL, 'TBZrZpGKzI4', 2, 1, '2023-07-14 20:29:38', '2023-07-27 18:27:34'),
(23, 'KẺ ẨN DANH', 'movies/wfiluwnn9tlpjgzfemy0', 100, '2023-08-25', '2023-10-20', 'Viet Nam', NULL, NULL, 1, 1, '2023-07-14 20:31:15', '2023-07-27 18:27:28'),
(24, 'BLUE BEETLE', 'movies/ceh0efrxy7pbcflzmnds', 120, '2023-08-18', '2023-12-01', 'United States', NULL, 'Jp67Eda2rtg', 1, 1, '2023-07-14 20:33:05', '2023-07-27 17:43:18'),
(25, 'THIỆN ÁC ĐỐI ĐẦU', 'movies/t8uktfkapjko8x60tgaf', 88, '2023-09-01', '2023-11-11', 'United States', NULL, 'Z82z-Ky-tBg', 1, 1, '2023-07-14 20:34:25', '2023-07-27 18:27:23'),
(26, 'Án Mạng Ở Venice', 'movies/odhhaju3jnzhdepov5r4', 99, '2023-09-15', '2023-12-29', 'United States', NULL, 'EL8FdLQFUhc', 2, 1, '2023-07-14 20:37:03', '2023-07-27 18:28:17'),
(27, 'ĐẤT RỪNG PHƯƠNG NAM', 'movies/aqxsjthdkx0sg9i1nmdo', 70, '2023-10-20', '2023-12-30', 'Viet Nam', NULL, 'pNajdWUkXlM', 1, 1, '2023-07-14 20:38:21', '2023-07-27 18:28:11'),
(28, 'DUNE: HÀNH TINH CÁT - PHẦN HAI', 'movies/qptaz8idrwt8puym1psb', 80, '2023-11-03', '2023-12-30', 'United States', NULL, '_DS9QpvtAjE', 1, 1, '2023-07-14 20:39:26', '2023-07-27 18:28:07'),
(29, 'THE MARVELS', 'movies/votcqklcumzyrkvukjnl', 70, '2023-11-10', '2023-12-29', 'United States', NULL, 'pS7EpDA6318', 1, 1, '2023-07-14 20:40:21', '2023-07-27 18:28:02'),
(30, 'ĐẤU TRƯỜNG SINH TỬ: KHÚC HÁT CỦA CHIM CA VÀ RẮN ĐỘC', 'movies/swmd2pu9ctsov5sjwryu', 100, '2023-11-17', '2023-12-22', 'United States', NULL, '566MCdQI2Ps', 2, 1, '2023-07-14 20:49:47', '2023-07-27 18:27:56'),
(31, 'QUỶ LÙN TINH NGHỊCH: ĐỒNG TÂM HIỆP NHẠC', 'movies/qqcew21fqdthqqbk27ki', 90, '2023-11-17', '2024-05-17', 'United States', NULL, 'izi44lM_HSo', 1, 1, '2023-07-14 20:51:12', '2023-07-27 18:29:54'),
(32, 'CHIẾM ĐOẠT', 'movies/lb0kmqon08vtzsvf0j0y', 60, '2023-11-24', '2024-04-27', 'Viet Nam', NULL, NULL, 2, 1, '2023-07-14 20:52:28', '2023-07-27 18:29:37'),
(33, 'QUỲNH HOA NHẤT DẠ', 'movies/nleokptkcamuta8ntmyj', 90, '2023-11-10', '2024-02-16', 'Viet Nam', NULL, 'KTGgulcoMmU', 1, 1, '2023-07-14 20:53:52', '2023-07-27 18:29:30'),
(34, 'MÓNG VUỐT', 'movies/ud5ls4ldaijfpjvjmalq', 110, '2023-12-20', '2024-06-14', 'Viet Nam', NULL, 'PiOnf0gw2zM', 2, 1, '2023-07-14 20:55:12', '2023-07-27 18:29:23'),
(35, 'YÊU NHƯ LẦN ĐẦU', 'movies/qkurbclhekmtkmidmb4m', 120, '2023-12-24', '2024-04-19', 'United States', NULL, NULL, 2, 1, '2023-07-14 20:56:32', '2023-07-27 18:29:11'),
(36, 'QUÝ CÔNG TỬ', 'movies/wf7ltzcfelhdmp2k7npm', 118, '2023-06-23', '2023-08-30', 'Korea, Republic of', '<p>Quý Công Tử xoay quanh người đàn ông bí ẩn được biết đến với tên gọi “Quý Công Tử”. Gã đột nhiên xuất hiện trước mắt Marco, một thanh niên người Philippines mơ ước trở thành vận động viên boxing chuyên nghiệp, lang thang khắp các sàn đấu bất hợp pháp tại đây. Nhằm chi trả cho viện phí của mẹ, Marco đến Hàn Quốc để tìm người cha đã bỏ rơi hai mẹ con cậu từ lâu. Đụng độ Quý Công Tử cùng hàng loạt những con người bí hiểm trong thế giới ngầm, Marco trở thành mục tiêu duy nhất của những thế lực mang nhiều mục đích khác nhau. Cuộc truy đuổi điên cuồng bắt đầu.</p>', 'ybcWiZOjJj8', 3, 1, '2023-07-14 21:04:55', '2023-07-14 21:05:36'),
(37, 'TRANSFORMERS: QUÁI THÚ TRỖI DẬY', 'movies/xzjbytzha6ymw4muyyr7', 127, '2023-07-25', '2023-08-10', 'United States', '<p>Bộ phim dựa trên sự kiện Beast Wars trong loạt phim hoạt hình \"Transformers\", nơi mà các robot có khả năng biến thành động vật khổng lồ cùng chiến đấu chống lại một mối đe dọa tiềm tàng.</p>', 'lRBA1AKyUaI', 1, 0, '2023-07-14 21:18:50', '2023-08-16 03:22:56'),
(38, 'TÀ CHÚ CẤM', 'movies/doavq5dirnxefyicoeak', 122, '2023-06-23', '2023-08-30', 'Thailand', '<p>Phim kể về cặp vợ chồng Ning, Kwin và cô con gái 7 tuổi với tên gọi Ing. Vì khó khăn về tài chính, hai vợ chồng quyết định cho thuê ngôi nhà đang ở và chuyển đến một căn hộ chung cư giá rẻ để sinh sống. Sau khi những người thuê nhà chuyển đến, Ning nhận thấy chồng bắt đầu có những hành vi bất thường. Anh ta trở nên bí mật và thường biến mất khỏi căn hộ và lúc 4 giờ sáng. Kwin thậm chí còn có một hình xăm kỳ lạ ở ngực tựa như ký hiệu đặc biệt của một hội tà giáo bí ẩn. Khi hành vi của chồng ngày càng trở nên đáng lo ngại, cũng là lúc Ning nhận ra cô con gái của mình đang gặp hiểm nguy. Bí mật nào đang được che giấu trong ngôi nhà cho thuê của họ?</p>', '0oc92jGXE54', 3, 1, '2023-07-17 20:13:56', '2023-07-17 20:13:59'),
(39, 'RUBY THỦY QUÁI TUỔI TEEN', 'movies/l0g6flvltg2hc3vx7gwl', 91, '2023-07-27', '2023-08-30', 'United States', '<p>Ruby Thủy Quái Tuổi Teen kể về cô bé Ruby Gillman nhút nhát, tình cờ phát hiện ra mình là một phần của dòng dõi thủy quái hoàng gia huyền thoại. Và kể từ giây phút này, số phận của cô bé dưới đáy đại dương bỗng thay thổi hoàn toàn, cùng với đó là một sứ mệnh lớn hơn tất cả những gì cô từng mơ đến.</p>', 'egVsMzVezyg', 4, 1, '2023-07-17 20:28:53', '2023-07-27 17:48:26'),
(40, 'BLUE WHALE: THỬ THÁCH CÁ VOI XANH', 'movies/upztuuuvgkfcvvbf37vz', 100, '2023-08-04', '2023-11-01', 'Russian Federation', '<p>Sau khi em gái tự sát, Dana quyết tâm tìm kiếm nguyên nhân đằng sau cái chết đầy nghi hoặc. Cô phát hiện em mình đã tham gia một thách thức điên rồ trên mạng xã hội - #Blue_Whale – khơi màu khủng hoảng và kích động giới trẻ tự sát. Dana dần tiến sâu vào chân tướng, nhưng cô buộc phải tham gia thử thách #Blue_Whale nguy hiểm trước khi vén màn sự thật. Phim mới&nbsp;Thử thách #CáVoiXanh: Trò Chơi Kết Liễu ra mắt tại các rạp chiếu phim từ 04.08.2023&nbsp;</p>', 'nWiQodhMvz4', 3, 1, '2023-07-27 17:42:08', '2023-08-09 16:21:49'),
(41, 'TALK TO ME: GỌI HỒN QUỶ DỮ', 'movies/fqt7hmnwkjiggxfkmgwj', 93, '2023-08-19', '2023-12-09', 'Australia', '<p>Phim kinh dị đang gây chú ý tại thị trường Bắc Mỹ -<i>“Talk to me”</i> (Gọi hồn quỷ dữ) - sẽ đến với rạp Việt Nam từ ngày 11/8. Phim là tác phẩm điện ảnh đầu tay của cặp YouTuber Danny và Michael Philipou, sở hữu kênh RackaRacka với 6,67 triệu người theo dõi và hơn 1 tỷ lượt xem.</p><p><i>“</i><a href=\"https://www.vietnamplus.vn/tags/talk-to-me.vnp\"><i><strong>Talk to me</strong></i></a><i>”</i> kể về một cô gái tên Mia (Sophie Wilde) và trò chơi triệu hồi linh hồn, thông qua một bàn tay bằng sáp. Với bàn tay này, Mia đã có thể kết nối với người mẹ quá cố của cô, song vô tình giải phóng những thế lực hắc ám, đe dọa mạng sống của những người thân thiết xung quanh - những người coi cô như thành viên mới trong gia đình.</p><p><a href=\"https://www.vietnamplus.vn/oppenheimer-chinh-thuc-chieu-tu-118-nhung-se-gap-canh-tranh-lon/887070.vnp\"><strong>[\'Oppenheimer\' chính thức chiếu từ 11/8, nhưng sẽ gặp cạnh tranh lớn?]</strong></a></p><p>Ra mắt từ 28/7 tại một số quốc gia trên thế giới, <i>\"Talk to me\"</i> đang nhận về nhiều đánh giá tốt. Phim đạt 94% nhận xét tích cực từ giới phê bình, 82% từ khán giả trên Rotten Tomatoes; 76/100 điểm từ giới phê bình và 7,5/10 từ khán giả trên Metacritics.</p><p>Câu hỏi đặt ra là: Với chủ đề gọi hồn quen thuộc, <i>“Talk to me”</i> làm như thế nào để hút khách?</p><p>Đầu năm nay, phim đã ra mắt tại Liên hoan Phim Quốc tế Sundance (chuyên về phim độc lập, Mỹ) và nhận được nhiều lời khen. Phim quy tụ diễn viên mới, không nổi tiếng, đình đám, nhưng đầy tiềm năng.</p><p>Từ trang AV Club, nhà phê bình Lauren Coates nhận xét diễn xuất trong phim là yếu tố ghi điểm, đặc biệt là Sophie Wilde giúp nhân vật chính và nỗi đau mất mẹ của cô trở nên chân thực hơn.</p><figure class=\"image\"><img src=\"https://cdnimg.vietnamplus.vn/t620/uploaded/tpuohuo/2023_08_06/_methode_times_prod_web_bin_390d5a222b0411eeaede28bc53acbdb8.jpg\" alt=\"Talk to me: Phim kinh di cua cap YouTuber duoc khen ngoi tai rap hinh anh 2\"></figure><p>Nữ diễn viên trẻ Sophie Wilde tỏa sáng trong phim, với vai diễn Mia yêu cầu chiều sâu. (Ảnh: Causeway Films)</p><p>Theo nhà phê bình này,&nbsp;dù chỉ dài 1 tiếng rưỡi, <i>\"Talk to me\"</i> dành phần lớn hồi đầu tiên của phim để xây dựng mối quan hệ thân thiết xung quanh nhân vật chính, từ tình thân gia đình, tình thân với bạn bè như anh em ruột thịt.</p><p>Những yếu tố này gợi nhớ người xem đến gia đình và bạn bè của chính mình trong đời thực. Khai thác về nỗi đau, sự mất mát, bộ phim thuyết phục khán giả đồng cảm với Mia mỗi khi cô dùng bàn tay sáp để gọi hồn mẹ mình. Cây bút Lauren Coates&nbsp;cũng khen kịch bản phim mang chất hiện đại, trẻ trung.&nbsp;</p><p>Theo thông tin từ nhà phân phối tại Việt Nam (CGV), phim sẽ có nhiều phân cảnh máu me, tàn nhẫn, được thể hiện một cách trực diện và hỗn loạn đồng thời không đi theo lối mòn hù dọa gây giật mình (jumpscare) cũ kỹ.</p><p>Nhà phân phối của&nbsp;<i>\"Talk to me\"</i>&nbsp;là A24, hãng phim nổi tiếng có trụ sở tại Mỹ với gu chọn phim dị biệt, phi truyền thống, đã được khán giả yêu mến đón nhận qua những&nbsp;<i>\"</i><a href=\"https://www.vietnamplus.vn/tags/hereditary.vnp\"><i><strong>Hereditary</strong></i></a><i>\"</i>&nbsp;(Di truyền),&nbsp;<i>\"Midsommar\"</i>&nbsp;(Lễ hội ma quái) hay gần đây nhất là&nbsp;<i>\"Everything everywhere all at once\"</i>&nbsp;(Cuộc chiến đa vũ trụ) giành giải Oscar... Đây là bảo chứng cho thấy&nbsp;<i>\"Talk to me\"&nbsp;</i>cũng sẽ mang một chất kinh dị khác lạ./.</p>', 'CfWw9ubDgKI', 3, 1, '2023-08-12 09:17:38', '2023-08-12 09:17:45');

-- --------------------------------------------------------

--
-- Table structure for table `movie_genres`
--

DROP TABLE IF EXISTS `movie_genres`;
CREATE TABLE IF NOT EXISTS `movie_genres` (
  `id` bigint UNSIGNED NOT NULL AUTO_INCREMENT,
  `name` varchar(255) CHARACTER SET utf8mb4 COLLATE utf8mb4_unicode_ci NOT NULL,
  `status` tinyint(1) NOT NULL DEFAULT '0',
  `created_at` timestamp NULL DEFAULT NULL,
  `updated_at` timestamp NULL DEFAULT NULL,
  PRIMARY KEY (`id`)
) ENGINE=InnoDB AUTO_INCREMENT=23 DEFAULT CHARSET=utf8mb4 COLLATE=utf8mb4_unicode_ci;

--
-- Dumping data for table `movie_genres`
--

INSERT INTO `movie_genres` (`id`, `name`, `status`, `created_at`, `updated_at`) VALUES
(1, 'Hành Động', 1, '2023-06-29 13:16:17', '2023-06-29 13:16:17'),
(2, 'Hài Kịch', 1, '2023-06-29 13:16:17', '2023-06-29 13:16:17'),
(3, 'Kinh Dị', 1, '2023-06-29 13:16:17', '2023-06-29 13:16:17'),
(4, 'Viễn Tưởng', 1, '2023-06-29 13:16:17', '2023-06-29 13:16:17'),
(5, 'Giả Tưởng', 1, '2023-06-29 13:16:17', '2023-06-29 13:16:17'),
(6, 'Chiến Tranh', 1, '2023-06-29 13:16:17', '2023-06-29 13:16:17'),
(7, 'Trinh Thám', 1, '2023-06-29 13:16:17', '2023-06-29 13:16:17'),
(8, 'Tình Cảm', 1, '2023-06-29 13:16:17', '2023-06-29 13:16:17'),
(9, 'Lãng Mạn', 1, '2023-06-29 13:16:17', '2023-06-29 13:16:17'),
(10, 'Ca Nhạc', 1, '2023-06-29 13:16:17', '2023-06-29 13:16:17'),
(11, 'Hoạt Hình', 1, '2023-06-29 13:16:17', '2023-06-29 13:16:17'),
(12, 'Trẻ Em', 1, '2023-06-29 13:16:17', '2023-06-29 13:16:17'),
(13, 'Gia Đình', 1, '2023-06-29 13:16:17', '2023-06-29 13:16:17'),
(14, 'Phiêu Lưu', 1, '2023-06-29 13:16:17', '2023-06-29 13:16:17'),
(15, 'Lịch Sử', 1, '2023-06-29 13:16:17', '2023-06-29 13:16:17'),
(16, 'Thể Thao', 1, '2023-06-29 13:16:17', '2023-06-29 13:16:17'),
(17, 'Tài Liệu', 1, '2023-06-29 13:16:17', '2023-07-01 21:41:13'),
(18, 'Tâm Lý', 1, '2023-06-29 13:16:17', '2023-07-07 12:57:52'),
(22, 'test', 1, '2023-08-12 09:11:58', '2023-08-12 09:12:00');

-- --------------------------------------------------------

--
-- Table structure for table `news`
--

DROP TABLE IF EXISTS `news`;
CREATE TABLE IF NOT EXISTS `news` (
  `id` bigint UNSIGNED NOT NULL AUTO_INCREMENT,
  `title` varchar(255) CHARACTER SET utf8mb4 COLLATE utf8mb4_unicode_ci NOT NULL,
  `image` text CHARACTER SET utf8mb4 COLLATE utf8mb4_unicode_ci NOT NULL,
  `content` text CHARACTER SET utf8mb4 COLLATE utf8mb4_unicode_ci NOT NULL,
  `status` tinyint(1) NOT NULL DEFAULT '1',
  `user_id` bigint UNSIGNED NOT NULL,
  `created_at` timestamp NULL DEFAULT NULL,
  `updated_at` timestamp NULL DEFAULT NULL,
  PRIMARY KEY (`id`),
  KEY `news_user_id_foreign` (`user_id`)
) ENGINE=InnoDB AUTO_INCREMENT=8 DEFAULT CHARSET=utf8mb4 COLLATE=utf8mb4_unicode_ci;

--
-- Dumping data for table `news`
--

INSERT INTO `news` (`id`, `title`, `image`, `content`, `status`, `user_id`, `created_at`, `updated_at`) VALUES
(1, 'Insidious The Red Door: Ác Mộng Từ Cõi The Further', 'https://www.galaxycine.vn/media/2023/6/18/1135-2_1687028030749.jpg', 'Đã có giai đoạn, các đề tài liên quan đến cái chết, hồn ma, thế giới bên kia trở nên quá nhàm chán khi được dựng thành phim. Những màn hù dọa vô nghĩa, kịch bản lỗi thời không còn thu hút người xem. Ngay thời điểm tưởng chừng Hollywood đã cạn kiệt ý tưởng, thì cái tên James Wan xuất hiện và đem đến nỗi khiếp sợ cho nhiều người. Thành công từ Saw, Dead Silence, The Conjuring…, đã giúp vị đạo diễn gốc Á được xem như “Ông hoàng phim kinh dị” thế hệ mới. Tuy nhiên mỗi khi nhắc đến James Wan, không thể nào bỏ qua Insidious – thương hiệu sở hữu bộ sưu tập “ma quỷ” lừng lẫy góp phần hồi sinh thể loại suýt bị bỏ quên.', 1, 1, '2023-06-29 13:16:17', NULL),
(2, 'Transformers: Rise Of The Beasts Có Những Nhân Vật Nào? (P2)', 'https://www.galaxycine.vn/media/2023/6/4/1135_1685813722976.jpg', 'Tính từ lúc ra đời, thương hiệu Transformers chỉ cần 2 năm nữa là sẽ tròn 40 tuổi. Có thể xem đây như một trong những nhãn hàng đồ chơi lâu đời và phổ biến nhất mọi thời đại. Thử nghĩ em, những chiếc xe ô tô và xe tải có thể biến hình thành các chiến binh robot thì tuyệt vời biết bao. Tất nhiên cũng không khó hiểu khi Transformers được chuyển thể thành phim hoạt hình để phục vụ sự hâm mộ của trẻ em. Khi mà những ký ức đẹp trở thành hoài niệm thì cũng là lúc các nhà làm phim hướng đến việc thực hiện phiên bản live-action. Cuối cùng, nhờ bàn tay của Ông hoàng cháy nổ Michael Bay, thì bom tấn Transformers cũng chính thức ra mắt tại các rạp chiếu phim vào năm 2007.\n         Sau lần công phá phòng vé ấy, đã có tổng cộng 5 phần phim tiếp theo được công chiếu. Hàng loạt ý kiến trái chiều từ phía khán giả và các nhà phê bình tràn ngập khắp nơi. Tuy nhiên sự công kích đã giảm dần khi Bumblebee (2018) xuất hiện. Tác phẩm được xem như phần tiền truyện, đồng thời có vai trò báo hiệu cho việc hồi sinh series Transformers. Có thể Bumblebee không đạt doanh thu như kỳ vọng, nhưng điều khả quan ở đây là chất lượng phim được nhận định là tốt nhất từ trước đến nay. Thế nên, việc bám theo những sự kiện diễn ra sau phần Bumblebee sẽ là nước đi khôn khoan. Từ đấy, Transformers: Rise Of The Beasts hứa hẹn không chỉ đem tới màn tái xuất của Optimus Prime, mà còn có nội dung bám sát theo cốt truyện Beast Wars (1996). Có thể timeline của phim lúc này có phần hơi rối rắm, nhưng với dàn nhân vật chính diện lẫn phản diện vốn đã quá cuốn hút thì phần phim mới vẫn sẽ tạo được sự phấn khích với đám đông.', 1, 1, '2023-06-29 13:16:17', NULL),
(3, '[Review] The Flash: Ezra Miller Diễn Xuất Sắc Làm Lu Mờ Loạt Scandal Chấn Động!', 'https://www.galaxycine.vn/media/2023/6/16/the-flash-ezra-miller-dien-xuat-sac-lam-lu-mo-loat-scandal-chan-dong-4_1686932681045.jpg', 'Trong The Flash, Ezra Miller thành công hóa thân thành hai Barry Allen rất khác biệt. Barry lớn mất mẹ xa cha, thiếu thốn tình cảm, sống khép kín và đầy tài năng. Barry nhỏ lớn lên giữa tình yêu thương, đang ở giai đoạn nổi loạn tuổi mới lớn, bạn bè vây quanh. Khán giả khó lòng cảm thấy một người đang đảm nhận hai vai. Điều đó không phải diễn viên trẻ nào cũng làm nổi, nhất là khi Barry lớn - nhỏ đi chung quá nhiều. Người bình thường và chẳng hề có năng lực đặc biệt ngoài tiền đầy kho, Batman luôn là nhân vật  cộng đồng fan DC yêu thích nhất nhì. Lần này, “Batman” Ben Affleck chỉ lên hình ít ỏi nhưng gây ấn tượng mạnh mẽ nhờ phong thái chững chạc. Mặt khác, đất diễn quan trọng trong phim được trao về ngài Batman từng làm nức lòng khán giả cuối thế kỉ 20 – Michael Keaton. Điềm tĩnh, phong độ, oai vệ… “Batman” Keaton mang đến cảm giác khác biệt rõ rệt so với Christian Bale, Ben Affleck hay Robert Pattinson. Cao 1m7, gương mặt cá tính, thân hình tuyệt đẹp… Xuất hiện không nhiều, Sasha Calle hút hồn bởi hình ảnh Supergirl cá tính, cứng rắn nhưng tốt bụng. Hy vọng rằng dù DC Comic và Warner Bros thay máu toàn bộ, Calle vẫn nằm trong danh sách chọn lựa thể hiện Supergirl. Andy Muschietti đâu phải cái tên xa lạ gì với mọt phim. Mama (2013), It (2017), It: Chapter Two (2019) đều là tác phẩm thành công và nhận đánh giá khá tốt từ giới chuyên môn. Lần đầu bước qua mảng siêu anh hùng,\n         vị đạo diễn sinh năm 1973 chẳng hề bỡ ngỡ. Nhịp phim nhanh gọn, đôi chỗ dài dòng nhưng mang mục đích đào sâu hơn về nội tâm nhân vật, tình tiết hài xen kẽ hợp lý. Những màn xáp lá cà, đua tốc độ dàn trải suốt phim, khiến người xem khó thể rời mắt khỏi màn hình. Đặc biệt, tài năng của Muschietti kết hợp cùng diễn xuất tuyệt vời của Miller làm nên khung hình Flash vs Flash vô cùng sinh động, khó phim siêu anh hùng nào sánh được. Ngoài phân đoạn tri ân loạt tên tuổi lừng danh đã từng gắn bó với các chuyển thể siêu anh hùng DC lên màn ảnh rộng cũng khiến công chúng vô cùng xúc động, phim còn có một cameo bất ngờ.   Sự xuất sắc của The Flash là dấu chấm hết đẹp cho 10 năm DCEU, hãy cùng chờ xem tân chủ tịch James Gunn  sẽ khởi động lại vũ trụ điện ảnh hoành tráng này như thế nào!', 1, 1, '2023-06-29 13:16:17', NULL),
(4, '[Review] Spider-Man Across The Spider-Verse: Phim Siêu Anh Hùng Xuất Sắc Nhất Từ Trước Đến Nay?', 'https://www.galaxycine.vn/media/2023/6/8/spider-man-across-the-spider-verse-phim-sieu-anh-hung-xuat-sac-nhat-tu-truoc-den-nay-3_1686212459824.jpg', '5 năm trước, cả thế giới chao đảo vì Spider-Man: Into The Spider-Verse phá vỡ mọi giới hạn phim siêu anh hùng. Cậu nhóc Miles Morales đang sống cuộc đời bình thường với vài rắc rối của tuổi dậy thì. Thế nhưng, mọi thứ đổi hoàn toàn khi cậu bị nhện đột biến cắn. Được Người Nhện Peter Parker hi sinh cứu sống, Miles phải thay anh đối đầu gã Kingpin điên cuồng. Khao khát làm vợ con “sống lại”, tên phản diện này quyết tâm xé toạc vũ trụ để “bắt cóc” họ từ dòng thời gian khác… Năm 2023, cùng trở lại thành phố New York - nơi cậu nhóc Miles Morales mười lăm tuổi đang ngày càng thành thạo kĩ năng siêu anh hùng. Tuy nhiên, tương tự những Người Nhện khác, càng nhiều người được cứu, cậu càng tạo ra vô số kẻ thù. Liệu cậu có thể thay đổi số mệnh của mình? Dù thay đổi ít nhiều ghế đạo diễn và biên kịch, Across The Spider-Verse vẫn thống nhất về cốt truyện Into The Spider-Verse. Tâm lý nhân vật chính - Miles và Gwen đến vai phụ - Peter Parker hay bố mẹ Miles đều được xây dựng hợp lí và liền mạch với phần trước. Độ dài 140 phút cũng đủ giúp Across The Spider-Verse tô da đắp thịt cho những cái tên mới xuất hiện - Hobie Brown hay Miguel O’Hara. “Làm Spider-Man là một sự hi sinh.”, “Sức mạnh càng lớn, trách nhiệm càng nhiều.”… Số mệnh định sẵn muốn trở thành Người Nhện là PHẢI mất mát. Thế nhưng, cậu nhóc Miles Morales còn quá nhỏ để thấu hiểu Miguel O\'Hara.', 1, 1, '2023-06-29 13:16:17', NULL),
(5, 'Doraemon Hóa Phi Công Trong Phim Điện Ảnh Mới Nhất', 'https://www.galaxycine.vn/media/2023/5/17/doraemon-movie-2023-1_1684306892503.jpg', '<h2><strong>\'Doraemon: Nobita và vùng đất lý tưởng trên bầu trời\' - phần phim điện ảnh mới nhất năm 2023 từng kéo hơn 3,3 triệu khán giả Nhật đến rạp sẽ công chiếu tại Việt Nam từ 26/5/2023.</strong></h2><p>Phần phim mới nhất xoay quanh chuyến phiêu lưu của Doraemon, Nobita và những người bạn thân tới Paradapia - hòn đảo hình trăng lưỡi liềm lơ lửng trên bầu trời. Ở đó, tất cả đều hoàn hảo đến mức cậu nhóc Nobita mê ngủ ngày cũng có thể trở thành một thần đồng toán học, một siêu sao thể thao.</p><p>Cả hội cùng sử dụng một món bảo bối độc đáo chưa từng xuất hiện để đến với xứ sở tuyệt vời này. Cùng với những người bạn ở đây, đặc biệt là chàng robot mèo Sonya, Doraemon và các chiến hữu đã có chuyến hành trình tới vương quốc trên mây cho đến khi nhiều bí mật đằng sau vùng đất lý tưởng được hé lộ…</p><figure class=\"image\"><img src=\"https://static-images.vnncdn.net/files/publish/2023/5/5/13-2bbbbbbb-844.jpg\"></figure><p><a href=\"https://vietnamnet.vn/doraemon-tag13100795571950037803.html\"><i>Doraemon</i></a><i>: Nobita và vùng đất lý tưởng trên bầu trời </i>ra mắt tại Nhật Bản hồi tháng 3 vừa qua và nhận được phản ứng vô cùng tích cực. Phim đạt số điểm 3.9/5.0 trên trang đánh giá Eiga.com và 4.1/5.0 trên trang đánh giá Yahoo Movies, lọt top những phần có điểm số cao nhất.&nbsp;</p><p>Ở tuần thứ 7 sau khi khởi chiếu, <i>Doraemon: Nobita và vùng đất lý tưởng trên bầu trời (Doraemon The Movie: Nobita’s Sky Utopia 2023) </i>đã hút 3,37 triệu lượt khán giả đến rạp tại Nhật Bản, vượt mốc doanh thu 4 tỷ Yên.&nbsp;&nbsp;</p><figure class=\"image\"><img src=\"https://static-images.vnncdn.net/files/publish/2023/5/5/21aaaaaa-845.jpg\"><figcaption>&nbsp;</figcaption></figure><p>Khán giả Nhật Bản đánh giá, phần phim thứ 42 của loạt Doraemon có cốt truyện đặc sắc nhất, chạm đến trái tim của không chỉ các bạn nhỏ mà cả người lớn. Cùng với kịch bản được đánh giá cao, phần hình ảnh&nbsp;nhận được rất nhiều lời khen.</p><p>Nét vẽ của <a href=\"https://vietnamnet.vn/giai-tri/phim\">phim</a> trau chuốt, phần chuyển động hoạt hình mượt mà, những góc máy quay mới mẻ đặc tả cảm xúc nhân vật giúp trải nghiệm điện ảnh tại rạp thêm trọn vẹn. Tạo hình siêu đáng yêu của nhóm bạn với bộ đồ phi công, cũng như những biểu cảm dễ thương của Doraemon hứa hẹn gây cơn sốt lớn.</p><p>&nbsp;</p><figure class=\"image\"><img src=\"https://static-images.vnncdn.net/files/publish/2023/5/5/8-1aaaaa-846.jpg\"><figcaption>&nbsp;</figcaption></figure><p>Bên cạnh đó, sự tham gia của “quốc bảo ikemen” - nam ca sĩ, diễn viên rất được yêu mến Nagase Ren trong vai trò lồng tiếng cho nhân vật mèo máy Sonya cũng là một điểm khiến người xem cực kỳ phấn khích.&nbsp;</p>', 1, 1, '2023-06-29 13:16:17', '2023-07-14 00:07:25'),
(7, 'HỘP BẮP SINH NHẬT CGV', 'news/tzpginsh4vidtpif4qor', '<p><strong>1. CGV mang đến món quà đặc biệt dành cho các bạn thành viên:</strong></p><p>- Khi trở thành thành viên theo chính sách của CGV, bạn sẽ nhận được các quyền lợi vào tháng sinh nhật*, trong đó có phần quà là 01&nbsp;CGV Birthday Combo (gồm bắp và nước).</p><p>- Riêng phần bắp quà tặng này, CGV sẽ thay đổi sử dụng hộp bắp sinh nhật với bao bì được thiết kế riêng và đặc biệt.</p><p><strong>2. Thời gian áp dụng:</strong></p><p>- Khu vực TPHCM: Từ ngày 20/08/2022.</p><p>- Khu vực khác: Từ ngày 25/08/2022.</p><p>CGV mong rằng đây tuy là một sự thay đổi nhỏ nhưng mang đến nhiều ý nghĩa cho các bạn thành viên, những người đã luôn yêu quý và sử dụng dịch vụ của CGV.</p><p><strong>3. Lưu ý:</strong></p><p>- Số lượng hộp bắp sinh nhật có hạn, tùy vào số lượng tại từng rạp.</p><p>- Khi hết hộp bắp sinh nhật, CGV sẽ quay lại phục vụ bằng túi bắp thường.</p><p>*Chính sách thành viên và quà tặng sinh nhật xem <a href=\"https://www.cgv.vn/default/cgv-membership\">tại đây</a>.&nbsp;</p><p>&nbsp;</p><p><strong>ĐẶT VÉ NGAY &gt;&gt;</strong><br><br><strong>-&nbsp;</strong><a href=\"https://www.cgv.vn/default/movies/now-showing.html\"><strong>ĐẶT VÉ THEO PHIM</strong></a></p><p><strong>-&nbsp;</strong><a href=\"https://www.cgv.vn/default/cinox/site/\"><strong>ĐẶT VÉ THEO RẠP</strong></a></p><p>&nbsp;</p><p><strong>Tải app CGV để đặt vé chọn chỗ sớm hơn, nhanh hơn:</strong></p><p>-&nbsp;<a href=\"https://apps.apple.com/us/app/cgv-cinemas/id1067166194\">Tải CGV Cinemas cho iOS</a></p><p>-&nbsp;<a href=\"https://play.google.com/store/apps/details?id=com.cgv.cinema.vn\">Tải CGV Cinemas cho Android</a></p>', 0, 1, '2023-07-14 17:03:27', '2023-07-18 08:20:15');

-- --------------------------------------------------------

--
-- Table structure for table `permissions`
--

DROP TABLE IF EXISTS `permissions`;
CREATE TABLE IF NOT EXISTS `permissions` (
  `id` bigint UNSIGNED NOT NULL AUTO_INCREMENT,
  `name` varchar(255) CHARACTER SET utf8mb4 COLLATE utf8mb4_unicode_ci NOT NULL,
  `guard_name` varchar(255) CHARACTER SET utf8mb4 COLLATE utf8mb4_unicode_ci NOT NULL,
  `created_at` timestamp NULL DEFAULT NULL,
  `updated_at` timestamp NULL DEFAULT NULL,
  PRIMARY KEY (`id`),
  UNIQUE KEY `permissions_name_guard_name_unique` (`name`,`guard_name`)
) ENGINE=InnoDB AUTO_INCREMENT=19 DEFAULT CHARSET=utf8mb4 COLLATE=utf8mb4_unicode_ci;

--
-- Dumping data for table `permissions`
--

INSERT INTO `permissions` (`id`, `name`, `guard_name`, `created_at`, `updated_at`) VALUES
(1, 'movie_genre', 'web', '2023-06-29 13:16:17', '2023-06-29 13:16:17'),
(2, 'movies', 'web', '2023-06-29 13:16:17', '2023-06-29 13:16:17'),
(3, 'theater', 'web', '2023-06-29 13:16:17', '2023-06-29 13:16:17'),
(4, 'schedule_movie', 'web', '2023-06-29 13:16:17', '2023-06-29 13:16:17'),
(5, 'events', 'web', '2023-06-29 13:16:17', '2023-06-29 13:16:17'),
(6, 'ticket', 'web', '2023-06-29 13:16:17', '2023-06-29 13:16:17'),
(7, 'food', 'web', '2023-06-29 13:16:17', '2023-06-29 13:16:17'),
(8, 'user', 'web', '2023-06-29 13:16:17', '2023-06-29 13:16:17'),
(9, 'staff', 'web', '2023-06-29 13:16:17', '2023-06-29 13:16:17'),
(10, 'banners', 'web', '2023-06-29 13:16:17', '2023-06-29 13:16:17'),
(11, 'director', 'web', '2023-06-29 13:16:17', '2023-06-29 13:16:17'),
(12, 'cast', 'web', '2023-06-29 13:16:17', '2023-06-29 13:16:17'),
(13, 'statistical', 'web', '2023-06-29 13:16:17', '2023-06-29 13:16:17'),
(14, 'discount', 'web', '2023-06-29 13:16:17', '2023-06-29 13:16:17'),
(15, 'price', 'web', '2023-06-29 13:16:17', '2023-06-29 13:16:17'),
(16, 'buyTicket', 'web', '2023-06-29 13:16:17', '2023-06-29 13:16:17'),
(17, 'buyCombo', 'web', '2023-06-29 13:16:17', '2023-06-29 13:16:17'),
(18, 'feedback', 'web', '2023-06-29 13:16:17', '2023-06-29 13:16:17');

-- --------------------------------------------------------

--
-- Table structure for table `personal_access_tokens`
--

DROP TABLE IF EXISTS `personal_access_tokens`;
CREATE TABLE IF NOT EXISTS `personal_access_tokens` (
  `id` bigint UNSIGNED NOT NULL AUTO_INCREMENT,
  `tokenable_type` varchar(255) CHARACTER SET utf8mb4 COLLATE utf8mb4_unicode_ci NOT NULL,
  `tokenable_id` bigint UNSIGNED NOT NULL,
  `name` varchar(255) CHARACTER SET utf8mb4 COLLATE utf8mb4_unicode_ci NOT NULL,
  `token` varchar(64) CHARACTER SET utf8mb4 COLLATE utf8mb4_unicode_ci NOT NULL,
  `abilities` text CHARACTER SET utf8mb4 COLLATE utf8mb4_unicode_ci,
  `last_used_at` timestamp NULL DEFAULT NULL,
  `created_at` timestamp NULL DEFAULT NULL,
  `updated_at` timestamp NULL DEFAULT NULL,
  PRIMARY KEY (`id`),
  UNIQUE KEY `personal_access_tokens_token_unique` (`token`),
  KEY `personal_access_tokens_tokenable_type_tokenable_id_index` (`tokenable_type`,`tokenable_id`)
) ENGINE=InnoDB DEFAULT CHARSET=utf8mb4 COLLATE=utf8mb4_unicode_ci;

-- --------------------------------------------------------

--
-- Table structure for table `posts`
--

DROP TABLE IF EXISTS `posts`;
CREATE TABLE IF NOT EXISTS `posts` (
  `id` bigint UNSIGNED NOT NULL AUTO_INCREMENT,
  `title` varchar(255) CHARACTER SET utf8mb4 COLLATE utf8mb4_unicode_ci NOT NULL,
  `image` text CHARACTER SET utf8mb4 COLLATE utf8mb4_unicode_ci NOT NULL,
  `content` text CHARACTER SET utf8mb4 COLLATE utf8mb4_unicode_ci NOT NULL,
  `conditions` text CHARACTER SET utf8mb4 COLLATE utf8mb4_unicode_ci NOT NULL,
  `status` tinyint(1) NOT NULL DEFAULT '0',
  `user_id` bigint UNSIGNED NOT NULL,
  `created_at` timestamp NULL DEFAULT NULL,
  `updated_at` timestamp NULL DEFAULT NULL,
  PRIMARY KEY (`id`),
  KEY `posts_user_id_foreign` (`user_id`)
) ENGINE=InnoDB AUTO_INCREMENT=6 DEFAULT CHARSET=utf8mb4 COLLATE=utf8mb4_unicode_ci;

--
-- Dumping data for table `posts`
--

INSERT INTO `posts` (`id`, `title`, `image`, `content`, `conditions`, `status`, `user_id`, `created_at`, `updated_at`) VALUES
(1, 'U2 Vui Vẻ-Bắp Nước Siêu Hạt Dẻ', 'https://www.galaxycine.vn/media/2022/11/1/combo-u22-digital-1135x660_1667285093971.jpg', 'Cuối 2022, Galaxy Cinema dành tặng các Stars từ 22 tuổi trở xuống một phần quà ưu khủng. Từ 01.11.2022, Galaxy Cinema chính thức ra mắt Combo ưu tiên chỉ dành riêng cho các Stars từ 13 đến 22 tuổi. Đến Galaxy Cinema, thưởng thức loạt phim hay và mua ngay Combo 1 U22 đủ bắp giòn nước ngọt chỉ từ 49k. Muốn thêm phần nước, hãy chọn Combo 2 U22 chỉ từ 59k. Lưu ý: Các rạp tại Tp. Hồ Chí Minh, Hà Nội, Hải Phòng thêm 10k mỗi loại Combo.', 'Dành cho khách hàng thành viên U22 (độ tuổi 13-22). Áp dụng khi mua trực tiếp tại quầy. Vui lòng xuất trình đồng thời giấy tờ tùy thân có ngày sinh hoặc vé U22 kèm thông tin thành viên hợp lệ (thẻ thành viên, app) khi mua combo. Mỗi khách hàng mua tối đa 01 Combo 1/ Combo 2 U22 mỗi lần. Trong mọi trường hợp, quyết định của Galaxy Cinema là quyết định cuối cùng.', 1, 1, NULL, NULL),
(2, 'Milo Siêu Khủng Giá Chỉ 19K!', 'https://www.galaxycine.vn/media/2023/4/19/milo-kv-1135x660_1681889209366.jpg', 'Vào thứ 4 cuối cùng mỗi tháng, đồng giá 19k/ ly Milo size L siêu khủng khi mua kèm 01 hộp bắp hoặc bất kỳ combo nào khác. Mau đặt vé để vừa thưởng thức siêu phẩm The Little Mermaid, phim hoạt hình Doraemon: Nobita\'s Sky Utopia, tác phẩm hành động Fast X… vừa nhâm nhi Milo thơm ngọt nhé!', 'Áp dụng cho khách hàng là thành viên của Galaxy Cinema. Áp dụng giá ưu đãi cho tối đa 02 ly Milo khi mua kèm 01 hộp bắp hoặc 1 combo Bất Kỳ. Áp dụng cộng lũy tiến theo điều kiện chương trình. Khách hàng đã mua Bắp hoặc Combo Online vui lòng trình giao dịch cho: nhân viên trước khi thanh toán; trước khi đổi bắp nước đã mua online. Không giới hạn số lần tham gia chương trình. Trong mọi trường hợp, quyết định của Galaxy Cinema là quyết định cuối cùng ', 1, 1, NULL, NULL),
(3, 'VNPAY Giảm Ngay 15K!', 'https://www.galaxycine.vn/media/2023/4/28/1135-x-660_1682665330285.jpg', 'Khách hàng sẽ được hưởng loạt Bom tấn điện ảnh Việt tại Galaxy trong dịp lễ này, còn gì tuyệt vời hơn khi vừa được thưởng thức phim hay, hưởng ưu đãi ngập tràn mà còn được giảm giá khi thanh toán qua VNPAY-QR, chi tiết như sau: Bước 1: Khách hàng mở Ví VNPAY/App Mobile Banking và chọn “Quét QR” Bước 2: Scan mã thanh toán trên màn hình của Thu ngân Bước 3: Tại bước chờ xác nhận thanh toán, Khách hàng nhập mã “VNPAYGLX” hoặc “VNPAYGLX2” tại ô “Nhập mã giảm giá” Bước 4: Bấm “Xác nhận thanh toán” Khách hàng sẽ được giảm ngay 15K', 'Agribank, Vietcombank, VietinBank, BIDV, VÍ VNPAY ABBANK, BAOVIETBank, SCB, EXIMBANK HDBANK, VIETABANK, Ocean Bank, BIDC SAIGONBANK, IVB, VIETABANK, Public Bank Vietnam, Coop Bank ', 1, 1, NULL, NULL),
(4, 'Happy Day', 'https://www.galaxycine.vn/media/2022/1/13/1135x660_1642060289192.jpg', 'Vào thứ 3 hàng tuần – Happy Day, Galaxy Cinema dành tặng giá vé ưu đãi CHỈ TỪ 50K! ', 'Áp dụng mỗi thứ 3 hàng tuần. Áp dụng cho tất cả khách hàng. Trong mọi trường hợp, quyết định của Galaxy Cinema là quyết định cuối cùng.', 1, 1, NULL, NULL),
(5, 'Chào 2023, Đón Mưa Quà Tặng Thành Viên Từ Galaxy Cinema!', 'https://www.galaxycine.vn/media/2023/1/17/bangqltv-2023-digital-1135x660_1673940857578.jpg', 'Chỉ cần là thành viên Galaxy Cinema, nhận ngay 1 bắp 2 nước! Từ 22.01.2023, Galaxy Cinema mang đến cho các Stars chính sách quà tặng tối ưu nhất từ trước đến nay! Tích lũy điểm thưởng và sử dụng thanh toán vé/ bắp nước. Khách hàng thành viên có sinh nhật trong tháng sẽ được tặng combo 2 - 01 bắp ngọt -2 nước. Đặc biệt hơn nữa, G-Star và X-Star vừa nhận combo vừa có thêm vé mừng sinh nhật.', 'Vé sinh nhật có thể sử dụng trong tháng tương ứng. Riêng thành viên sinh tháng 1 có thể đổi quà đến hết ngày 28.02.2023. Quà tặng sinh nhật (combo 2, vé xem phim 2D dành cho thành viên hạng G-Star, X-Star) được thả vào tài khoản thành viên & có giá trị sử dụng hiệu lực trong tháng sinh nhật thành viên. Thành viên phải có ít nhất 1 giao dịch (vé/ bắp nước) với chi tiêu > 0 trong vòng 12 tháng trở lại. Thành viên tiếp tục được tặng vé khi nâng hạng. Số vé tặng hạng thành viên G-Star 02 vé/năm. Khi thành viên G-Star thoả điều kiện nâng hạng thành X-Star, số vé tặng thêm là 02 vé. Tổng số vé tặng hạng thành viên X-Star là 04 vé/năm. Trong mọi trường hợp, quyết định của Galaxy Cinema là quyết định cuối cùng.', 1, 1, NULL, NULL);

-- --------------------------------------------------------

--
-- Table structure for table `prices`
--

DROP TABLE IF EXISTS `prices`;
CREATE TABLE IF NOT EXISTS `prices` (
  `id` bigint UNSIGNED NOT NULL AUTO_INCREMENT,
  `user_id` bigint UNSIGNED DEFAULT NULL,
  `price` int NOT NULL DEFAULT '0',
  `day` varchar(255) CHARACTER SET utf8mb4 COLLATE utf8mb4_unicode_ci NOT NULL,
  `after` time NOT NULL DEFAULT '08:00:00',
  `generation` varchar(255) CHARACTER SET utf8mb4 COLLATE utf8mb4_unicode_ci NOT NULL,
  `created_at` timestamp NULL DEFAULT NULL,
  `updated_at` timestamp NULL DEFAULT NULL,
  PRIMARY KEY (`id`),
  KEY `fk_prices_users_idx` (`user_id`)
) ENGINE=InnoDB AUTO_INCREMENT=17 DEFAULT CHARSET=utf8mb4 COLLATE=utf8mb4_unicode_ci;

--
-- Dumping data for table `prices`
--

INSERT INTO `prices` (`id`, `user_id`, `price`, `day`, `after`, `generation`, `created_at`, `updated_at`) VALUES
(1, NULL, 70000, 'Monday, Tuesday, Wednesday, Thursday', '08:00:00', 'hssv', '2023-06-29 00:00:00', '2023-06-29 00:00:00'),
(2, NULL, 80000, 'Monday, Tuesday, Wednesday, Thursday', '17:00:00', 'hssv', '2023-06-29 00:00:00', '2023-06-29 00:00:00'),
(3, NULL, 80000, 'Monday, Tuesday, Wednesday, Thursday', '08:00:00', 'nl', '2023-06-29 00:00:00', '2023-06-29 00:00:00'),
(4, NULL, 90000, 'Monday, Tuesday, Wednesday, Thursday', '17:00:00', 'nl', '2023-06-29 00:00:00', '2023-06-29 00:00:00'),
(5, NULL, 60000, 'Monday, Tuesday, Wednesday, Thursday', '08:00:00', 'nctte', '2023-06-29 00:00:00', '2023-06-29 00:00:00'),
(6, NULL, 70000, 'Monday, Tuesday, Wednesday, Thursday', '17:00:00', 'nctte', '2023-06-29 00:00:00', '2023-06-29 00:00:00'),
(7, NULL, 75000, 'Monday, Tuesday, Wednesday, Thursday', '08:00:00', 'vtt', '2023-06-29 00:00:00', '2023-06-29 00:00:00'),
(8, NULL, 85000, 'Monday, Tuesday, Wednesday, Thursday', '17:00:00', 'vtt', '2023-06-29 00:00:00', '2023-06-29 00:00:00'),
(9, NULL, 80000, 'Friday, Saturday, Sunday', '08:00:00', 'hssv', '2023-06-29 00:00:00', '2023-06-29 00:00:00'),
(10, NULL, 100000, 'Friday, Saturday, Sunday', '17:00:00', 'hssv', '2023-06-29 00:00:00', '2023-06-29 00:00:00'),
(11, NULL, 90000, 'Friday, Saturday, Sunday', '08:00:00', 'nl', '2023-06-29 00:00:00', '2023-06-29 00:00:00'),
(12, NULL, 120000, 'Friday, Saturday, Sunday', '17:00:00', 'nl', '2023-06-29 00:00:00', '2023-06-29 00:00:00'),
(13, NULL, 70000, 'Friday, Saturday, Sunday', '08:00:00', 'nctte', '2023-06-29 00:00:00', '2023-06-29 00:00:00'),
(14, NULL, 80000, 'Friday, Saturday, Sunday', '17:00:00', 'nctte', '2023-06-29 00:00:00', '2023-06-29 00:00:00'),
(15, NULL, 85000, 'Friday, Saturday, Sunday', '08:00:00', 'vtt', '2023-06-29 00:00:00', '2023-06-29 00:00:00'),
(16, NULL, 90000, 'Friday, Saturday, Sunday', '17:00:00', 'vtt', '2023-06-29 00:00:00', '2023-06-29 00:00:00');

-- --------------------------------------------------------

--
-- Table structure for table `rating`
--

DROP TABLE IF EXISTS `rating`;
CREATE TABLE IF NOT EXISTS `rating` (
  `id` bigint UNSIGNED NOT NULL AUTO_INCREMENT,
  `name` varchar(255) CHARACTER SET utf8mb4 COLLATE utf8mb4_unicode_ci NOT NULL,
  `description` varchar(255) CHARACTER SET utf8mb4 COLLATE utf8mb4_unicode_ci NOT NULL,
  `created_at` timestamp NULL DEFAULT NULL,
  `updated_at` timestamp NULL DEFAULT NULL,
  PRIMARY KEY (`id`)
) ENGINE=InnoDB AUTO_INCREMENT=6 DEFAULT CHARSET=utf8mb4 COLLATE=utf8mb4_unicode_ci;

--
-- Dumping data for table `rating`
--

INSERT INTO `rating` (`id`, `name`, `description`, `created_at`, `updated_at`) VALUES
(1, 'C13', 'PHIM ĐƯỢC PHỔ BIẾN ĐẾN NGƯỜI XEM TỪ ĐỦ 13 TUỔI TRỞ LÊN (13+)', NULL, NULL),
(2, 'C16', 'PHIM ĐƯỢC PHỔ BIẾN ĐẾN NGƯỜI XEM TỪ ĐỦ 16 TUỔI TRỞ LÊN (16+)', NULL, NULL),
(3, 'C18', 'PHIM ĐƯỢC PHỔ BIẾN ĐẾN NGƯỜI XEM TỪ ĐỦ 18 TUỔI TRỞ LÊN (18+)', NULL, NULL),
(4, 'P', 'PHIM ĐƯỢC PHÉP PHỔ BIẾN ĐẾN NGƯỜI XEM Ở MỌI ĐỘ TUỔI.', NULL, NULL),
(5, 'K', 'PHIM ĐƯỢC PHỔ BIẾN ĐẾN NGƯỜI XEM DƯỚI 13 TUỔI VÀ CÓ NGƯỜI BẢO HỘ ĐI KÈM.', NULL, NULL);

-- --------------------------------------------------------

--
-- Table structure for table `roles`
--

DROP TABLE IF EXISTS `roles`;
CREATE TABLE IF NOT EXISTS `roles` (
  `id` bigint UNSIGNED NOT NULL AUTO_INCREMENT,
  `name` varchar(255) CHARACTER SET utf8mb4 COLLATE utf8mb4_unicode_ci NOT NULL,
  `guard_name` varchar(255) CHARACTER SET utf8mb4 COLLATE utf8mb4_unicode_ci NOT NULL,
  `created_at` timestamp NULL DEFAULT NULL,
  `updated_at` timestamp NULL DEFAULT NULL,
  PRIMARY KEY (`id`),
  UNIQUE KEY `roles_name_guard_name_unique` (`name`,`guard_name`)
) ENGINE=InnoDB AUTO_INCREMENT=4 DEFAULT CHARSET=utf8mb4 COLLATE=utf8mb4_unicode_ci;

--
-- Dumping data for table `roles`
--

INSERT INTO `roles` (`id`, `name`, `guard_name`, `created_at`, `updated_at`) VALUES
(1, 'admin', 'web', '2023-06-29 13:16:17', '2023-06-29 13:16:17'),
(2, 'staff', 'web', '2023-06-29 13:16:17', '2023-06-29 13:16:17'),
(3, 'user', 'web', '2023-06-29 13:16:17', '2023-06-29 13:16:17');

-- --------------------------------------------------------

--
-- Table structure for table `role_has_permissions`
--

DROP TABLE IF EXISTS `role_has_permissions`;
CREATE TABLE IF NOT EXISTS `role_has_permissions` (
  `permission_id` bigint UNSIGNED NOT NULL,
  `role_id` bigint UNSIGNED NOT NULL,
  PRIMARY KEY (`permission_id`,`role_id`),
  KEY `role_has_permissions_role_id_foreign` (`role_id`)
) ENGINE=InnoDB DEFAULT CHARSET=utf8mb4 COLLATE=utf8mb4_unicode_ci;

-- --------------------------------------------------------

--
-- Table structure for table `rooms`
--

DROP TABLE IF EXISTS `rooms`;
CREATE TABLE IF NOT EXISTS `rooms` (
  `id` bigint UNSIGNED NOT NULL AUTO_INCREMENT,
  `name` varchar(255) CHARACTER SET utf8mb4 COLLATE utf8mb4_unicode_ci NOT NULL,
  `roomType_id` bigint UNSIGNED NOT NULL,
  `theater_id` bigint UNSIGNED NOT NULL,
  `status` tinyint(1) NOT NULL DEFAULT '0',
  `created_at` timestamp NULL DEFAULT NULL,
  `updated_at` timestamp NULL DEFAULT NULL,
  PRIMARY KEY (`id`),
  KEY `rooms_roomtype_id_foreign` (`roomType_id`),
  KEY `rooms_theater_id_foreign` (`theater_id`)
) ENGINE=InnoDB AUTO_INCREMENT=21 DEFAULT CHARSET=utf8mb4 COLLATE=utf8mb4_unicode_ci;

--
-- Dumping data for table `rooms`
--

INSERT INTO `rooms` (`id`, `name`, `roomType_id`, `theater_id`, `status`, `created_at`, `updated_at`) VALUES
(1, 'Phòng 1', 1, 1, 1, NULL, NULL),
(2, 'Phòng 2', 1, 1, 1, NULL, NULL),
(3, 'Phòng 1', 1, 2, 1, NULL, NULL),
(4, 'Phòng couple', 1, 2, 1, NULL, NULL),
(5, 'Phòng imax', 1, 2, 1, NULL, NULL),
(6, 'Phòng 1', 1, 3, 1, NULL, '2023-08-13 07:53:42'),
(12, 'phòng 5', 2, 1, 1, '2023-07-06 10:22:24', '2023-07-06 11:27:51'),
(13, 'phòng 6', 3, 1, 1, '2023-07-06 10:48:49', '2023-07-06 10:48:57'),
(16, 'Phòng 2', 1, 3, 1, '2023-07-13 13:53:32', '2023-07-13 13:53:41'),
(20, 'test1', 1, 1, 0, '2023-08-14 03:51:57', '2023-08-16 03:21:22');

-- --------------------------------------------------------

--
-- Table structure for table `roomtypes`
--

DROP TABLE IF EXISTS `roomtypes`;
CREATE TABLE IF NOT EXISTS `roomtypes` (
  `id` bigint UNSIGNED NOT NULL AUTO_INCREMENT,
  `name` varchar(255) CHARACTER SET utf8mb4 COLLATE utf8mb4_unicode_ci NOT NULL,
  `surcharge` int NOT NULL DEFAULT '0',
  `created_at` timestamp NULL DEFAULT NULL,
  `updated_at` timestamp NULL DEFAULT NULL,
  PRIMARY KEY (`id`)
) ENGINE=InnoDB AUTO_INCREMENT=5 DEFAULT CHARSET=utf8mb4 COLLATE=utf8mb4_unicode_ci;

--
-- Dumping data for table `roomtypes`
--

INSERT INTO `roomtypes` (`id`, `name`, `surcharge`, `created_at`, `updated_at`) VALUES
(1, '2D', 0, NULL, '2023-08-12 09:19:31'),
(2, '3D', 50000, NULL, '2023-08-12 09:19:31'),
(3, '4D', 60000, NULL, NULL),
(4, 'IMAX', 100000, NULL, NULL);

-- --------------------------------------------------------

--
-- Table structure for table `schedules`
--

DROP TABLE IF EXISTS `schedules`;
CREATE TABLE IF NOT EXISTS `schedules` (
  `id` bigint UNSIGNED NOT NULL AUTO_INCREMENT,
  `room_id` bigint UNSIGNED NOT NULL,
  `movie_id` bigint UNSIGNED NOT NULL,
  `audio_id` bigint UNSIGNED NOT NULL,
  `subtitle_id` bigint UNSIGNED NOT NULL,
  `date` date NOT NULL,
  `startTime` time NOT NULL,
  `endTime` time NOT NULL,
  `early` tinyint(1) NOT NULL DEFAULT '0',
  `status` tinyint(1) NOT NULL DEFAULT '0',
  `created_at` timestamp NULL DEFAULT NULL,
  `updated_at` timestamp NULL DEFAULT NULL,
  PRIMARY KEY (`id`),
  KEY `schedules_room_id_foreign` (`room_id`),
  KEY `schedules_movie_id_foreign` (`movie_id`),
  KEY `schedules_audio_id_foreign` (`audio_id`),
  KEY `schedules_subtitle_id_foreign` (`subtitle_id`)
) ENGINE=InnoDB AUTO_INCREMENT=988 DEFAULT CHARSET=utf8mb4 COLLATE=utf8mb4_unicode_ci;

--
-- Dumping data for table `schedules`
--

INSERT INTO `schedules` (`id`, `room_id`, `movie_id`, `audio_id`, `subtitle_id`, `date`, `startTime`, `endTime`, `early`, `status`, `created_at`, `updated_at`) VALUES
(1, 1, 4, 1, 1, '2023-06-30', '08:00:00', '10:30:00', 0, 0, '2023-06-29 17:38:13', '2023-08-16 03:22:56'),
(2, 1, 4, 1, 1, '2023-06-30', '10:40:00', '13:10:00', 0, 0, '2023-06-29 17:38:13', '2023-08-16 03:22:56'),
(3, 1, 4, 1, 1, '2023-06-30', '13:20:00', '15:50:00', 0, 0, '2023-06-29 17:38:13', '2023-08-16 03:22:56'),
(4, 1, 4, 1, 1, '2023-06-30', '16:00:00', '18:30:00', 0, 0, '2023-06-29 17:38:13', '2023-08-16 03:22:56'),
(5, 1, 4, 1, 1, '2023-06-30', '18:40:00', '21:10:00', 0, 0, '2023-06-29 17:38:13', '2023-08-16 03:22:56'),
(6, 1, 4, 1, 1, '2023-06-30', '21:20:00', '23:50:00', 0, 0, '2023-06-29 17:38:13', '2023-08-16 03:22:56'),
(7, 2, 5, 1, 1, '2023-06-30', '08:00:00', '09:30:00', 0, 0, '2023-06-29 17:38:28', '2023-08-16 03:22:56'),
(8, 2, 5, 1, 1, '2023-06-30', '09:40:00', '11:10:00', 0, 0, '2023-06-29 17:38:28', '2023-08-16 03:22:56'),
(9, 2, 5, 1, 1, '2023-06-30', '11:20:00', '12:50:00', 0, 0, '2023-06-29 17:38:28', '2023-08-16 03:22:56'),
(10, 2, 5, 1, 1, '2023-06-30', '13:00:00', '14:30:00', 0, 0, '2023-06-29 17:38:28', '2023-08-16 03:22:56'),
(11, 2, 5, 1, 1, '2023-06-30', '14:40:00', '16:10:00', 0, 0, '2023-06-29 17:38:28', '2023-08-16 03:22:56'),
(12, 2, 5, 1, 1, '2023-06-30', '16:20:00', '17:50:00', 0, 0, '2023-06-29 17:38:28', '2023-08-16 03:22:56'),
(13, 2, 5, 1, 1, '2023-06-30', '18:00:00', '19:30:00', 0, 0, '2023-06-29 17:38:28', '2023-08-16 03:22:56'),
(14, 2, 5, 1, 1, '2023-06-30', '19:40:00', '21:10:00', 0, 0, '2023-06-29 17:38:28', '2023-08-16 03:22:56'),
(15, 2, 5, 1, 1, '2023-06-30', '21:20:00', '22:50:00', 0, 0, '2023-06-29 17:38:28', '2023-08-16 03:22:56'),
(16, 3, 6, 1, 1, '2023-06-30', '08:00:00', '09:50:00', 0, 0, '2023-06-29 17:38:39', '2023-08-16 03:22:56'),
(17, 3, 6, 1, 1, '2023-06-30', '10:00:00', '11:50:00', 0, 0, '2023-06-29 17:38:39', '2023-08-16 03:22:56'),
(18, 3, 6, 1, 1, '2023-06-30', '12:00:00', '13:50:00', 0, 0, '2023-06-29 17:38:39', '2023-08-16 03:22:56'),
(19, 3, 6, 1, 1, '2023-06-30', '14:00:00', '15:50:00', 0, 0, '2023-06-29 17:38:39', '2023-08-16 03:22:56'),
(20, 3, 6, 1, 1, '2023-06-30', '16:00:00', '17:50:00', 0, 0, '2023-06-29 17:38:39', '2023-08-16 03:22:56'),
(21, 3, 6, 1, 1, '2023-06-30', '18:00:00', '19:50:00', 0, 0, '2023-06-29 17:38:39', '2023-08-16 03:22:56'),
(22, 3, 6, 1, 1, '2023-06-30', '20:00:00', '21:50:00', 0, 0, '2023-06-29 17:38:39', '2023-08-16 03:22:56'),
(23, 3, 6, 1, 1, '2023-06-30', '22:00:00', '23:50:00', 0, 0, '2023-06-29 17:38:39', '2023-08-16 03:22:56'),
(24, 4, 8, 1, 1, '2023-06-30', '08:00:00', '10:15:00', 0, 0, '2023-06-29 17:38:50', '2023-08-16 03:22:56'),
(25, 4, 8, 1, 1, '2023-06-30', '10:25:00', '12:40:00', 0, 0, '2023-06-29 17:38:56', '2023-08-16 03:22:56'),
(26, 4, 8, 1, 1, '2023-06-30', '12:50:00', '15:05:00', 0, 0, '2023-06-29 17:38:56', '2023-08-16 03:22:56'),
(27, 4, 8, 1, 1, '2023-06-30', '15:15:00', '17:30:00', 0, 0, '2023-06-29 17:38:56', '2023-08-16 03:22:56'),
(28, 4, 8, 1, 1, '2023-06-30', '17:40:00', '19:55:00', 0, 0, '2023-06-29 17:38:56', '2023-08-16 03:22:56'),
(29, 4, 8, 1, 1, '2023-06-30', '20:05:00', '22:20:00', 0, 0, '2023-06-29 17:38:56', '2023-08-16 03:22:56'),
(30, 5, 9, 1, 1, '2023-06-30', '08:00:00', '10:20:00', 0, 0, '2023-06-29 17:39:08', '2023-08-16 03:22:56'),
(31, 5, 9, 1, 1, '2023-06-30', '10:30:00', '12:50:00', 0, 0, '2023-06-29 17:39:08', '2023-08-16 03:22:56'),
(32, 5, 9, 1, 1, '2023-06-30', '13:00:00', '15:20:00', 0, 0, '2023-06-29 17:39:08', '2023-08-16 03:22:56'),
(33, 5, 9, 1, 1, '2023-06-30', '15:30:00', '17:50:00', 0, 0, '2023-06-29 17:39:08', '2023-08-16 03:22:56'),
(34, 5, 9, 1, 1, '2023-06-30', '18:00:00', '20:20:00', 0, 0, '2023-06-29 17:39:08', '2023-08-16 03:22:56'),
(35, 5, 9, 1, 1, '2023-06-30', '20:30:00', '22:50:00', 0, 0, '2023-06-29 17:39:08', '2023-08-16 03:22:56'),
(36, 1, 4, 1, 1, '2023-06-29', '08:00:00', '10:30:00', 0, 0, '2023-06-29 17:39:31', '2023-08-16 03:22:56'),
(37, 1, 4, 1, 1, '2023-06-29', '10:40:00', '13:10:00', 0, 0, '2023-06-29 17:39:32', '2023-08-16 03:22:56'),
(38, 1, 4, 1, 1, '2023-06-29', '13:20:00', '15:50:00', 0, 0, '2023-06-29 17:39:32', '2023-08-16 03:22:56'),
(39, 1, 4, 1, 1, '2023-06-29', '16:00:00', '18:30:00', 0, 0, '2023-06-29 17:39:32', '2023-08-16 03:22:56'),
(40, 1, 4, 1, 1, '2023-06-29', '18:40:00', '21:10:00', 0, 0, '2023-06-29 17:39:32', '2023-08-16 03:22:56'),
(41, 1, 4, 1, 1, '2023-06-29', '21:20:00', '23:50:00', 0, 0, '2023-06-29 17:39:32', '2023-08-16 03:22:56'),
(42, 1, 4, 1, 1, '2023-07-01', '08:00:00', '10:30:00', 0, 0, '2023-07-01 15:10:06', '2023-08-16 03:22:56'),
(43, 1, 4, 1, 1, '2023-07-01', '10:40:00', '13:10:00', 0, 0, '2023-07-01 15:10:06', '2023-08-16 03:22:56'),
(44, 1, 4, 1, 1, '2023-07-01', '13:20:00', '15:50:00', 0, 0, '2023-07-01 15:10:06', '2023-08-16 03:22:56'),
(45, 1, 4, 1, 1, '2023-07-01', '16:00:00', '18:30:00', 0, 0, '2023-07-01 15:10:06', '2023-08-16 03:22:56'),
(46, 1, 4, 1, 1, '2023-07-01', '18:40:00', '21:10:00', 0, 0, '2023-07-01 15:10:06', '2023-08-16 03:22:56'),
(47, 1, 4, 1, 1, '2023-07-01', '21:20:00', '23:50:00', 0, 0, '2023-07-01 15:10:06', '2023-08-16 03:22:56'),
(48, 2, 5, 1, 1, '2023-07-01', '08:00:00', '09:30:00', 0, 0, '2023-07-01 15:10:14', '2023-08-16 03:22:56'),
(49, 2, 5, 1, 1, '2023-07-01', '09:40:00', '11:10:00', 0, 0, '2023-07-01 15:10:14', '2023-08-16 03:22:56'),
(50, 2, 5, 1, 1, '2023-07-01', '11:20:00', '12:50:00', 0, 0, '2023-07-01 15:10:14', '2023-08-16 03:22:56'),
(51, 2, 5, 1, 1, '2023-07-01', '13:00:00', '14:30:00', 0, 0, '2023-07-01 15:10:14', '2023-08-16 03:22:56'),
(52, 2, 5, 1, 1, '2023-07-01', '14:40:00', '16:10:00', 0, 0, '2023-07-01 15:10:14', '2023-08-16 03:22:56'),
(53, 2, 5, 1, 1, '2023-07-01', '16:20:00', '17:50:00', 0, 0, '2023-07-01 15:10:14', '2023-08-16 03:22:56'),
(54, 2, 5, 1, 1, '2023-07-01', '18:00:00', '19:30:00', 0, 0, '2023-07-01 15:10:14', '2023-08-16 03:22:56'),
(55, 2, 5, 1, 1, '2023-07-01', '19:40:00', '21:10:00', 0, 0, '2023-07-01 15:10:14', '2023-08-16 03:22:56'),
(56, 2, 5, 1, 1, '2023-07-01', '21:20:00', '22:50:00', 0, 0, '2023-07-01 15:10:14', '2023-08-16 03:22:56'),
(57, 1, 4, 1, 1, '2023-07-02', '08:00:00', '10:30:00', 0, 0, '2023-07-01 15:10:27', '2023-08-16 03:22:56'),
(58, 1, 4, 1, 1, '2023-07-02', '10:40:00', '13:10:00', 0, 0, '2023-07-01 15:10:27', '2023-08-16 03:22:56'),
(59, 1, 4, 1, 1, '2023-07-02', '13:20:00', '15:50:00', 0, 0, '2023-07-01 15:10:27', '2023-08-16 03:22:56'),
(60, 1, 4, 1, 1, '2023-07-02', '16:00:00', '18:30:00', 0, 0, '2023-07-01 15:10:27', '2023-08-16 03:22:56'),
(61, 1, 4, 1, 1, '2023-07-02', '18:40:00', '21:10:00', 0, 0, '2023-07-01 15:10:27', '2023-08-16 03:22:56'),
(62, 1, 4, 1, 1, '2023-07-02', '21:20:00', '23:50:00', 0, 0, '2023-07-01 15:10:27', '2023-08-16 03:22:56'),
(63, 2, 7, 1, 1, '2023-07-02', '08:00:00', '09:35:00', 0, 0, '2023-07-01 15:10:38', '2023-08-16 03:22:56'),
(64, 2, 7, 1, 1, '2023-07-02', '09:45:00', '11:20:00', 0, 0, '2023-07-01 15:10:38', '2023-08-16 03:22:56'),
(65, 2, 7, 1, 1, '2023-07-02', '11:30:00', '13:05:00', 0, 0, '2023-07-01 15:10:38', '2023-08-16 03:22:56'),
(66, 2, 7, 1, 1, '2023-07-02', '13:15:00', '14:50:00', 0, 0, '2023-07-01 15:10:38', '2023-08-16 03:22:56'),
(67, 2, 7, 1, 1, '2023-07-02', '15:00:00', '16:35:00', 0, 0, '2023-07-01 15:10:38', '2023-08-16 03:22:56'),
(68, 2, 7, 1, 1, '2023-07-02', '16:45:00', '18:20:00', 0, 0, '2023-07-01 15:10:38', '2023-08-16 03:22:56'),
(69, 2, 7, 1, 1, '2023-07-02', '18:30:00', '20:05:00', 0, 0, '2023-07-01 15:10:38', '2023-08-16 03:22:56'),
(70, 2, 7, 1, 1, '2023-07-02', '20:15:00', '21:50:00', 0, 0, '2023-07-01 15:10:38', '2023-08-16 03:22:56'),
(71, 2, 7, 1, 1, '2023-07-02', '22:00:00', '23:35:00', 0, 0, '2023-07-01 15:10:38', '2023-08-16 03:22:56'),
(88, 1, 8, 1, 1, '2023-07-03', '08:00:00', '10:15:00', 0, 0, '2023-07-01 22:46:07', '2023-08-16 03:22:56'),
(89, 1, 8, 1, 1, '2023-07-03', '10:25:00', '12:40:00', 0, 0, '2023-07-01 22:46:07', '2023-08-16 03:22:56'),
(90, 1, 8, 1, 1, '2023-07-03', '12:50:00', '15:05:00', 0, 0, '2023-07-01 22:46:07', '2023-08-16 03:22:56'),
(91, 1, 8, 1, 1, '2023-07-03', '15:15:00', '17:30:00', 0, 0, '2023-07-01 22:46:07', '2023-08-16 03:22:56'),
(92, 1, 8, 1, 1, '2023-07-03', '17:40:00', '19:55:00', 0, 0, '2023-07-01 22:46:07', '2023-08-16 03:22:56'),
(93, 1, 8, 1, 1, '2023-07-03', '20:05:00', '22:20:00', 0, 0, '2023-07-01 22:46:07', '2023-08-16 03:22:56'),
(94, 1, 5, 1, 1, '2023-07-06', '08:00:00', '09:30:00', 0, 0, '2023-07-04 11:46:21', '2023-08-16 03:22:56'),
(95, 1, 5, 1, 1, '2023-07-06', '09:40:00', '11:10:00', 0, 0, '2023-07-04 11:46:21', '2023-08-16 03:22:56'),
(96, 1, 5, 1, 1, '2023-07-06', '11:20:00', '12:50:00', 0, 0, '2023-07-04 11:46:21', '2023-08-16 03:22:56'),
(97, 1, 5, 1, 1, '2023-07-06', '13:00:00', '14:30:00', 0, 0, '2023-07-04 11:46:21', '2023-08-16 03:22:56'),
(98, 1, 5, 1, 1, '2023-07-06', '14:40:00', '16:10:00', 0, 0, '2023-07-04 11:46:21', '2023-08-16 03:22:56'),
(99, 1, 5, 1, 1, '2023-07-06', '16:20:00', '17:50:00', 0, 0, '2023-07-04 11:46:21', '2023-08-16 03:22:56'),
(100, 1, 5, 1, 1, '2023-07-06', '18:00:00', '19:30:00', 0, 0, '2023-07-04 11:46:21', '2023-08-16 03:22:56'),
(101, 1, 5, 1, 1, '2023-07-06', '19:40:00', '21:10:00', 0, 0, '2023-07-04 11:46:21', '2023-08-16 03:22:56'),
(102, 1, 5, 1, 1, '2023-07-06', '21:20:00', '22:50:00', 0, 0, '2023-07-04 11:46:21', '2023-08-16 03:22:56'),
(103, 3, 5, 1, 1, '2023-07-06', '08:00:00', '09:30:00', 0, 0, '2023-07-04 11:46:29', '2023-08-16 03:22:56'),
(104, 3, 5, 1, 1, '2023-07-06', '09:40:00', '11:10:00', 0, 0, '2023-07-04 11:46:29', '2023-08-16 03:22:56'),
(105, 3, 5, 1, 1, '2023-07-06', '11:20:00', '12:50:00', 0, 0, '2023-07-04 11:46:29', '2023-08-16 03:22:56'),
(106, 3, 5, 1, 1, '2023-07-06', '13:00:00', '14:30:00', 0, 0, '2023-07-04 11:46:29', '2023-08-16 03:22:56'),
(107, 3, 5, 1, 1, '2023-07-06', '14:40:00', '16:10:00', 0, 0, '2023-07-04 11:46:29', '2023-08-16 03:22:56'),
(108, 3, 5, 1, 1, '2023-07-06', '16:20:00', '17:50:00', 0, 0, '2023-07-04 11:46:29', '2023-08-16 03:22:56'),
(109, 3, 5, 1, 1, '2023-07-06', '18:00:00', '19:30:00', 0, 0, '2023-07-04 11:46:29', '2023-08-16 03:22:56'),
(110, 3, 5, 1, 1, '2023-07-06', '19:40:00', '21:10:00', 0, 0, '2023-07-04 11:46:29', '2023-08-16 03:22:56'),
(111, 3, 5, 1, 1, '2023-07-06', '21:20:00', '22:50:00', 0, 0, '2023-07-04 11:46:29', '2023-08-16 03:22:56'),
(112, 6, 5, 1, 1, '2023-07-06', '08:00:00', '09:30:00', 0, 0, '2023-07-04 11:46:48', '2023-08-16 03:22:56'),
(113, 6, 5, 1, 1, '2023-07-06', '09:40:00', '11:10:00', 0, 0, '2023-07-04 11:46:48', '2023-08-16 03:22:56'),
(114, 6, 5, 1, 1, '2023-07-06', '11:20:00', '12:50:00', 0, 0, '2023-07-04 11:46:48', '2023-08-16 03:22:56'),
(115, 6, 5, 1, 1, '2023-07-06', '13:00:00', '14:30:00', 0, 0, '2023-07-04 11:46:48', '2023-08-16 03:22:56'),
(116, 6, 5, 1, 1, '2023-07-06', '14:40:00', '16:10:00', 0, 0, '2023-07-04 11:46:48', '2023-08-16 03:22:56'),
(117, 6, 5, 1, 1, '2023-07-06', '16:20:00', '17:50:00', 0, 0, '2023-07-04 11:46:48', '2023-08-16 03:22:56'),
(118, 6, 5, 1, 1, '2023-07-06', '18:00:00', '19:30:00', 0, 0, '2023-07-04 11:46:48', '2023-08-16 03:22:56'),
(119, 6, 5, 1, 1, '2023-07-06', '19:40:00', '21:10:00', 0, 0, '2023-07-04 11:46:48', '2023-08-16 03:22:56'),
(120, 6, 5, 1, 1, '2023-07-06', '21:20:00', '22:50:00', 0, 0, '2023-07-04 11:46:48', '2023-08-16 03:22:56'),
(121, 5, 6, 1, 1, '2023-07-06', '08:00:00', '09:50:00', 0, 0, '2023-07-04 11:47:18', '2023-08-16 03:22:56'),
(122, 5, 6, 1, 1, '2023-07-06', '10:00:00', '11:50:00', 0, 0, '2023-07-04 11:47:18', '2023-08-16 03:22:56'),
(123, 5, 6, 1, 1, '2023-07-06', '12:00:00', '13:50:00', 0, 0, '2023-07-04 11:47:18', '2023-08-16 03:22:56'),
(124, 5, 6, 1, 1, '2023-07-06', '14:00:00', '15:50:00', 0, 0, '2023-07-04 11:47:18', '2023-08-16 03:22:56'),
(125, 5, 6, 1, 1, '2023-07-06', '16:00:00', '17:50:00', 0, 0, '2023-07-04 11:47:18', '2023-08-16 03:22:56'),
(126, 5, 6, 1, 1, '2023-07-06', '18:00:00', '19:50:00', 0, 0, '2023-07-04 11:47:18', '2023-08-16 03:22:56'),
(127, 5, 6, 1, 1, '2023-07-06', '20:00:00', '21:50:00', 0, 0, '2023-07-04 11:47:18', '2023-08-16 03:22:56'),
(128, 5, 6, 1, 1, '2023-07-06', '22:00:00', '23:50:00', 0, 0, '2023-07-04 11:47:18', '2023-08-16 03:22:56'),
(129, 1, 5, 1, 1, '2023-07-05', '08:00:00', '09:30:00', 0, 0, '2023-07-05 13:01:39', '2023-08-16 03:22:56'),
(130, 1, 5, 1, 1, '2023-07-05', '09:40:00', '11:10:00', 0, 0, '2023-07-05 13:01:39', '2023-08-16 03:22:56'),
(131, 1, 5, 1, 1, '2023-07-05', '11:20:00', '12:50:00', 0, 0, '2023-07-05 13:01:39', '2023-08-16 03:22:56'),
(132, 1, 5, 1, 1, '2023-07-05', '13:00:00', '14:30:00', 0, 0, '2023-07-05 13:01:39', '2023-08-16 03:22:56'),
(133, 1, 5, 1, 1, '2023-07-05', '14:40:00', '16:10:00', 0, 0, '2023-07-05 13:01:39', '2023-08-16 03:22:56'),
(134, 1, 5, 1, 1, '2023-07-05', '16:20:00', '17:50:00', 0, 0, '2023-07-05 13:01:39', '2023-08-16 03:22:56'),
(135, 1, 5, 1, 1, '2023-07-05', '18:00:00', '19:30:00', 0, 0, '2023-07-05 13:01:39', '2023-08-16 03:22:56'),
(136, 1, 5, 1, 1, '2023-07-05', '19:40:00', '21:10:00', 0, 0, '2023-07-05 13:01:39', '2023-08-16 03:22:56'),
(137, 1, 5, 1, 1, '2023-07-05', '21:20:00', '22:50:00', 0, 0, '2023-07-05 13:01:39', '2023-08-16 03:22:56'),
(138, 5, 5, 1, 1, '2023-07-05', '08:00:00', '09:30:00', 0, 0, '2023-07-05 15:27:56', '2023-08-16 03:22:56'),
(139, 5, 5, 1, 1, '2023-07-05', '09:40:00', '11:10:00', 0, 0, '2023-07-05 15:27:56', '2023-08-16 03:22:56'),
(140, 5, 5, 1, 1, '2023-07-05', '11:20:00', '12:50:00', 0, 0, '2023-07-05 15:27:56', '2023-08-16 03:22:56'),
(141, 5, 5, 1, 1, '2023-07-05', '13:00:00', '14:30:00', 0, 0, '2023-07-05 15:27:56', '2023-08-16 03:22:56'),
(142, 5, 5, 1, 1, '2023-07-05', '14:40:00', '16:10:00', 0, 0, '2023-07-05 15:27:56', '2023-08-16 03:22:56'),
(143, 5, 5, 1, 1, '2023-07-05', '16:20:00', '17:50:00', 0, 0, '2023-07-05 15:27:56', '2023-08-16 03:22:56'),
(144, 5, 5, 1, 1, '2023-07-05', '18:00:00', '19:30:00', 0, 0, '2023-07-05 15:27:56', '2023-08-16 03:22:56'),
(145, 5, 5, 1, 1, '2023-07-05', '19:40:00', '21:10:00', 0, 0, '2023-07-05 15:27:56', '2023-08-16 03:22:56'),
(146, 5, 5, 1, 1, '2023-07-05', '21:20:00', '22:50:00', 0, 0, '2023-07-05 15:27:56', '2023-08-16 03:22:56'),
(147, 1, 6, 1, 1, '2023-07-07', '08:00:00', '09:50:00', 0, 0, '2023-07-06 09:18:17', '2023-08-16 03:22:56'),
(148, 1, 5, 1, 1, '2023-07-07', '10:00:00', '11:30:00', 0, 0, '2023-07-06 09:18:40', '2023-08-16 03:22:56'),
(149, 1, 5, 1, 1, '2023-07-07', '11:40:00', '13:10:00', 0, 0, '2023-07-06 09:19:20', '2023-08-16 03:22:56'),
(150, 1, 5, 1, 1, '2023-07-07', '13:20:00', '14:50:00', 0, 0, '2023-07-06 09:19:20', '2023-08-16 03:22:56'),
(151, 1, 5, 1, 1, '2023-07-07', '15:00:00', '16:30:00', 0, 0, '2023-07-06 09:19:20', '2023-08-16 03:22:56'),
(152, 1, 5, 1, 1, '2023-07-07', '16:40:00', '18:10:00', 0, 0, '2023-07-06 09:19:20', '2023-08-16 03:22:56'),
(153, 1, 5, 1, 1, '2023-07-07', '18:20:00', '19:50:00', 0, 0, '2023-07-06 09:19:20', '2023-08-16 03:22:56'),
(154, 1, 5, 1, 1, '2023-07-07', '20:00:00', '21:30:00', 0, 0, '2023-07-06 09:19:20', '2023-08-16 03:22:56'),
(155, 1, 5, 1, 1, '2023-07-07', '21:40:00', '23:10:00', 0, 0, '2023-07-06 09:19:20', '2023-08-16 03:22:56'),
(156, 2, 6, 1, 1, '2023-07-07', '08:00:00', '09:50:00', 0, 0, '2023-07-06 09:20:24', '2023-08-16 03:22:56'),
(157, 2, 6, 1, 1, '2023-07-07', '10:00:00', '11:50:00', 0, 0, '2023-07-06 09:20:29', '2023-08-16 03:22:56'),
(158, 1, 6, 1, 1, '2023-07-09', '08:00:00', '09:50:00', 0, 0, '2023-07-06 10:25:28', '2023-08-16 03:22:56'),
(159, 1, 5, 1, 1, '2023-07-09', '10:00:00', '11:30:00', 0, 0, '2023-07-06 10:25:38', '2023-08-16 03:22:56'),
(160, 1, 5, 1, 1, '2023-07-09', '11:40:00', '13:10:00', 0, 0, '2023-07-06 10:25:38', '2023-08-16 03:22:56'),
(161, 1, 5, 1, 1, '2023-07-09', '13:20:00', '14:50:00', 0, 0, '2023-07-06 10:25:38', '2023-08-16 03:22:56'),
(162, 1, 5, 1, 1, '2023-07-09', '15:00:00', '16:30:00', 0, 0, '2023-07-06 10:25:38', '2023-08-16 03:22:56'),
(163, 1, 5, 1, 1, '2023-07-09', '16:40:00', '18:10:00', 0, 0, '2023-07-06 10:25:38', '2023-08-16 03:22:56'),
(164, 1, 5, 1, 1, '2023-07-09', '18:20:00', '19:50:00', 0, 0, '2023-07-06 10:25:38', '2023-08-16 03:22:56'),
(165, 1, 5, 1, 1, '2023-07-09', '20:00:00', '21:30:00', 0, 0, '2023-07-06 10:25:38', '2023-08-16 03:22:56'),
(166, 1, 5, 1, 1, '2023-07-09', '21:40:00', '23:10:00', 0, 0, '2023-07-06 10:25:38', '2023-08-16 03:22:56'),
(167, 1, 5, 1, 1, '2023-07-08', '08:00:00', '09:30:00', 0, 0, '2023-07-06 11:29:52', '2023-08-16 03:22:56'),
(168, 1, 5, 1, 1, '2023-07-08', '09:40:00', '11:10:00', 0, 0, '2023-07-06 11:30:08', '2023-08-16 03:22:56'),
(169, 1, 5, 1, 1, '2023-07-08', '11:20:00', '12:50:00', 0, 0, '2023-07-06 11:30:08', '2023-08-16 03:22:56'),
(170, 1, 5, 1, 1, '2023-07-08', '13:00:00', '14:30:00', 0, 0, '2023-07-06 11:30:08', '2023-08-16 03:22:56'),
(171, 1, 5, 1, 1, '2023-07-08', '14:40:00', '16:10:00', 0, 0, '2023-07-06 11:30:08', '2023-08-16 03:22:56'),
(172, 1, 5, 1, 1, '2023-07-08', '16:20:00', '17:50:00', 0, 0, '2023-07-06 11:30:08', '2023-08-16 03:22:56'),
(173, 1, 5, 1, 1, '2023-07-08', '18:00:00', '19:30:00', 0, 0, '2023-07-06 11:30:08', '2023-08-16 03:22:56'),
(174, 1, 5, 1, 1, '2023-07-08', '19:40:00', '21:10:00', 0, 0, '2023-07-06 11:30:08', '2023-08-16 03:22:56'),
(175, 1, 5, 1, 1, '2023-07-08', '21:20:00', '22:50:00', 0, 0, '2023-07-06 11:30:08', '2023-08-16 03:22:56'),
(176, 2, 6, 1, 1, '2023-07-08', '08:00:00', '09:50:00', 0, 0, '2023-07-06 11:30:29', '2023-08-16 03:22:56'),
(177, 2, 6, 1, 1, '2023-07-08', '10:00:00', '11:50:00', 0, 0, '2023-07-06 11:30:29', '2023-08-16 03:22:56'),
(178, 2, 6, 1, 1, '2023-07-08', '12:00:00', '13:50:00', 0, 0, '2023-07-06 11:30:29', '2023-08-16 03:22:56'),
(179, 2, 6, 1, 1, '2023-07-08', '14:00:00', '15:50:00', 0, 0, '2023-07-06 11:30:29', '2023-08-16 03:22:56'),
(180, 2, 6, 1, 1, '2023-07-08', '16:00:00', '17:50:00', 0, 0, '2023-07-06 11:30:29', '2023-08-16 03:22:56'),
(181, 2, 6, 1, 1, '2023-07-08', '18:00:00', '19:50:00', 0, 0, '2023-07-06 11:30:29', '2023-08-16 03:22:56'),
(182, 2, 6, 1, 1, '2023-07-08', '20:00:00', '21:50:00', 0, 0, '2023-07-06 11:30:29', '2023-08-16 03:22:56'),
(183, 2, 6, 1, 1, '2023-07-08', '22:00:00', '23:50:00', 0, 0, '2023-07-06 11:30:29', '2023-08-16 03:22:56'),
(184, 2, 5, 1, 1, '2023-07-09', '08:00:00', '09:30:00', 0, 0, '2023-07-06 13:41:23', '2023-08-16 03:22:56'),
(185, 2, 5, 1, 1, '2023-07-09', '09:40:00', '11:10:00', 0, 0, '2023-07-06 13:41:32', '2023-08-16 03:22:56'),
(186, 2, 5, 1, 1, '2023-07-09', '11:20:00', '12:50:00', 0, 0, '2023-07-06 13:41:32', '2023-08-16 03:22:56'),
(187, 2, 5, 1, 1, '2023-07-09', '13:00:00', '14:30:00', 0, 0, '2023-07-06 13:41:32', '2023-08-16 03:22:56'),
(188, 2, 5, 1, 1, '2023-07-09', '14:40:00', '16:10:00', 0, 0, '2023-07-06 13:41:32', '2023-08-16 03:22:56'),
(189, 2, 5, 1, 1, '2023-07-09', '16:20:00', '17:50:00', 0, 0, '2023-07-06 13:41:32', '2023-08-16 03:22:56'),
(190, 2, 5, 1, 1, '2023-07-09', '18:00:00', '19:30:00', 0, 0, '2023-07-06 13:41:32', '2023-08-16 03:22:56'),
(191, 2, 5, 1, 1, '2023-07-09', '19:40:00', '21:10:00', 0, 0, '2023-07-06 13:41:32', '2023-08-16 03:22:56'),
(192, 2, 5, 1, 1, '2023-07-09', '21:20:00', '22:50:00', 0, 0, '2023-07-06 13:41:32', '2023-08-16 03:22:56'),
(193, 1, 5, 1, 1, '2023-07-10', '08:00:00', '09:30:00', 0, 0, '2023-07-10 14:46:34', '2023-08-16 03:22:56'),
(194, 1, 5, 1, 1, '2023-07-10', '09:40:00', '11:10:00', 0, 0, '2023-07-10 14:46:34', '2023-08-16 03:22:56'),
(195, 1, 5, 1, 1, '2023-07-10', '11:20:00', '12:50:00', 0, 0, '2023-07-10 14:46:34', '2023-08-16 03:22:56'),
(196, 1, 5, 1, 1, '2023-07-10', '13:00:00', '14:30:00', 0, 0, '2023-07-10 14:46:34', '2023-08-16 03:22:56'),
(197, 1, 5, 1, 1, '2023-07-10', '14:40:00', '16:10:00', 0, 0, '2023-07-10 14:46:34', '2023-08-16 03:22:56'),
(198, 1, 5, 1, 1, '2023-07-10', '16:20:00', '17:50:00', 0, 0, '2023-07-10 14:46:34', '2023-08-16 03:22:56'),
(199, 1, 5, 1, 1, '2023-07-10', '18:00:00', '19:30:00', 0, 0, '2023-07-10 14:46:34', '2023-08-16 03:22:56'),
(200, 1, 5, 1, 1, '2023-07-10', '19:40:00', '21:10:00', 0, 0, '2023-07-10 14:46:34', '2023-08-16 03:22:56'),
(201, 1, 5, 1, 1, '2023-07-10', '21:20:00', '22:50:00', 0, 0, '2023-07-10 14:46:34', '2023-08-16 03:22:56'),
(202, 5, 8, 1, 1, '2023-07-12', '08:00:00', '10:15:00', 0, 0, '2023-07-10 15:02:02', '2023-08-16 03:22:56'),
(203, 5, 5, 1, 1, '2023-07-12', '10:25:00', '11:55:00', 0, 0, '2023-07-10 15:02:14', '2023-08-16 03:22:56'),
(204, 5, 5, 1, 1, '2023-07-12', '12:05:00', '13:35:00', 0, 0, '2023-07-10 15:02:14', '2023-08-16 03:22:56'),
(205, 5, 5, 1, 1, '2023-07-12', '13:45:00', '15:15:00', 0, 0, '2023-07-10 15:02:14', '2023-08-16 03:22:56'),
(206, 5, 5, 1, 1, '2023-07-12', '15:25:00', '16:55:00', 0, 0, '2023-07-10 15:02:14', '2023-08-16 03:22:56'),
(207, 5, 5, 1, 1, '2023-07-12', '17:05:00', '18:35:00', 0, 0, '2023-07-10 15:02:14', '2023-08-16 03:22:56'),
(208, 5, 5, 1, 1, '2023-07-12', '18:45:00', '20:15:00', 0, 0, '2023-07-10 15:02:14', '2023-08-16 03:22:56'),
(209, 5, 5, 1, 1, '2023-07-12', '20:25:00', '21:55:00', 0, 0, '2023-07-10 15:02:14', '2023-08-16 03:22:56'),
(210, 5, 5, 1, 1, '2023-07-12', '22:05:00', '23:35:00', 0, 0, '2023-07-10 15:02:14', '2023-08-16 03:22:56'),
(211, 1, 5, 1, 1, '2023-07-11', '08:00:00', '09:30:00', 0, 0, '2023-07-11 15:11:26', '2023-08-16 03:22:56'),
(212, 1, 5, 1, 1, '2023-07-11', '09:40:00', '11:10:00', 0, 0, '2023-07-11 15:11:26', '2023-08-16 03:22:56'),
(213, 1, 5, 1, 1, '2023-07-11', '11:20:00', '12:50:00', 0, 0, '2023-07-11 15:11:26', '2023-08-16 03:22:56'),
(214, 1, 5, 1, 1, '2023-07-11', '13:00:00', '14:30:00', 0, 0, '2023-07-11 15:11:26', '2023-08-16 03:22:56'),
(215, 1, 5, 1, 1, '2023-07-11', '14:40:00', '16:10:00', 0, 0, '2023-07-11 15:11:26', '2023-08-16 03:22:56'),
(216, 1, 5, 1, 1, '2023-07-11', '16:20:00', '17:50:00', 0, 0, '2023-07-11 15:11:26', '2023-08-16 03:22:56'),
(217, 1, 5, 1, 1, '2023-07-11', '18:00:00', '19:30:00', 0, 0, '2023-07-11 15:11:26', '2023-08-16 03:22:56'),
(218, 1, 5, 1, 1, '2023-07-11', '19:40:00', '21:10:00', 0, 0, '2023-07-11 15:11:26', '2023-08-16 03:22:56'),
(219, 1, 5, 1, 1, '2023-07-11', '21:20:00', '22:50:00', 0, 0, '2023-07-11 15:11:26', '2023-08-16 03:22:56'),
(220, 1, 14, 1, 1, '2023-07-13', '08:00:00', '09:35:00', 0, 0, '2023-07-13 13:25:33', '2023-08-16 03:22:56'),
(221, 1, 14, 1, 1, '2023-07-13', '09:45:00', '11:20:00', 0, 0, '2023-07-13 13:25:34', '2023-08-16 03:22:56'),
(222, 1, 14, 1, 1, '2023-07-13', '11:30:00', '13:05:00', 0, 0, '2023-07-13 13:25:34', '2023-08-16 03:22:56'),
(223, 1, 14, 1, 1, '2023-07-13', '13:15:00', '14:50:00', 0, 0, '2023-07-13 13:25:34', '2023-08-16 03:22:56'),
(224, 1, 14, 1, 1, '2023-07-13', '15:00:00', '16:35:00', 0, 0, '2023-07-13 13:25:34', '2023-08-16 03:22:56'),
(225, 1, 14, 1, 1, '2023-07-13', '16:45:00', '18:20:00', 0, 0, '2023-07-13 13:25:34', '2023-08-16 03:22:56'),
(226, 1, 14, 1, 1, '2023-07-13', '18:30:00', '20:05:00', 0, 0, '2023-07-13 13:25:34', '2023-08-16 03:22:56'),
(227, 1, 14, 1, 1, '2023-07-13', '20:15:00', '21:50:00', 0, 0, '2023-07-13 13:25:34', '2023-08-16 03:22:56'),
(228, 1, 14, 1, 1, '2023-07-13', '22:00:00', '23:35:00', 0, 0, '2023-07-13 13:25:34', '2023-08-16 03:22:56'),
(234, 16, 12, 1, 1, '2023-07-13', '08:00:00', '10:45:00', 0, 0, '2023-07-13 13:55:50', '2023-08-16 03:22:56'),
(235, 16, 12, 1, 1, '2023-07-13', '10:55:00', '13:40:00', 0, 0, '2023-07-13 13:55:51', '2023-08-16 03:22:56'),
(236, 16, 12, 1, 1, '2023-07-13', '13:50:00', '16:35:00', 0, 0, '2023-07-13 13:55:51', '2023-08-16 03:22:56'),
(237, 16, 12, 1, 1, '2023-07-13', '16:45:00', '19:30:00', 0, 0, '2023-07-13 13:55:51', '2023-08-16 03:22:56'),
(238, 16, 12, 1, 1, '2023-07-13', '19:40:00', '22:25:00', 0, 0, '2023-07-13 13:55:51', '2023-08-16 03:22:56'),
(247, 1, 11, 1, 1, '2023-07-14', '08:00:00', '09:50:00', 0, 0, '2023-07-14 19:52:52', '2023-08-16 03:22:56'),
(248, 1, 11, 1, 1, '2023-07-14', '10:00:00', '11:50:00', 0, 0, '2023-07-14 19:52:52', '2023-08-16 03:22:56'),
(249, 1, 11, 1, 1, '2023-07-14', '12:00:00', '13:50:00', 0, 0, '2023-07-14 19:52:52', '2023-08-16 03:22:56'),
(250, 1, 11, 1, 1, '2023-07-14', '14:00:00', '15:50:00', 0, 0, '2023-07-14 19:52:52', '2023-08-16 03:22:56'),
(251, 1, 11, 1, 1, '2023-07-14', '16:00:00', '17:50:00', 0, 0, '2023-07-14 19:52:52', '2023-08-16 03:22:56'),
(252, 1, 11, 1, 1, '2023-07-14', '18:00:00', '19:50:00', 0, 0, '2023-07-14 19:52:52', '2023-08-16 03:22:56'),
(253, 1, 11, 1, 1, '2023-07-14', '20:00:00', '21:50:00', 0, 0, '2023-07-14 19:52:52', '2023-08-16 03:22:56'),
(254, 1, 11, 1, 1, '2023-07-14', '22:00:00', '23:50:00', 0, 0, '2023-07-14 19:52:52', '2023-08-16 03:22:56'),
(256, 13, 12, 2, 1, '2023-07-14', '22:00:00', '00:45:00', 0, 0, '2023-07-14 19:54:30', '2023-08-16 03:22:56'),
(257, 2, 16, 1, 1, '2023-07-14', '08:00:00', '09:50:00', 0, 0, '2023-07-14 19:55:47', '2023-08-16 03:22:56'),
(258, 2, 16, 1, 1, '2023-07-14', '10:00:00', '11:50:00', 0, 0, '2023-07-14 19:55:47', '2023-08-16 03:22:56'),
(259, 2, 16, 1, 1, '2023-07-14', '12:00:00', '13:50:00', 0, 0, '2023-07-14 19:55:47', '2023-08-16 03:22:56'),
(260, 2, 16, 1, 1, '2023-07-14', '14:00:00', '15:50:00', 0, 0, '2023-07-14 19:55:47', '2023-08-16 03:22:56'),
(261, 2, 16, 1, 1, '2023-07-14', '16:00:00', '17:50:00', 0, 0, '2023-07-14 19:55:47', '2023-08-16 03:22:56'),
(262, 2, 16, 1, 1, '2023-07-14', '18:00:00', '19:50:00', 0, 0, '2023-07-14 19:55:47', '2023-08-16 03:22:56'),
(263, 2, 16, 1, 1, '2023-07-14', '20:00:00', '21:50:00', 0, 0, '2023-07-14 19:55:47', '2023-08-16 03:22:56'),
(264, 2, 16, 1, 1, '2023-07-14', '22:00:00', '23:50:00', 0, 0, '2023-07-14 19:55:47', '2023-08-16 03:22:56'),
(265, 12, 12, 2, 1, '2023-07-14', '08:00:00', '10:45:00', 0, 0, '2023-07-14 19:56:05', '2023-08-16 03:22:56'),
(266, 12, 12, 2, 1, '2023-07-14', '10:55:00', '13:40:00', 0, 0, '2023-07-14 19:56:05', '2023-08-16 03:22:56'),
(267, 12, 12, 2, 1, '2023-07-14', '13:50:00', '16:35:00', 0, 0, '2023-07-14 19:56:05', '2023-08-16 03:22:56'),
(268, 12, 12, 2, 1, '2023-07-14', '16:45:00', '19:30:00', 0, 0, '2023-07-14 19:56:05', '2023-08-16 03:22:56'),
(269, 12, 12, 2, 1, '2023-07-14', '19:40:00', '22:25:00', 0, 0, '2023-07-14 19:56:05', '2023-08-16 03:22:56'),
(279, 1, 11, 2, 1, '2023-07-15', '08:15:00', '10:05:00', 0, 0, '2023-07-14 21:08:56', '2023-08-16 03:22:56'),
(280, 1, 11, 2, 1, '2023-07-15', '10:15:00', '12:05:00', 0, 0, '2023-07-14 21:09:07', '2023-08-16 03:22:56'),
(281, 1, 11, 2, 1, '2023-07-15', '12:15:00', '14:05:00', 0, 0, '2023-07-14 21:09:07', '2023-08-16 03:22:56'),
(282, 1, 11, 2, 1, '2023-07-15', '14:15:00', '16:05:00', 0, 0, '2023-07-14 21:09:07', '2023-08-16 03:22:56'),
(283, 1, 11, 2, 1, '2023-07-15', '16:15:00', '18:05:00', 0, 0, '2023-07-14 21:09:07', '2023-08-16 03:22:56'),
(284, 1, 11, 2, 1, '2023-07-15', '18:15:00', '20:05:00', 0, 0, '2023-07-14 21:09:07', '2023-08-16 03:22:56'),
(285, 1, 11, 2, 1, '2023-07-15', '20:15:00', '22:05:00', 0, 0, '2023-07-14 21:09:07', '2023-08-16 03:22:56'),
(286, 2, 15, 9, 1, '2023-07-15', '08:45:00', '10:35:00', 1, 0, '2023-07-14 21:11:59', '2023-08-16 03:22:56'),
(287, 2, 15, 9, 1, '2023-07-15', '10:45:00', '12:35:00', 1, 0, '2023-07-14 21:11:59', '2023-08-16 03:22:56'),
(288, 2, 15, 9, 1, '2023-07-15', '12:45:00', '14:35:00', 1, 0, '2023-07-14 21:11:59', '2023-08-16 03:22:56'),
(289, 2, 15, 9, 1, '2023-07-15', '14:45:00', '16:35:00', 1, 0, '2023-07-14 21:11:59', '2023-08-16 03:22:56'),
(290, 2, 15, 9, 1, '2023-07-15', '16:45:00', '18:35:00', 1, 0, '2023-07-14 21:11:59', '2023-08-16 03:22:56'),
(291, 2, 15, 9, 1, '2023-07-15', '18:45:00', '20:35:00', 1, 0, '2023-07-14 21:11:59', '2023-08-16 03:22:56'),
(292, 2, 15, 9, 1, '2023-07-15', '20:45:00', '22:35:00', 1, 0, '2023-07-14 21:11:59', '2023-08-16 03:22:56'),
(293, 13, 12, 2, 1, '2023-07-15', '09:10:00', '11:55:00', 0, 0, '2023-07-14 21:13:14', '2023-08-16 03:22:56'),
(294, 13, 12, 2, 1, '2023-07-15', '12:05:00', '14:50:00', 0, 0, '2023-07-14 21:13:14', '2023-08-16 03:22:56'),
(295, 13, 12, 2, 1, '2023-07-15', '15:00:00', '17:45:00', 0, 0, '2023-07-14 21:13:14', '2023-08-16 03:22:56'),
(296, 13, 12, 2, 1, '2023-07-15', '17:55:00', '20:40:00', 0, 0, '2023-07-14 21:13:14', '2023-08-16 03:22:56'),
(297, 13, 12, 2, 1, '2023-07-15', '20:50:00', '23:35:00', 0, 0, '2023-07-14 21:13:14', '2023-08-16 03:22:56'),
(348, 12, 13, 1, 1, '2023-07-15', '08:00:00', '10:05:00', 0, 0, '2023-07-14 21:21:36', '2023-08-16 03:22:56'),
(349, 12, 13, 1, 1, '2023-07-15', '10:15:00', '12:20:00', 0, 0, '2023-07-14 21:21:36', '2023-08-16 03:22:56'),
(350, 12, 13, 1, 1, '2023-07-15', '12:30:00', '14:35:00', 0, 0, '2023-07-14 21:21:36', '2023-08-16 03:22:56'),
(351, 12, 13, 1, 1, '2023-07-15', '14:45:00', '16:50:00', 0, 0, '2023-07-14 21:21:36', '2023-08-16 03:22:56'),
(352, 12, 13, 1, 1, '2023-07-15', '17:00:00', '19:05:00', 0, 0, '2023-07-14 21:21:36', '2023-08-16 03:22:56'),
(353, 12, 13, 1, 1, '2023-07-15', '19:15:00', '21:20:00', 0, 0, '2023-07-14 21:21:36', '2023-08-16 03:22:56'),
(354, 12, 13, 1, 1, '2023-07-15', '21:30:00', '23:35:00', 0, 0, '2023-07-14 21:21:36', '2023-08-16 03:22:56'),
(355, 1, 5, 1, 1, '2023-07-17', '08:00:00', '09:30:00', 0, 0, '2023-07-17 11:53:15', '2023-08-16 03:22:56'),
(356, 1, 5, 1, 1, '2023-07-17', '09:40:00', '11:10:00', 0, 0, '2023-07-17 11:53:15', '2023-08-16 03:22:56'),
(357, 1, 5, 1, 1, '2023-07-17', '11:20:00', '12:50:00', 0, 0, '2023-07-17 11:53:15', '2023-08-16 03:22:56'),
(358, 1, 5, 1, 1, '2023-07-17', '13:00:00', '14:30:00', 0, 0, '2023-07-17 11:53:15', '2023-08-16 03:22:56'),
(359, 1, 5, 1, 1, '2023-07-17', '14:40:00', '16:10:00', 0, 0, '2023-07-17 11:53:15', '2023-08-16 03:22:56'),
(360, 1, 5, 1, 1, '2023-07-17', '16:20:00', '17:50:00', 0, 0, '2023-07-17 11:53:15', '2023-08-16 03:22:56'),
(361, 1, 5, 1, 1, '2023-07-17', '18:00:00', '19:30:00', 0, 0, '2023-07-17 11:53:15', '2023-08-16 03:22:56'),
(362, 1, 5, 1, 1, '2023-07-17', '19:40:00', '21:10:00', 0, 0, '2023-07-17 11:53:15', '2023-08-16 03:22:56'),
(363, 1, 5, 1, 1, '2023-07-17', '21:20:00', '22:50:00', 0, 0, '2023-07-17 11:53:15', '2023-08-16 03:22:56'),
(364, 1, 11, 2, 1, '2023-07-18', '09:15:00', '11:05:00', 0, 0, '2023-07-17 20:14:54', '2023-08-16 03:22:56'),
(365, 1, 11, 2, 1, '2023-07-18', '11:15:00', '13:05:00', 0, 0, '2023-07-17 20:14:54', '2023-08-16 03:22:56'),
(366, 1, 11, 2, 1, '2023-07-18', '13:15:00', '15:05:00', 0, 0, '2023-07-17 20:14:54', '2023-08-16 03:22:56'),
(367, 1, 11, 2, 1, '2023-07-18', '15:15:00', '17:05:00', 0, 0, '2023-07-17 20:14:54', '2023-08-16 03:22:56'),
(368, 1, 11, 2, 1, '2023-07-18', '17:15:00', '19:05:00', 0, 0, '2023-07-17 20:14:54', '2023-08-16 03:22:56'),
(369, 1, 11, 2, 1, '2023-07-18', '19:15:00', '21:05:00', 0, 0, '2023-07-17 20:14:54', '2023-08-16 03:22:56'),
(370, 1, 11, 2, 1, '2023-07-18', '21:15:00', '23:05:00', 0, 0, '2023-07-17 20:14:54', '2023-08-16 03:22:56'),
(371, 2, 11, 2, 1, '2023-07-18', '10:20:00', '12:10:00', 0, 0, '2023-07-17 20:16:35', '2023-08-16 03:22:56'),
(372, 2, 11, 2, 1, '2023-07-18', '12:20:00', '14:10:00', 0, 0, '2023-07-17 20:16:35', '2023-08-16 03:22:56'),
(373, 2, 11, 2, 1, '2023-07-18', '14:20:00', '16:10:00', 0, 0, '2023-07-17 20:16:35', '2023-08-16 03:22:56'),
(374, 2, 11, 2, 1, '2023-07-18', '16:20:00', '18:10:00', 0, 0, '2023-07-17 20:16:35', '2023-08-16 03:22:56'),
(375, 2, 11, 2, 1, '2023-07-18', '18:20:00', '20:10:00', 0, 0, '2023-07-17 20:16:35', '2023-08-16 03:22:56'),
(376, 2, 11, 2, 1, '2023-07-18', '20:20:00', '22:10:00', 0, 0, '2023-07-17 20:16:35', '2023-08-16 03:22:56'),
(377, 13, 12, 1, 1, '2023-07-18', '09:30:00', '12:15:00', 0, 0, '2023-07-17 20:18:33', '2023-08-16 03:22:56'),
(378, 13, 12, 1, 1, '2023-07-18', '12:25:00', '15:10:00', 0, 0, '2023-07-17 20:18:33', '2023-08-16 03:22:56'),
(379, 13, 12, 1, 1, '2023-07-18', '15:20:00', '18:05:00', 0, 0, '2023-07-17 20:18:33', '2023-08-16 03:22:56'),
(380, 13, 12, 1, 1, '2023-07-18', '18:15:00', '21:00:00', 0, 0, '2023-07-17 20:18:33', '2023-08-16 03:22:56'),
(381, 13, 12, 1, 1, '2023-07-18', '21:10:00', '23:55:00', 0, 0, '2023-07-17 20:18:33', '2023-08-16 03:22:56'),
(389, 1, 11, 2, 1, '2023-07-19', '09:15:00', '11:05:00', 0, 0, '2023-07-17 20:33:48', '2023-08-16 03:22:56'),
(390, 1, 11, 2, 1, '2023-07-19', '11:15:00', '13:05:00', 0, 0, '2023-07-17 20:33:48', '2023-08-16 03:22:56'),
(391, 1, 11, 2, 1, '2023-07-19', '13:15:00', '15:05:00', 0, 0, '2023-07-17 20:33:48', '2023-08-16 03:22:56'),
(392, 1, 11, 2, 1, '2023-07-19', '15:15:00', '17:05:00', 0, 0, '2023-07-17 20:33:48', '2023-08-16 03:22:56'),
(393, 1, 11, 2, 1, '2023-07-19', '17:15:00', '19:05:00', 0, 0, '2023-07-17 20:33:48', '2023-08-16 03:22:56'),
(394, 1, 11, 2, 1, '2023-07-19', '19:15:00', '21:05:00', 0, 0, '2023-07-17 20:33:48', '2023-08-16 03:22:56'),
(395, 1, 11, 2, 1, '2023-07-19', '21:15:00', '23:05:00', 0, 0, '2023-07-17 20:33:48', '2023-08-16 03:22:56'),
(396, 2, 11, 2, 1, '2023-07-19', '10:20:00', '12:10:00', 0, 0, '2023-07-17 20:36:08', '2023-08-16 03:22:56'),
(397, 2, 11, 2, 1, '2023-07-19', '12:20:00', '14:10:00', 0, 0, '2023-07-17 20:36:08', '2023-08-16 03:22:56'),
(398, 2, 11, 2, 1, '2023-07-19', '14:20:00', '16:10:00', 0, 0, '2023-07-17 20:36:08', '2023-08-16 03:22:56'),
(399, 2, 11, 2, 1, '2023-07-19', '16:20:00', '18:10:00', 0, 0, '2023-07-17 20:36:08', '2023-08-16 03:22:56'),
(400, 2, 11, 2, 1, '2023-07-19', '18:20:00', '20:10:00', 0, 0, '2023-07-17 20:36:08', '2023-08-16 03:22:56'),
(401, 2, 11, 2, 1, '2023-07-19', '20:20:00', '22:10:00', 0, 0, '2023-07-17 20:36:08', '2023-08-16 03:22:56'),
(402, 12, 12, 2, 1, '2023-07-19', '09:30:00', '12:15:00', 0, 0, '2023-07-17 20:37:15', '2023-08-16 03:22:56'),
(403, 12, 12, 2, 1, '2023-07-19', '12:25:00', '15:10:00', 0, 0, '2023-07-17 20:37:15', '2023-08-16 03:22:56'),
(404, 12, 12, 2, 1, '2023-07-19', '15:20:00', '18:05:00', 0, 0, '2023-07-17 20:37:15', '2023-08-16 03:22:56'),
(405, 12, 12, 2, 1, '2023-07-19', '18:15:00', '21:00:00', 0, 0, '2023-07-17 20:37:15', '2023-08-16 03:22:56'),
(406, 12, 12, 2, 1, '2023-07-19', '21:10:00', '23:55:00', 0, 0, '2023-07-17 20:37:15', '2023-08-16 03:22:56'),
(407, 13, 14, 2, 1, '2023-07-19', '08:00:00', '09:35:00', 0, 0, '2023-07-17 20:38:08', '2023-08-16 03:22:56'),
(408, 13, 14, 2, 1, '2023-07-19', '09:45:00', '11:20:00', 0, 0, '2023-07-17 20:38:08', '2023-08-16 03:22:56'),
(409, 13, 14, 2, 1, '2023-07-19', '11:30:00', '13:05:00', 0, 0, '2023-07-17 20:38:08', '2023-08-16 03:22:56'),
(410, 13, 14, 2, 1, '2023-07-19', '13:15:00', '14:50:00', 0, 0, '2023-07-17 20:38:08', '2023-08-16 03:22:56'),
(411, 13, 14, 2, 1, '2023-07-19', '15:00:00', '16:35:00', 0, 0, '2023-07-17 20:38:08', '2023-08-16 03:22:56'),
(412, 13, 14, 2, 1, '2023-07-19', '16:45:00', '18:20:00', 0, 0, '2023-07-17 20:38:08', '2023-08-16 03:22:56'),
(413, 13, 14, 2, 1, '2023-07-19', '18:30:00', '20:05:00', 0, 0, '2023-07-17 20:38:08', '2023-08-16 03:22:56'),
(414, 13, 14, 2, 1, '2023-07-19', '20:15:00', '21:50:00', 0, 0, '2023-07-17 20:38:08', '2023-08-16 03:22:56'),
(415, 13, 14, 2, 1, '2023-07-19', '22:00:00', '23:35:00', 0, 0, '2023-07-17 20:38:08', '2023-08-16 03:22:56'),
(416, 12, 39, 2, 1, '2023-07-18', '08:00:00', '09:35:00', 0, 0, '2023-07-17 20:44:39', '2023-08-16 03:22:56'),
(417, 12, 39, 2, 1, '2023-07-18', '09:45:00', '11:20:00', 0, 0, '2023-07-17 20:44:47', '2023-08-16 03:22:56'),
(418, 12, 16, 2, 1, '2023-07-18', '11:30:00', '13:20:00', 0, 0, '2023-07-17 20:44:57', '2023-08-16 03:22:56'),
(419, 12, 16, 2, 1, '2023-07-18', '13:30:00', '15:20:00', 0, 0, '2023-07-17 20:44:57', '2023-08-16 03:22:56'),
(420, 12, 16, 2, 1, '2023-07-18', '15:30:00', '17:20:00', 0, 0, '2023-07-17 20:44:57', '2023-08-16 03:22:56'),
(421, 12, 16, 2, 1, '2023-07-18', '17:30:00', '19:20:00', 0, 0, '2023-07-17 20:44:57', '2023-08-16 03:22:56'),
(422, 12, 16, 2, 1, '2023-07-18', '19:30:00', '21:20:00', 0, 0, '2023-07-17 20:44:57', '2023-08-16 03:22:56'),
(423, 12, 16, 2, 1, '2023-07-18', '21:30:00', '23:20:00', 0, 0, '2023-07-17 20:44:57', '2023-08-16 03:22:56'),
(425, 1, 15, 6, 1, '2023-07-20', '09:30:00', '11:20:00', 1, 0, '2023-07-17 21:46:28', '2023-08-16 03:22:56'),
(426, 1, 15, 6, 1, '2023-07-20', '11:30:00', '13:20:00', 1, 0, '2023-07-17 21:46:28', '2023-08-16 03:22:56'),
(427, 1, 15, 6, 1, '2023-07-20', '13:30:00', '15:20:00', 1, 0, '2023-07-17 21:46:28', '2023-08-16 03:22:56'),
(428, 1, 15, 6, 1, '2023-07-20', '15:30:00', '17:20:00', 1, 0, '2023-07-17 21:46:28', '2023-08-16 03:22:56'),
(429, 1, 15, 6, 1, '2023-07-20', '17:30:00', '19:20:00', 1, 0, '2023-07-17 21:46:28', '2023-08-16 03:22:56'),
(430, 1, 15, 6, 1, '2023-07-20', '19:30:00', '21:20:00', 1, 0, '2023-07-17 21:46:28', '2023-08-16 03:22:56'),
(431, 1, 15, 6, 1, '2023-07-20', '21:30:00', '23:20:00', 1, 0, '2023-07-17 21:46:28', '2023-08-16 03:22:56'),
(432, 2, 11, 2, 1, '2023-07-20', '09:15:00', '11:05:00', 0, 0, '2023-07-17 21:46:53', '2023-08-16 03:22:56'),
(433, 2, 11, 2, 1, '2023-07-20', '11:15:00', '13:05:00', 0, 0, '2023-07-17 21:46:53', '2023-08-16 03:22:56'),
(434, 2, 11, 2, 1, '2023-07-20', '13:15:00', '15:05:00', 0, 0, '2023-07-17 21:46:53', '2023-08-16 03:22:56'),
(435, 2, 11, 2, 1, '2023-07-20', '15:15:00', '17:05:00', 0, 0, '2023-07-17 21:46:53', '2023-08-16 03:22:56'),
(436, 2, 11, 2, 1, '2023-07-20', '17:15:00', '19:05:00', 0, 0, '2023-07-17 21:46:53', '2023-08-16 03:22:56'),
(437, 2, 11, 2, 1, '2023-07-20', '19:15:00', '21:05:00', 0, 0, '2023-07-17 21:46:53', '2023-08-16 03:22:56'),
(438, 2, 11, 2, 1, '2023-07-20', '21:15:00', '23:05:00', 0, 0, '2023-07-17 21:46:53', '2023-08-16 03:22:56'),
(466, 13, 12, 2, 1, '2023-07-20', '08:00:00', '10:45:00', 0, 0, '2023-07-17 21:48:07', '2023-08-16 03:22:56'),
(467, 13, 12, 2, 1, '2023-07-20', '10:55:00', '13:40:00', 0, 0, '2023-07-17 21:48:07', '2023-08-16 03:22:56'),
(468, 13, 12, 2, 1, '2023-07-20', '13:50:00', '16:35:00', 0, 0, '2023-07-17 21:48:07', '2023-08-16 03:22:56'),
(469, 13, 12, 2, 1, '2023-07-20', '16:45:00', '19:30:00', 0, 0, '2023-07-17 21:48:07', '2023-08-16 03:22:56'),
(470, 13, 12, 2, 1, '2023-07-20', '19:40:00', '22:25:00', 0, 0, '2023-07-17 21:48:07', '2023-08-16 03:22:56'),
(480, 12, 5, 1, 1, '2023-07-20', '10:10:00', '11:40:00', 0, 0, '2023-07-17 21:48:39', '2023-08-16 03:22:56'),
(481, 12, 5, 1, 1, '2023-07-20', '11:50:00', '13:20:00', 0, 0, '2023-07-17 21:48:39', '2023-08-16 03:22:56'),
(482, 12, 5, 1, 1, '2023-07-20', '13:30:00', '15:00:00', 0, 0, '2023-07-17 21:48:39', '2023-08-16 03:22:56'),
(483, 12, 5, 1, 1, '2023-07-20', '15:10:00', '16:40:00', 0, 0, '2023-07-17 21:48:39', '2023-08-16 03:22:56'),
(484, 12, 5, 1, 1, '2023-07-20', '16:50:00', '18:20:00', 0, 0, '2023-07-17 21:48:39', '2023-08-16 03:22:56'),
(485, 12, 5, 1, 1, '2023-07-20', '18:30:00', '20:00:00', 0, 0, '2023-07-17 21:48:39', '2023-08-16 03:22:56'),
(486, 12, 5, 1, 1, '2023-07-20', '20:10:00', '21:40:00', 0, 0, '2023-07-17 21:48:39', '2023-08-16 03:22:56'),
(487, 12, 5, 1, 1, '2023-07-20', '21:50:00', '23:20:00', 0, 0, '2023-07-17 21:48:39', '2023-08-16 03:22:56'),
(488, 1, 15, 6, 1, '2023-07-21', '08:00:00', '09:50:00', 0, 0, '2023-07-17 21:49:16', '2023-08-16 03:22:56'),
(489, 1, 15, 6, 1, '2023-07-21', '10:00:00', '11:50:00', 0, 0, '2023-07-17 21:49:16', '2023-08-16 03:22:56'),
(490, 1, 15, 6, 1, '2023-07-21', '12:00:00', '13:50:00', 0, 0, '2023-07-17 21:49:16', '2023-08-16 03:22:56'),
(491, 1, 15, 6, 1, '2023-07-21', '14:00:00', '15:50:00', 0, 0, '2023-07-17 21:49:16', '2023-08-16 03:22:56'),
(492, 1, 15, 6, 1, '2023-07-21', '16:00:00', '17:50:00', 0, 0, '2023-07-17 21:49:16', '2023-08-16 03:22:56'),
(493, 1, 15, 6, 1, '2023-07-21', '18:00:00', '19:50:00', 0, 0, '2023-07-17 21:49:16', '2023-08-16 03:22:56'),
(494, 1, 15, 6, 1, '2023-07-21', '20:00:00', '21:50:00', 0, 0, '2023-07-17 21:49:16', '2023-08-16 03:22:56'),
(495, 1, 15, 6, 1, '2023-07-21', '22:00:00', '23:50:00', 0, 0, '2023-07-17 21:49:16', '2023-08-16 03:22:56'),
(496, 2, 12, 2, 1, '2023-07-21', '08:00:00', '10:45:00', 0, 0, '2023-07-17 21:49:44', '2023-08-16 03:22:56'),
(497, 2, 12, 2, 1, '2023-07-21', '10:55:00', '13:40:00', 0, 0, '2023-07-17 21:49:44', '2023-08-16 03:22:56'),
(498, 2, 12, 2, 1, '2023-07-21', '13:50:00', '16:35:00', 0, 0, '2023-07-17 21:49:44', '2023-08-16 03:22:56'),
(499, 2, 12, 2, 1, '2023-07-21', '16:45:00', '19:30:00', 0, 0, '2023-07-17 21:49:44', '2023-08-16 03:22:56'),
(500, 2, 12, 2, 1, '2023-07-21', '19:40:00', '22:25:00', 0, 0, '2023-07-17 21:49:44', '2023-08-16 03:22:56'),
(517, 12, 37, 2, 1, '2023-07-21', '11:15:00', '13:25:00', 0, 0, '2023-07-17 21:50:22', '2023-08-16 03:22:56'),
(518, 12, 37, 2, 1, '2023-07-21', '13:35:00', '15:45:00', 0, 0, '2023-07-17 21:50:22', '2023-08-16 03:22:56'),
(519, 12, 37, 2, 1, '2023-07-21', '15:55:00', '18:05:00', 0, 0, '2023-07-17 21:50:22', '2023-08-16 03:22:56'),
(520, 12, 37, 2, 1, '2023-07-21', '18:15:00', '20:25:00', 0, 0, '2023-07-17 21:50:22', '2023-08-16 03:22:56'),
(521, 12, 37, 2, 1, '2023-07-21', '20:35:00', '22:45:00', 0, 0, '2023-07-17 21:50:22', '2023-08-16 03:22:56'),
(565, 13, 12, 1, 1, '2023-07-21', '09:10:00', '11:55:00', 0, 0, '2023-07-17 21:53:07', '2023-08-16 03:22:56'),
(566, 13, 12, 1, 1, '2023-07-21', '12:05:00', '14:50:00', 0, 0, '2023-07-17 21:53:07', '2023-08-16 03:22:56'),
(567, 13, 12, 1, 1, '2023-07-21', '15:00:00', '17:45:00', 0, 0, '2023-07-17 21:53:07', '2023-08-16 03:22:56'),
(568, 13, 12, 1, 1, '2023-07-21', '17:55:00', '20:40:00', 0, 0, '2023-07-17 21:53:07', '2023-08-16 03:22:56'),
(569, 13, 12, 1, 1, '2023-07-21', '20:50:00', '23:35:00', 0, 0, '2023-07-17 21:53:07', '2023-08-16 03:22:56'),
(570, 1, 15, 1, 1, '2023-07-26', '08:00:00', '09:50:00', 0, 0, '2023-07-26 12:03:58', '2023-08-16 03:22:56'),
(571, 1, 15, 1, 1, '2023-07-26', '10:00:00', '11:50:00', 0, 0, '2023-07-26 12:03:58', '2023-08-16 03:22:56'),
(572, 1, 15, 1, 1, '2023-07-26', '12:00:00', '13:50:00', 0, 0, '2023-07-26 12:03:58', '2023-08-16 03:22:56'),
(573, 1, 15, 1, 1, '2023-07-26', '14:00:00', '15:50:00', 0, 0, '2023-07-26 12:03:58', '2023-08-16 03:22:56'),
(574, 1, 15, 1, 1, '2023-07-26', '16:00:00', '17:50:00', 0, 0, '2023-07-26 12:03:58', '2023-08-16 03:22:56'),
(575, 1, 15, 1, 1, '2023-07-26', '18:00:00', '19:50:00', 0, 0, '2023-07-26 12:03:58', '2023-08-16 03:22:56'),
(576, 1, 15, 1, 1, '2023-07-26', '20:00:00', '21:50:00', 0, 0, '2023-07-26 12:03:58', '2023-08-16 03:22:56'),
(577, 1, 15, 1, 1, '2023-07-26', '22:00:00', '23:50:00', 0, 0, '2023-07-26 12:03:58', '2023-08-16 03:22:56'),
(631, 1, 11, 1, 1, '2023-07-29', '10:00:00', '11:50:00', 0, 0, '2023-07-26 14:10:06', '2023-08-16 03:22:56'),
(632, 1, 11, 1, 1, '2023-07-29', '12:00:00', '13:50:00', 0, 0, '2023-07-26 14:10:06', '2023-08-16 03:22:56'),
(633, 1, 11, 1, 1, '2023-07-29', '14:00:00', '15:50:00', 0, 0, '2023-07-26 14:10:06', '2023-08-16 03:22:56'),
(634, 1, 11, 1, 1, '2023-07-29', '16:00:00', '17:50:00', 0, 0, '2023-07-26 14:10:06', '2023-08-16 03:22:56'),
(635, 1, 11, 1, 1, '2023-07-29', '18:00:00', '19:50:00', 0, 0, '2023-07-26 14:10:06', '2023-08-16 03:22:56'),
(636, 1, 11, 1, 1, '2023-07-29', '20:00:00', '21:50:00', 0, 0, '2023-07-26 14:10:06', '2023-08-16 03:22:56'),
(637, 1, 11, 1, 1, '2023-07-29', '22:00:00', '23:50:00', 0, 0, '2023-07-26 14:10:06', '2023-08-16 03:22:56'),
(648, 2, 37, 1, 1, '2023-07-29', '10:00:00', '12:10:00', 0, 0, '2023-07-26 14:11:03', '2023-08-16 03:22:56'),
(649, 2, 37, 1, 1, '2023-07-29', '12:20:00', '14:30:00', 0, 0, '2023-07-26 14:11:03', '2023-08-16 03:22:56'),
(650, 2, 37, 1, 1, '2023-07-29', '14:40:00', '16:50:00', 0, 0, '2023-07-26 14:11:03', '2023-08-16 03:22:56'),
(651, 2, 37, 1, 1, '2023-07-29', '17:00:00', '19:10:00', 0, 0, '2023-07-26 14:11:03', '2023-08-16 03:22:56'),
(652, 2, 37, 1, 1, '2023-07-29', '19:20:00', '21:30:00', 0, 0, '2023-07-26 14:11:03', '2023-08-16 03:22:56'),
(653, 2, 37, 1, 1, '2023-07-29', '21:40:00', '23:50:00', 0, 0, '2023-07-26 14:11:03', '2023-08-16 03:22:56'),
(654, 2, 20, 1, 1, '2023-07-26', '10:00:00', '12:20:00', 1, 0, '2023-07-26 14:16:38', '2023-08-16 03:22:56'),
(655, 2, 20, 1, 1, '2023-07-26', '12:30:00', '14:50:00', 1, 0, '2023-07-26 14:16:38', '2023-08-16 03:22:56'),
(656, 2, 20, 1, 1, '2023-07-26', '15:00:00', '17:20:00', 1, 0, '2023-07-26 14:16:38', '2023-08-16 03:22:56'),
(657, 2, 20, 1, 1, '2023-07-26', '17:30:00', '19:50:00', 1, 0, '2023-07-26 14:16:38', '2023-08-16 03:22:56'),
(658, 2, 20, 1, 1, '2023-07-26', '20:00:00', '22:20:00', 1, 0, '2023-07-26 14:16:38', '2023-08-16 03:22:56'),
(667, 1, 21, 1, 1, '2023-07-27', '08:00:00', '09:30:00', 1, 0, '2023-07-27 14:17:52', '2023-08-16 03:22:56'),
(668, 1, 21, 1, 1, '2023-07-27', '09:40:00', '11:10:00', 1, 0, '2023-07-27 14:17:52', '2023-08-16 03:22:56'),
(669, 1, 21, 1, 1, '2023-07-27', '11:20:00', '12:50:00', 1, 0, '2023-07-27 14:17:52', '2023-08-16 03:22:56'),
(670, 1, 21, 1, 1, '2023-07-27', '13:00:00', '14:30:00', 1, 0, '2023-07-27 14:17:52', '2023-08-16 03:22:56'),
(671, 1, 21, 1, 1, '2023-07-27', '14:40:00', '16:10:00', 1, 0, '2023-07-27 14:17:52', '2023-08-16 03:22:56'),
(672, 1, 21, 1, 1, '2023-07-27', '16:20:00', '17:50:00', 1, 0, '2023-07-27 14:17:52', '2023-08-16 03:22:56'),
(673, 1, 21, 1, 1, '2023-07-27', '18:00:00', '19:30:00', 1, 0, '2023-07-27 14:17:52', '2023-08-16 03:22:56'),
(674, 1, 21, 1, 1, '2023-07-27', '19:40:00', '21:10:00', 1, 0, '2023-07-27 14:17:52', '2023-08-16 03:22:56'),
(675, 1, 21, 1, 1, '2023-07-27', '21:20:00', '22:50:00', 1, 0, '2023-07-27 14:17:52', '2023-08-16 03:22:56'),
(676, 2, 8, 1, 1, '2023-07-27', '08:00:00', '10:15:00', 0, 0, '2023-07-27 14:20:28', '2023-08-16 03:22:56'),
(677, 2, 8, 1, 1, '2023-07-27', '10:25:00', '12:40:00', 0, 0, '2023-07-27 14:20:28', '2023-08-16 03:22:56'),
(678, 2, 8, 1, 1, '2023-07-27', '12:50:00', '15:05:00', 0, 0, '2023-07-27 14:20:28', '2023-08-16 03:22:56'),
(679, 2, 8, 1, 1, '2023-07-27', '15:15:00', '17:30:00', 0, 0, '2023-07-27 14:20:28', '2023-08-16 03:22:56'),
(680, 2, 8, 1, 1, '2023-07-27', '17:40:00', '19:55:00', 0, 0, '2023-07-27 14:20:28', '2023-08-16 03:22:56'),
(681, 2, 8, 1, 1, '2023-07-27', '20:05:00', '22:20:00', 0, 0, '2023-07-27 14:20:28', '2023-08-16 03:22:56'),
(682, 12, 15, 1, 1, '2023-07-27', '08:00:00', '09:50:00', 0, 0, '2023-07-27 17:36:44', '2023-08-16 03:22:56'),
(683, 12, 15, 1, 1, '2023-07-27', '10:00:00', '11:50:00', 0, 0, '2023-07-27 17:36:44', '2023-08-16 03:22:56'),
(684, 12, 15, 1, 1, '2023-07-27', '12:00:00', '13:50:00', 0, 0, '2023-07-27 17:36:44', '2023-08-16 03:22:56'),
(685, 12, 15, 1, 1, '2023-07-27', '14:00:00', '15:50:00', 0, 0, '2023-07-27 17:36:44', '2023-08-16 03:22:56'),
(686, 12, 15, 1, 1, '2023-07-27', '16:00:00', '17:50:00', 0, 0, '2023-07-27 17:36:44', '2023-08-16 03:22:56'),
(687, 12, 15, 1, 1, '2023-07-27', '18:00:00', '19:50:00', 0, 0, '2023-07-27 17:36:44', '2023-08-16 03:22:56'),
(688, 12, 15, 1, 1, '2023-07-27', '20:00:00', '21:50:00', 0, 0, '2023-07-27 17:36:44', '2023-08-16 03:22:56'),
(689, 12, 15, 1, 1, '2023-07-27', '22:00:00', '23:50:00', 0, 0, '2023-07-27 17:36:44', '2023-08-16 03:22:56'),
(690, 13, 11, 1, 1, '2023-07-27', '08:00:00', '09:50:00', 0, 0, '2023-07-27 17:37:00', '2023-08-16 03:22:56'),
(691, 13, 11, 1, 1, '2023-07-27', '10:00:00', '11:50:00', 0, 0, '2023-07-27 17:37:00', '2023-08-16 03:22:56'),
(692, 13, 11, 1, 1, '2023-07-27', '12:00:00', '13:50:00', 0, 0, '2023-07-27 17:37:00', '2023-08-16 03:22:56'),
(693, 13, 11, 1, 1, '2023-07-27', '14:00:00', '15:50:00', 0, 0, '2023-07-27 17:37:00', '2023-08-16 03:22:56'),
(694, 13, 11, 1, 1, '2023-07-27', '16:00:00', '17:50:00', 0, 0, '2023-07-27 17:37:00', '2023-08-16 03:22:56'),
(695, 13, 11, 1, 1, '2023-07-27', '18:00:00', '19:50:00', 0, 0, '2023-07-27 17:37:00', '2023-08-16 03:22:56'),
(696, 13, 11, 1, 1, '2023-07-27', '20:00:00', '21:50:00', 0, 0, '2023-07-27 17:37:00', '2023-08-16 03:22:56'),
(697, 13, 11, 1, 1, '2023-07-27', '22:00:00', '23:50:00', 0, 0, '2023-07-27 17:37:00', '2023-08-16 03:22:56'),
(698, 3, 12, 1, 1, '2023-07-27', '08:00:00', '10:45:00', 0, 0, '2023-07-27 17:37:27', '2023-08-16 03:22:56'),
(699, 3, 12, 1, 1, '2023-07-27', '10:55:00', '13:40:00', 0, 0, '2023-07-27 17:37:27', '2023-08-16 03:22:56'),
(700, 3, 12, 1, 1, '2023-07-27', '13:50:00', '16:35:00', 0, 0, '2023-07-27 17:37:27', '2023-08-16 03:22:56'),
(701, 3, 12, 1, 1, '2023-07-27', '16:45:00', '19:30:00', 0, 0, '2023-07-27 17:37:27', '2023-08-16 03:22:56'),
(702, 3, 12, 1, 1, '2023-07-27', '19:40:00', '22:25:00', 0, 0, '2023-07-27 17:37:27', '2023-08-16 03:22:56'),
(703, 4, 14, 1, 1, '2023-07-27', '08:00:00', '09:35:00', 0, 0, '2023-07-27 17:37:42', '2023-08-16 03:22:56'),
(704, 4, 14, 1, 1, '2023-07-27', '09:45:00', '11:20:00', 0, 0, '2023-07-27 17:37:42', '2023-08-16 03:22:56'),
(705, 4, 14, 1, 1, '2023-07-27', '11:30:00', '13:05:00', 0, 0, '2023-07-27 17:37:42', '2023-08-16 03:22:56'),
(706, 4, 14, 1, 1, '2023-07-27', '13:15:00', '14:50:00', 0, 0, '2023-07-27 17:37:42', '2023-08-16 03:22:56'),
(707, 4, 14, 1, 1, '2023-07-27', '15:00:00', '16:35:00', 0, 0, '2023-07-27 17:37:42', '2023-08-16 03:22:56'),
(708, 4, 14, 1, 1, '2023-07-27', '16:45:00', '18:20:00', 0, 0, '2023-07-27 17:37:42', '2023-08-16 03:22:56'),
(709, 4, 14, 1, 1, '2023-07-27', '18:30:00', '20:05:00', 0, 0, '2023-07-27 17:37:42', '2023-08-16 03:22:56'),
(710, 4, 14, 1, 1, '2023-07-27', '20:15:00', '21:50:00', 0, 0, '2023-07-27 17:37:42', '2023-08-16 03:22:56'),
(711, 4, 14, 1, 1, '2023-07-27', '22:00:00', '23:35:00', 0, 0, '2023-07-27 17:37:42', '2023-08-16 03:22:56'),
(739, 3, 20, 1, 1, '2023-07-29', '11:00:00', '13:20:00', 0, 0, '2023-07-27 17:44:51', '2023-08-16 03:22:56'),
(740, 3, 20, 1, 1, '2023-07-29', '13:30:00', '15:50:00', 0, 0, '2023-07-27 17:44:51', '2023-08-16 03:22:56'),
(741, 3, 20, 1, 1, '2023-07-29', '16:00:00', '18:20:00', 0, 0, '2023-07-27 17:44:51', '2023-08-16 03:22:56'),
(742, 3, 20, 1, 1, '2023-07-29', '18:30:00', '20:50:00', 0, 0, '2023-07-27 17:44:51', '2023-08-16 03:22:56'),
(743, 3, 20, 1, 1, '2023-07-29', '21:00:00', '23:20:00', 0, 0, '2023-07-27 17:44:51', '2023-08-16 03:22:56'),
(744, 12, 15, 1, 1, '2023-07-29', '11:00:00', '12:50:00', 0, 0, '2023-07-27 17:45:12', '2023-08-16 03:22:56'),
(745, 12, 15, 1, 1, '2023-07-29', '13:00:00', '14:50:00', 0, 0, '2023-07-27 17:45:12', '2023-08-16 03:22:56'),
(746, 12, 15, 1, 1, '2023-07-29', '15:00:00', '16:50:00', 0, 0, '2023-07-27 17:45:12', '2023-08-16 03:22:56'),
(747, 12, 15, 1, 1, '2023-07-29', '17:00:00', '18:50:00', 0, 0, '2023-07-27 17:45:12', '2023-08-16 03:22:56'),
(748, 12, 15, 1, 1, '2023-07-29', '19:00:00', '20:50:00', 0, 0, '2023-07-27 17:45:12', '2023-08-16 03:22:56'),
(749, 12, 15, 1, 1, '2023-07-29', '21:00:00', '22:50:00', 0, 0, '2023-07-27 17:45:12', '2023-08-16 03:22:56'),
(750, 13, 24, 1, 1, '2023-07-29', '11:00:00', '13:00:00', 1, 0, '2023-07-27 17:45:35', '2023-08-16 03:22:56'),
(751, 13, 24, 1, 1, '2023-07-29', '13:10:00', '15:10:00', 1, 0, '2023-07-27 17:45:35', '2023-08-16 03:22:56'),
(752, 13, 24, 1, 1, '2023-07-29', '15:20:00', '17:20:00', 1, 0, '2023-07-27 17:45:35', '2023-08-16 03:22:56'),
(753, 13, 24, 1, 1, '2023-07-29', '17:30:00', '19:30:00', 1, 0, '2023-07-27 17:45:35', '2023-08-16 03:22:56');
INSERT INTO `schedules` (`id`, `room_id`, `movie_id`, `audio_id`, `subtitle_id`, `date`, `startTime`, `endTime`, `early`, `status`, `created_at`, `updated_at`) VALUES
(754, 13, 24, 1, 1, '2023-07-29', '19:40:00', '21:40:00', 1, 0, '2023-07-27 17:45:35', '2023-08-16 03:22:56'),
(755, 13, 24, 1, 1, '2023-07-29', '21:50:00', '23:50:00', 1, 0, '2023-07-27 17:45:35', '2023-08-16 03:22:56'),
(781, 4, 12, 1, 1, '2023-07-29', '09:00:00', '11:45:00', 0, 0, '2023-07-27 17:46:43', '2023-08-16 03:22:56'),
(782, 4, 12, 1, 1, '2023-07-29', '11:55:00', '14:40:00', 0, 0, '2023-07-27 17:46:43', '2023-08-16 03:22:56'),
(783, 4, 12, 1, 1, '2023-07-29', '14:50:00', '17:35:00', 0, 0, '2023-07-27 17:46:43', '2023-08-16 03:22:56'),
(784, 4, 12, 1, 1, '2023-07-29', '17:45:00', '20:30:00', 0, 0, '2023-07-27 17:46:43', '2023-08-16 03:22:56'),
(785, 4, 12, 1, 1, '2023-07-29', '20:40:00', '23:25:00', 0, 0, '2023-07-27 17:46:43', '2023-08-16 03:22:56'),
(786, 5, 40, 1, 1, '2023-07-29', '09:00:00', '10:40:00', 1, 0, '2023-07-27 17:47:59', '2023-08-16 03:22:56'),
(787, 5, 40, 1, 1, '2023-07-29', '10:50:00', '12:30:00', 1, 0, '2023-07-27 17:47:59', '2023-08-16 03:22:56'),
(788, 5, 40, 1, 1, '2023-07-29', '12:40:00', '14:20:00', 1, 0, '2023-07-27 17:47:59', '2023-08-16 03:22:56'),
(789, 5, 40, 1, 1, '2023-07-29', '14:30:00', '16:10:00', 1, 0, '2023-07-27 17:47:59', '2023-08-16 03:22:56'),
(790, 5, 40, 1, 1, '2023-07-29', '16:20:00', '18:00:00', 1, 0, '2023-07-27 17:47:59', '2023-08-16 03:22:56'),
(791, 5, 40, 1, 1, '2023-07-29', '18:10:00', '19:50:00', 1, 0, '2023-07-27 17:47:59', '2023-08-16 03:22:56'),
(792, 5, 40, 1, 1, '2023-07-29', '20:00:00', '21:40:00', 1, 0, '2023-07-27 17:47:59', '2023-08-16 03:22:56'),
(793, 5, 40, 1, 1, '2023-07-29', '21:50:00', '23:30:00', 1, 0, '2023-07-27 17:47:59', '2023-08-16 03:22:56'),
(802, 6, 39, 1, 1, '2023-07-29', '10:00:00', '11:35:00', 0, 0, '2023-07-27 17:57:26', '2023-08-16 03:22:56'),
(803, 6, 39, 1, 1, '2023-07-29', '11:45:00', '13:20:00', 0, 0, '2023-07-27 17:57:26', '2023-08-16 03:22:56'),
(804, 6, 39, 1, 1, '2023-07-29', '13:30:00', '15:05:00', 0, 0, '2023-07-27 17:57:26', '2023-08-16 03:22:56'),
(805, 6, 39, 1, 1, '2023-07-29', '15:15:00', '16:50:00', 0, 0, '2023-07-27 17:57:26', '2023-08-16 03:22:56'),
(806, 6, 39, 1, 1, '2023-07-29', '17:00:00', '18:35:00', 0, 0, '2023-07-27 17:57:26', '2023-08-16 03:22:56'),
(807, 6, 39, 1, 1, '2023-07-29', '18:45:00', '20:20:00', 0, 0, '2023-07-27 17:57:26', '2023-08-16 03:22:56'),
(808, 6, 39, 1, 1, '2023-07-29', '20:30:00', '22:05:00', 0, 0, '2023-07-27 17:57:26', '2023-08-16 03:22:56'),
(809, 16, 36, 1, 1, '2023-07-29', '10:00:00', '12:00:00', 0, 0, '2023-07-27 17:59:02', '2023-08-16 03:22:56'),
(810, 16, 36, 1, 1, '2023-07-29', '12:10:00', '14:10:00', 0, 0, '2023-07-27 17:59:02', '2023-08-16 03:22:56'),
(811, 16, 36, 1, 1, '2023-07-29', '14:20:00', '16:20:00', 0, 0, '2023-07-27 17:59:02', '2023-08-16 03:22:56'),
(812, 16, 36, 1, 1, '2023-07-29', '16:30:00', '18:30:00', 0, 0, '2023-07-27 17:59:02', '2023-08-16 03:22:56'),
(813, 16, 36, 1, 1, '2023-07-29', '18:40:00', '20:40:00', 0, 0, '2023-07-27 17:59:02', '2023-08-16 03:22:56'),
(814, 16, 36, 1, 1, '2023-07-29', '20:50:00', '22:50:00', 0, 0, '2023-07-27 17:59:02', '2023-08-16 03:22:56'),
(815, 1, 38, 1, 1, '2023-07-30', '08:00:00', '10:05:00', 0, 0, '2023-07-27 17:59:35', '2023-08-16 03:22:56'),
(816, 1, 38, 1, 1, '2023-07-30', '10:15:00', '12:20:00', 0, 0, '2023-07-27 17:59:35', '2023-08-16 03:22:56'),
(817, 1, 38, 1, 1, '2023-07-30', '12:30:00', '14:35:00', 0, 0, '2023-07-27 17:59:35', '2023-08-16 03:22:56'),
(818, 1, 38, 1, 1, '2023-07-30', '14:45:00', '16:50:00', 0, 0, '2023-07-27 17:59:35', '2023-08-16 03:22:56'),
(819, 1, 38, 1, 1, '2023-07-30', '17:00:00', '19:05:00', 0, 0, '2023-07-27 17:59:35', '2023-08-16 03:22:56'),
(820, 1, 38, 1, 1, '2023-07-30', '19:15:00', '21:20:00', 0, 0, '2023-07-27 17:59:35', '2023-08-16 03:22:56'),
(821, 1, 38, 1, 1, '2023-07-30', '21:30:00', '23:35:00', 0, 0, '2023-07-27 17:59:35', '2023-08-16 03:22:56'),
(822, 1, 8, 1, 1, '2023-08-06', '08:00:00', '10:15:00', 0, 0, '2023-08-06 06:37:43', '2023-08-16 03:22:56'),
(823, 1, 8, 1, 1, '2023-08-06', '10:25:00', '12:40:00', 0, 0, '2023-08-06 06:37:43', '2023-08-16 03:22:56'),
(824, 1, 8, 1, 1, '2023-08-06', '12:50:00', '15:05:00', 0, 0, '2023-08-06 06:37:43', '2023-08-16 03:22:56'),
(825, 1, 8, 1, 1, '2023-08-06', '15:15:00', '17:30:00', 0, 0, '2023-08-06 06:37:43', '2023-08-16 03:22:56'),
(826, 1, 8, 1, 1, '2023-08-06', '17:40:00', '19:55:00', 0, 0, '2023-08-06 06:37:43', '2023-08-16 03:22:56'),
(827, 1, 8, 1, 1, '2023-08-06', '20:05:00', '22:20:00', 0, 0, '2023-08-06 06:37:43', '2023-08-16 03:22:56'),
(828, 2, 8, 1, 1, '2023-08-06', '08:00:00', '10:15:00', 0, 0, '2023-08-06 06:39:13', '2023-08-16 03:22:56'),
(829, 2, 8, 1, 1, '2023-08-06', '10:25:00', '12:40:00', 0, 0, '2023-08-06 06:39:13', '2023-08-16 03:22:56'),
(830, 2, 8, 1, 1, '2023-08-06', '12:50:00', '15:05:00', 0, 0, '2023-08-06 06:39:13', '2023-08-16 03:22:56'),
(831, 2, 8, 1, 1, '2023-08-06', '15:15:00', '17:30:00', 0, 0, '2023-08-06 06:39:13', '2023-08-16 03:22:56'),
(832, 2, 8, 1, 1, '2023-08-06', '17:40:00', '19:55:00', 0, 0, '2023-08-06 06:39:13', '2023-08-16 03:22:56'),
(833, 2, 8, 1, 1, '2023-08-06', '20:05:00', '22:20:00', 0, 0, '2023-08-06 06:39:13', '2023-08-16 03:22:56'),
(834, 1, 11, 1, 1, '2023-08-11', '08:00:00', '09:50:00', 0, 0, '2023-08-11 05:37:09', '2023-08-16 03:22:56'),
(835, 1, 11, 1, 1, '2023-08-11', '10:00:00', '11:50:00', 0, 0, '2023-08-11 05:37:09', '2023-08-16 03:22:56'),
(836, 1, 11, 1, 1, '2023-08-11', '12:00:00', '13:50:00', 0, 0, '2023-08-11 05:37:09', '2023-08-16 03:22:56'),
(837, 1, 11, 1, 1, '2023-08-11', '14:00:00', '15:50:00', 0, 0, '2023-08-11 05:37:09', '2023-08-16 03:22:56'),
(838, 1, 11, 1, 1, '2023-08-11', '16:00:00', '17:50:00', 0, 0, '2023-08-11 05:37:09', '2023-08-16 03:22:56'),
(839, 1, 11, 1, 1, '2023-08-11', '18:00:00', '19:50:00', 0, 0, '2023-08-11 05:37:09', '2023-08-16 03:22:56'),
(840, 1, 11, 1, 1, '2023-08-11', '20:00:00', '21:50:00', 0, 0, '2023-08-11 05:37:09', '2023-08-16 03:22:56'),
(841, 1, 11, 1, 1, '2023-08-11', '22:00:00', '23:50:00', 0, 0, '2023-08-11 05:37:09', '2023-08-16 03:22:56'),
(842, 1, 8, 1, 1, '2023-08-12', '08:00:00', '10:15:00', 0, 0, '2023-08-11 12:39:35', '2023-08-16 03:22:56'),
(843, 1, 8, 1, 1, '2023-08-12', '10:25:00', '12:40:00', 0, 0, '2023-08-11 12:39:35', '2023-08-16 03:22:56'),
(844, 1, 8, 1, 1, '2023-08-12', '12:50:00', '15:05:00', 0, 0, '2023-08-11 12:39:35', '2023-08-16 03:22:56'),
(845, 1, 8, 1, 1, '2023-08-12', '15:15:00', '17:30:00', 0, 0, '2023-08-11 12:39:35', '2023-08-16 03:22:56'),
(846, 1, 8, 1, 1, '2023-08-12', '17:40:00', '19:55:00', 0, 0, '2023-08-11 12:39:35', '2023-08-16 03:22:56'),
(847, 1, 8, 1, 1, '2023-08-12', '20:05:00', '22:20:00', 0, 0, '2023-08-11 12:39:35', '2023-08-16 03:22:56'),
(848, 3, 15, 1, 1, '2023-08-12', '08:00:00', '09:50:00', 0, 0, '2023-08-11 12:39:52', '2023-08-16 03:22:56'),
(849, 3, 15, 1, 1, '2023-08-12', '10:00:00', '11:50:00', 0, 0, '2023-08-11 12:39:52', '2023-08-16 03:22:56'),
(850, 3, 15, 1, 1, '2023-08-12', '12:00:00', '13:50:00', 0, 0, '2023-08-11 12:39:52', '2023-08-16 03:22:56'),
(851, 3, 15, 1, 1, '2023-08-12', '14:00:00', '15:50:00', 0, 0, '2023-08-11 12:39:52', '2023-08-16 03:22:56'),
(852, 3, 15, 1, 1, '2023-08-12', '16:00:00', '17:50:00', 0, 0, '2023-08-11 12:39:52', '2023-08-16 03:22:56'),
(853, 3, 15, 1, 1, '2023-08-12', '18:00:00', '19:50:00', 0, 0, '2023-08-11 12:39:52', '2023-08-16 03:22:56'),
(854, 3, 15, 1, 1, '2023-08-12', '20:00:00', '21:50:00', 0, 0, '2023-08-11 12:39:52', '2023-08-16 03:22:56'),
(855, 3, 15, 1, 1, '2023-08-12', '22:00:00', '23:50:00', 0, 0, '2023-08-11 12:39:52', '2023-08-16 03:22:56'),
(856, 3, 40, 1, 1, '2023-08-11', '08:00:00', '09:40:00', 0, 0, '2023-08-11 12:40:05', '2023-08-16 03:22:56'),
(857, 3, 40, 1, 1, '2023-08-11', '09:50:00', '11:30:00', 0, 0, '2023-08-11 12:40:05', '2023-08-16 03:22:56'),
(858, 3, 40, 1, 1, '2023-08-11', '11:40:00', '13:20:00', 0, 0, '2023-08-11 12:40:05', '2023-08-16 03:22:56'),
(859, 3, 40, 1, 1, '2023-08-11', '13:30:00', '15:10:00', 0, 0, '2023-08-11 12:40:05', '2023-08-16 03:22:56'),
(860, 3, 40, 1, 1, '2023-08-11', '15:20:00', '17:00:00', 0, 0, '2023-08-11 12:40:05', '2023-08-16 03:22:56'),
(861, 3, 40, 1, 1, '2023-08-11', '17:10:00', '18:50:00', 0, 0, '2023-08-11 12:40:05', '2023-08-16 03:22:56'),
(862, 3, 40, 1, 1, '2023-08-11', '19:00:00', '20:40:00', 0, 0, '2023-08-11 12:40:05', '2023-08-16 03:22:56'),
(863, 3, 40, 1, 1, '2023-08-11', '20:50:00', '22:30:00', 0, 0, '2023-08-11 12:40:05', '2023-08-16 03:22:56'),
(864, 2, 8, 1, 1, '2023-08-11', '08:00:00', '10:15:00', 0, 0, '2023-08-11 12:40:31', '2023-08-16 03:22:56'),
(865, 2, 8, 1, 1, '2023-08-11', '10:25:00', '12:40:00', 0, 0, '2023-08-11 12:40:31', '2023-08-16 03:22:56'),
(866, 2, 8, 1, 1, '2023-08-11', '12:50:00', '15:05:00', 0, 0, '2023-08-11 12:40:31', '2023-08-16 03:22:56'),
(867, 2, 8, 1, 1, '2023-08-11', '15:15:00', '17:30:00', 0, 0, '2023-08-11 12:40:31', '2023-08-16 03:22:56'),
(868, 2, 8, 1, 1, '2023-08-11', '17:40:00', '19:55:00', 0, 0, '2023-08-11 12:40:31', '2023-08-16 03:22:56'),
(869, 2, 8, 1, 1, '2023-08-11', '20:05:00', '22:20:00', 0, 0, '2023-08-11 12:40:31', '2023-08-16 03:22:56'),
(870, 2, 11, 1, 1, '2023-08-12', '08:00:00', '09:50:00', 0, 0, '2023-08-11 12:40:57', '2023-08-16 03:22:56'),
(871, 2, 11, 1, 1, '2023-08-12', '10:00:00', '11:50:00', 0, 0, '2023-08-11 12:40:57', '2023-08-16 03:22:56'),
(872, 2, 11, 1, 1, '2023-08-12', '12:00:00', '13:50:00', 0, 0, '2023-08-11 12:40:57', '2023-08-16 03:22:56'),
(873, 2, 11, 1, 1, '2023-08-12', '14:00:00', '15:50:00', 0, 0, '2023-08-11 12:40:57', '2023-08-16 03:22:56'),
(874, 2, 11, 1, 1, '2023-08-12', '16:00:00', '17:50:00', 0, 0, '2023-08-11 12:40:57', '2023-08-16 03:22:56'),
(875, 2, 11, 1, 1, '2023-08-12', '18:00:00', '19:50:00', 0, 0, '2023-08-11 12:40:57', '2023-08-16 03:22:56'),
(876, 2, 11, 1, 1, '2023-08-12', '20:00:00', '21:50:00', 0, 0, '2023-08-11 12:40:57', '2023-08-16 03:22:56'),
(877, 2, 11, 1, 1, '2023-08-12', '22:00:00', '23:50:00', 0, 0, '2023-08-11 12:40:57', '2023-08-16 03:22:56'),
(878, 12, 22, 1, 1, '2023-08-11', '08:00:00', '09:10:00', 0, 0, '2023-08-11 13:34:59', '2023-08-16 03:22:56'),
(879, 12, 22, 1, 1, '2023-08-11', '09:20:00', '10:30:00', 0, 0, '2023-08-11 13:34:59', '2023-08-16 03:22:56'),
(880, 12, 22, 1, 1, '2023-08-11', '10:40:00', '11:50:00', 0, 0, '2023-08-11 13:34:59', '2023-08-16 03:22:56'),
(881, 12, 22, 1, 1, '2023-08-11', '12:00:00', '13:10:00', 0, 0, '2023-08-11 13:34:59', '2023-08-16 03:22:56'),
(882, 12, 22, 1, 1, '2023-08-11', '13:20:00', '14:30:00', 0, 0, '2023-08-11 13:34:59', '2023-08-16 03:22:56'),
(883, 12, 22, 1, 1, '2023-08-11', '14:40:00', '15:50:00', 0, 0, '2023-08-11 13:34:59', '2023-08-16 03:22:56'),
(884, 12, 22, 1, 1, '2023-08-11', '16:00:00', '17:10:00', 0, 0, '2023-08-11 13:34:59', '2023-08-16 03:22:56'),
(885, 12, 22, 1, 1, '2023-08-11', '17:20:00', '18:30:00', 0, 0, '2023-08-11 13:34:59', '2023-08-16 03:22:56'),
(886, 12, 22, 1, 1, '2023-08-11', '18:40:00', '19:50:00', 0, 0, '2023-08-11 13:34:59', '2023-08-16 03:22:56'),
(887, 12, 22, 1, 1, '2023-08-11', '20:00:00', '21:10:00', 0, 0, '2023-08-11 13:34:59', '2023-08-16 03:22:56'),
(888, 12, 22, 1, 1, '2023-08-11', '21:20:00', '22:30:00', 0, 0, '2023-08-11 13:34:59', '2023-08-16 03:22:56'),
(898, 1, 41, 1, 1, '2023-08-13', '08:00:00', '09:35:00', 1, 0, '2023-08-13 07:33:13', '2023-08-16 03:22:56'),
(899, 1, 41, 1, 1, '2023-08-13', '09:45:00', '11:20:00', 1, 0, '2023-08-13 07:33:13', '2023-08-16 03:22:56'),
(900, 1, 41, 1, 1, '2023-08-13', '11:30:00', '13:05:00', 1, 0, '2023-08-13 07:33:13', '2023-08-16 03:22:56'),
(901, 1, 41, 1, 1, '2023-08-13', '13:15:00', '14:50:00', 1, 0, '2023-08-13 07:33:13', '2023-08-16 03:22:56'),
(902, 1, 41, 1, 1, '2023-08-13', '15:00:00', '16:35:00', 1, 0, '2023-08-13 07:33:13', '2023-08-16 03:22:56'),
(903, 1, 41, 1, 1, '2023-08-13', '16:45:00', '18:20:00', 1, 0, '2023-08-13 07:33:13', '2023-08-16 03:22:56'),
(904, 1, 41, 1, 1, '2023-08-13', '18:30:00', '20:05:00', 1, 0, '2023-08-13 07:33:13', '2023-08-16 03:22:56'),
(905, 1, 41, 1, 1, '2023-08-13', '20:15:00', '21:50:00', 1, 0, '2023-08-13 07:33:13', '2023-08-16 03:22:56'),
(906, 1, 41, 1, 1, '2023-08-13', '22:00:00', '23:35:00', 1, 0, '2023-08-13 07:33:13', '2023-08-16 03:22:56'),
(907, 2, 8, 1, 1, '2023-08-13', '08:00:00', '10:15:00', 0, 0, '2023-08-13 07:33:20', '2023-08-16 03:22:56'),
(908, 2, 8, 1, 1, '2023-08-13', '10:25:00', '12:40:00', 0, 0, '2023-08-13 07:33:20', '2023-08-16 03:22:56'),
(909, 2, 8, 1, 1, '2023-08-13', '12:50:00', '15:05:00', 0, 0, '2023-08-13 07:33:20', '2023-08-16 03:22:56'),
(910, 2, 8, 1, 1, '2023-08-13', '15:15:00', '17:30:00', 0, 0, '2023-08-13 07:33:20', '2023-08-16 03:22:56'),
(911, 2, 8, 1, 1, '2023-08-13', '17:40:00', '19:55:00', 0, 0, '2023-08-13 07:33:20', '2023-08-16 03:22:56'),
(912, 2, 8, 1, 1, '2023-08-13', '20:05:00', '22:20:00', 0, 0, '2023-08-13 07:33:20', '2023-08-16 03:22:56'),
(913, 12, 12, 1, 1, '2023-08-13', '08:00:00', '10:45:00', 0, 0, '2023-08-13 07:42:14', '2023-08-16 03:22:56'),
(914, 12, 12, 1, 1, '2023-08-13', '10:55:00', '13:40:00', 0, 0, '2023-08-13 07:42:14', '2023-08-16 03:22:56'),
(915, 12, 12, 1, 1, '2023-08-13', '13:50:00', '16:35:00', 0, 0, '2023-08-13 07:42:14', '2023-08-16 03:22:56'),
(916, 12, 12, 1, 1, '2023-08-13', '16:45:00', '19:30:00', 0, 0, '2023-08-13 07:42:14', '2023-08-16 03:22:56'),
(917, 12, 12, 1, 1, '2023-08-13', '19:40:00', '22:25:00', 0, 0, '2023-08-13 07:42:14', '2023-08-16 03:22:56'),
(926, 13, 15, 1, 1, '2023-08-13', '08:00:00', '09:50:00', 0, 0, '2023-08-13 07:58:43', '2023-08-16 03:22:56'),
(927, 13, 15, 1, 1, '2023-08-13', '10:00:00', '11:50:00', 0, 0, '2023-08-13 07:58:43', '2023-08-16 03:22:56'),
(928, 13, 15, 1, 1, '2023-08-13', '12:00:00', '13:50:00', 0, 0, '2023-08-13 07:58:43', '2023-08-16 03:22:56'),
(929, 13, 15, 1, 1, '2023-08-13', '14:00:00', '15:50:00', 0, 0, '2023-08-13 07:58:43', '2023-08-16 03:22:56'),
(930, 13, 15, 1, 1, '2023-08-13', '16:00:00', '17:50:00', 0, 0, '2023-08-13 07:58:43', '2023-08-16 03:22:56'),
(931, 13, 15, 1, 1, '2023-08-13', '18:00:00', '19:50:00', 0, 0, '2023-08-13 07:58:43', '2023-08-16 03:22:56'),
(932, 13, 15, 1, 1, '2023-08-13', '20:00:00', '21:50:00', 0, 0, '2023-08-13 07:58:43', '2023-08-16 03:22:56'),
(933, 13, 15, 1, 1, '2023-08-13', '22:00:00', '23:50:00', 0, 0, '2023-08-13 07:58:43', '2023-08-16 03:22:56'),
(934, 1, 11, 1, 1, '2023-08-14', '08:00:00', '09:50:00', 0, 0, '2023-08-13 08:00:41', '2023-08-16 03:22:56'),
(935, 1, 11, 1, 1, '2023-08-14', '10:00:00', '11:50:00', 0, 0, '2023-08-13 08:00:41', '2023-08-16 03:22:56'),
(936, 1, 11, 1, 1, '2023-08-14', '12:00:00', '13:50:00', 0, 0, '2023-08-13 08:00:41', '2023-08-16 03:22:56'),
(937, 1, 11, 1, 1, '2023-08-14', '14:00:00', '15:50:00', 0, 0, '2023-08-13 08:00:41', '2023-08-16 03:22:56'),
(938, 1, 11, 1, 1, '2023-08-14', '16:00:00', '17:50:00', 0, 0, '2023-08-13 08:00:41', '2023-08-16 03:22:56'),
(939, 1, 11, 1, 1, '2023-08-14', '18:00:00', '19:50:00', 0, 0, '2023-08-13 08:00:41', '2023-08-16 03:22:56'),
(940, 1, 11, 1, 1, '2023-08-14', '20:00:00', '21:50:00', 0, 0, '2023-08-13 08:00:41', '2023-08-16 03:22:56'),
(941, 1, 11, 1, 1, '2023-08-14', '22:00:00', '23:50:00', 0, 0, '2023-08-13 08:00:41', '2023-08-16 03:22:56'),
(942, 2, 16, 1, 1, '2023-08-14', '08:00:00', '09:50:00', 0, 0, '2023-08-13 08:00:47', '2023-08-16 03:22:56'),
(943, 2, 16, 1, 1, '2023-08-14', '10:00:00', '11:50:00', 0, 0, '2023-08-13 08:00:47', '2023-08-16 03:22:56'),
(944, 2, 16, 1, 1, '2023-08-14', '12:00:00', '13:50:00', 0, 0, '2023-08-13 08:00:47', '2023-08-16 03:22:56'),
(945, 2, 16, 1, 1, '2023-08-14', '14:00:00', '15:50:00', 0, 0, '2023-08-13 08:00:47', '2023-08-16 03:22:56'),
(946, 2, 16, 1, 1, '2023-08-14', '16:00:00', '17:50:00', 0, 0, '2023-08-13 08:00:47', '2023-08-16 03:22:56'),
(947, 2, 16, 1, 1, '2023-08-14', '18:00:00', '19:50:00', 0, 0, '2023-08-13 08:00:47', '2023-08-16 03:22:56'),
(948, 2, 16, 1, 1, '2023-08-14', '20:00:00', '21:50:00', 0, 0, '2023-08-13 08:00:47', '2023-08-16 03:22:56'),
(949, 2, 16, 1, 1, '2023-08-14', '22:00:00', '23:50:00', 0, 0, '2023-08-13 08:00:47', '2023-08-16 03:22:56'),
(950, 12, 17, 1, 1, '2023-08-14', '08:00:00', '11:00:00', 0, 0, '2023-08-13 08:01:56', '2023-08-16 03:22:56'),
(951, 12, 17, 1, 1, '2023-08-14', '11:10:00', '14:10:00', 0, 0, '2023-08-13 08:01:56', '2023-08-16 03:22:56'),
(952, 12, 17, 1, 1, '2023-08-14', '14:20:00', '17:20:00', 0, 0, '2023-08-13 08:01:56', '2023-08-16 03:22:56'),
(953, 12, 17, 1, 1, '2023-08-14', '17:30:00', '20:30:00', 0, 0, '2023-08-13 08:01:56', '2023-08-16 03:22:56'),
(954, 12, 17, 1, 1, '2023-08-14', '20:40:00', '23:40:00', 0, 0, '2023-08-13 08:01:56', '2023-08-16 03:22:56'),
(955, 13, 24, 1, 1, '2023-08-14', '08:00:00', '10:00:00', 1, 0, '2023-08-13 08:02:07', '2023-08-16 03:22:56'),
(956, 13, 24, 1, 1, '2023-08-14', '10:10:00', '12:10:00', 1, 0, '2023-08-13 08:02:07', '2023-08-16 03:22:56'),
(957, 13, 24, 1, 1, '2023-08-14', '12:20:00', '14:20:00', 1, 0, '2023-08-13 08:02:07', '2023-08-16 03:22:56'),
(958, 13, 24, 1, 1, '2023-08-14', '14:30:00', '16:30:00', 1, 0, '2023-08-13 08:02:07', '2023-08-16 03:22:56'),
(959, 13, 24, 1, 1, '2023-08-14', '16:40:00', '18:40:00', 1, 0, '2023-08-13 08:02:07', '2023-08-16 03:22:56'),
(960, 13, 24, 1, 1, '2023-08-14', '18:50:00', '20:50:00', 1, 0, '2023-08-13 08:02:07', '2023-08-16 03:22:56'),
(961, 13, 24, 1, 1, '2023-08-14', '21:00:00', '23:00:00', 1, 0, '2023-08-13 08:02:07', '2023-08-16 03:22:56'),
(962, 1, 14, 1, 1, '2023-08-15', '08:00:00', '09:35:00', 0, 0, '2023-08-13 08:06:35', '2023-08-16 03:22:56'),
(963, 1, 14, 1, 1, '2023-08-15', '09:45:00', '11:20:00', 0, 0, '2023-08-13 08:06:35', '2023-08-16 03:22:56'),
(964, 1, 14, 1, 1, '2023-08-15', '11:30:00', '13:05:00', 0, 0, '2023-08-13 08:06:35', '2023-08-16 03:22:56'),
(965, 1, 14, 1, 1, '2023-08-15', '13:15:00', '14:50:00', 0, 0, '2023-08-13 08:06:35', '2023-08-16 03:22:56'),
(966, 1, 14, 1, 1, '2023-08-15', '15:00:00', '16:35:00', 0, 0, '2023-08-13 08:06:35', '2023-08-16 03:22:56'),
(967, 1, 14, 1, 1, '2023-08-15', '16:45:00', '18:20:00', 0, 0, '2023-08-13 08:06:35', '2023-08-16 03:22:56'),
(968, 1, 14, 1, 1, '2023-08-15', '18:30:00', '20:05:00', 0, 0, '2023-08-13 08:06:35', '2023-08-16 03:22:56'),
(969, 1, 14, 1, 1, '2023-08-15', '20:15:00', '21:50:00', 0, 0, '2023-08-13 08:06:35', '2023-08-16 03:22:56'),
(970, 1, 14, 1, 1, '2023-08-15', '22:00:00', '23:35:00', 0, 0, '2023-08-13 08:06:35', '2023-08-16 03:22:56'),
(971, 2, 29, 1, 1, '2023-08-15', '08:00:00', '09:10:00', 1, 0, '2023-08-13 08:06:46', '2023-08-16 03:22:56'),
(972, 2, 29, 1, 1, '2023-08-15', '09:20:00', '10:30:00', 1, 0, '2023-08-13 08:06:46', '2023-08-16 03:22:56'),
(973, 2, 29, 1, 1, '2023-08-15', '10:40:00', '11:50:00', 1, 0, '2023-08-13 08:06:46', '2023-08-16 03:22:56'),
(974, 2, 29, 1, 1, '2023-08-15', '12:00:00', '13:10:00', 1, 0, '2023-08-13 08:06:46', '2023-08-16 03:22:56'),
(975, 2, 29, 1, 1, '2023-08-15', '13:20:00', '14:30:00', 1, 0, '2023-08-13 08:06:46', '2023-08-16 03:22:56'),
(976, 2, 29, 1, 1, '2023-08-15', '14:40:00', '15:50:00', 1, 0, '2023-08-13 08:06:46', '2023-08-16 03:22:56'),
(977, 2, 29, 1, 1, '2023-08-15', '16:00:00', '17:10:00', 1, 0, '2023-08-13 08:06:46', '2023-08-16 03:22:56'),
(978, 2, 29, 1, 1, '2023-08-15', '17:20:00', '18:30:00', 1, 0, '2023-08-13 08:06:46', '2023-08-16 03:22:56'),
(979, 2, 29, 1, 1, '2023-08-15', '18:40:00', '19:50:00', 1, 0, '2023-08-13 08:06:46', '2023-08-16 03:22:56'),
(980, 2, 29, 1, 1, '2023-08-15', '20:00:00', '21:10:00', 1, 0, '2023-08-13 08:06:46', '2023-08-16 03:22:56'),
(981, 2, 29, 1, 1, '2023-08-15', '21:20:00', '22:30:00', 1, 0, '2023-08-13 08:06:46', '2023-08-16 03:22:56'),
(982, 20, 8, 1, 1, '2023-08-14', '08:00:00', '10:15:00', 0, 0, '2023-08-14 03:52:11', '2023-08-16 03:22:56'),
(983, 20, 8, 1, 1, '2023-08-14', '10:25:00', '12:40:00', 0, 0, '2023-08-14 03:52:11', '2023-08-16 03:22:56'),
(984, 20, 8, 1, 1, '2023-08-14', '12:50:00', '15:05:00', 0, 0, '2023-08-14 03:52:11', '2023-08-16 03:22:56'),
(985, 20, 8, 1, 1, '2023-08-14', '15:15:00', '17:30:00', 0, 0, '2023-08-14 03:52:11', '2023-08-16 03:22:56'),
(986, 20, 8, 1, 1, '2023-08-14', '17:40:00', '19:55:00', 0, 0, '2023-08-14 03:52:12', '2023-08-16 03:22:56'),
(987, 20, 8, 1, 1, '2023-08-14', '20:05:00', '22:20:00', 0, 0, '2023-08-14 03:52:12', '2023-08-16 03:22:56');

-- --------------------------------------------------------

--
-- Table structure for table `seats`
--

DROP TABLE IF EXISTS `seats`;
CREATE TABLE IF NOT EXISTS `seats` (
  `id` bigint UNSIGNED NOT NULL AUTO_INCREMENT,
  `row` varchar(255) CHARACTER SET utf8mb4 COLLATE utf8mb4_unicode_ci NOT NULL,
  `col` int NOT NULL,
  `ms` int NOT NULL DEFAULT '0',
  `me` int NOT NULL DEFAULT '0',
  `mb` int NOT NULL DEFAULT '0',
  `seatType_id` bigint UNSIGNED NOT NULL,
  `room_id` bigint UNSIGNED NOT NULL,
  `status` varchar(255) CHARACTER SET utf8mb4 COLLATE utf8mb4_unicode_ci NOT NULL DEFAULT '1',
  `created_at` timestamp NULL DEFAULT NULL,
  `updated_at` timestamp NULL DEFAULT NULL,
  PRIMARY KEY (`id`),
  KEY `seats_room_id_foreign` (`room_id`),
  KEY `seats_seattype_id_foreign` (`seatType_id`)
) ENGINE=InnoDB AUTO_INCREMENT=2531 DEFAULT CHARSET=utf8mb4 COLLATE=utf8mb4_unicode_ci;

--
-- Dumping data for table `seats`
--

INSERT INTO `seats` (`id`, `row`, `col`, `ms`, `me`, `mb`, `seatType_id`, `room_id`, `status`, `created_at`, `updated_at`) VALUES
(1, 'A', 1, 0, 0, 1, 1, 1, '1', '2023-06-29 13:16:12', '2023-07-18 08:41:03'),
(2, 'A', 2, 0, 2, 1, 1, 1, '1', '2023-06-29 13:16:12', '2023-07-18 08:41:03'),
(3, 'A', 3, 0, 0, 1, 1, 1, '1', '2023-06-29 13:16:12', '2023-07-18 08:41:03'),
(4, 'A', 4, 0, 0, 1, 1, 1, '1', '2023-06-29 13:16:12', '2023-07-18 08:41:03'),
(5, 'A', 5, 0, 0, 1, 1, 1, '1', '2023-06-29 13:16:12', '2023-07-18 08:41:03'),
(6, 'A', 6, 0, 0, 1, 1, 1, '1', '2023-06-29 13:16:12', '2023-07-18 08:41:03'),
(7, 'A', 7, 0, 0, 1, 1, 1, '1', '2023-06-29 13:16:12', '2023-07-18 08:41:03'),
(8, 'A', 8, 0, 0, 1, 1, 1, '1', '2023-06-29 13:16:12', '2023-07-18 08:41:03'),
(9, 'A', 9, 0, 0, 1, 1, 1, '1', '2023-06-29 13:16:12', '2023-07-18 08:41:03'),
(10, 'A', 10, 0, 0, 1, 1, 1, '1', '2023-06-29 13:16:12', '2023-07-18 08:41:03'),
(11, 'A', 11, 0, 0, 1, 1, 1, '1', '2023-06-29 13:16:12', '2023-07-18 08:41:03'),
(12, 'A', 12, 0, 0, 1, 1, 1, '1', '2023-06-29 13:16:12', '2023-07-18 08:41:03'),
(13, 'A', 13, 0, 0, 1, 1, 1, '1', '2023-06-29 13:16:12', '2023-07-18 08:41:03'),
(14, 'A', 14, 0, 0, 1, 1, 1, '1', '2023-06-29 13:16:12', '2023-07-18 08:41:03'),
(15, 'A', 15, 0, 0, 1, 1, 1, '1', '2023-06-29 13:16:12', '2023-07-18 08:41:03'),
(16, 'A', 16, 0, 0, 1, 1, 1, '1', '2023-06-29 13:16:12', '2023-07-18 08:41:03'),
(17, 'A', 17, 2, 0, 1, 1, 1, '1', '2023-06-29 13:16:12', '2023-07-18 08:41:03'),
(18, 'A', 18, 0, 0, 1, 1, 1, '1', '2023-06-29 13:16:12', '2023-07-18 08:41:03'),
(19, 'B', 1, 0, 0, 0, 1, 1, '1', '2023-06-29 13:16:12', '2023-06-29 13:16:12'),
(20, 'B', 2, 0, 2, 0, 1, 1, '1', '2023-06-29 13:16:12', '2023-06-29 13:16:12'),
(21, 'B', 3, 0, 0, 0, 1, 1, '1', '2023-06-29 13:16:12', '2023-07-11 15:10:05'),
(22, 'B', 4, 0, 0, 0, 1, 1, '1', '2023-06-29 13:16:12', '2023-07-06 13:38:20'),
(23, 'B', 5, 0, 0, 0, 1, 1, '1', '2023-06-29 13:16:12', '2023-06-29 13:16:12'),
(24, 'B', 6, 0, 0, 0, 1, 1, '1', '2023-06-29 13:16:12', '2023-06-29 13:16:12'),
(25, 'B', 7, 0, 0, 0, 1, 1, '1', '2023-06-29 13:16:12', '2023-06-29 13:16:12'),
(26, 'B', 8, 0, 0, 0, 1, 1, '1', '2023-06-29 13:16:12', '2023-06-29 13:16:12'),
(27, 'B', 9, 0, 0, 0, 1, 1, '1', '2023-06-29 13:16:12', '2023-06-29 13:16:12'),
(28, 'B', 10, 0, 0, 0, 1, 1, '1', '2023-06-29 13:16:12', '2023-06-29 13:16:12'),
(29, 'B', 11, 0, 0, 0, 1, 1, '1', '2023-06-29 13:16:12', '2023-06-29 13:16:12'),
(30, 'B', 12, 0, 0, 0, 1, 1, '1', '2023-06-29 13:16:12', '2023-06-29 13:16:12'),
(31, 'B', 13, 0, 0, 0, 1, 1, '1', '2023-06-29 13:16:12', '2023-06-29 13:16:12'),
(32, 'B', 14, 0, 0, 0, 1, 1, '1', '2023-06-29 13:16:12', '2023-06-29 13:16:12'),
(33, 'B', 15, 0, 0, 0, 1, 1, '1', '2023-06-29 13:16:12', '2023-06-29 13:16:12'),
(34, 'B', 16, 0, 0, 0, 1, 1, '1', '2023-06-29 13:16:12', '2023-07-11 15:10:13'),
(35, 'B', 17, 2, 0, 0, 1, 1, '1', '2023-06-29 13:16:12', '2023-06-29 13:16:12'),
(36, 'B', 18, 0, 0, 0, 1, 1, '1', '2023-06-29 13:16:12', '2023-06-29 13:16:12'),
(37, 'C', 1, 0, 0, 0, 1, 1, '1', '2023-06-29 13:16:12', '2023-06-29 13:16:12'),
(38, 'C', 2, 0, 2, 0, 1, 1, '1', '2023-06-29 13:16:12', '2023-06-29 13:16:12'),
(39, 'C', 3, 0, 0, 0, 1, 1, '1', '2023-06-29 13:16:12', '2023-06-29 13:16:12'),
(40, 'C', 4, 0, 0, 0, 1, 1, '1', '2023-06-29 13:16:12', '2023-06-29 13:16:12'),
(41, 'C', 5, 0, 0, 0, 1, 1, '1', '2023-06-29 13:16:12', '2023-06-29 13:16:12'),
(42, 'C', 6, 0, 0, 0, 1, 1, '1', '2023-06-29 13:16:12', '2023-06-29 13:16:12'),
(43, 'C', 7, 0, 0, 0, 1, 1, '1', '2023-06-29 13:16:12', '2023-06-29 13:16:12'),
(44, 'C', 8, 0, 0, 0, 1, 1, '1', '2023-06-29 13:16:12', '2023-06-29 13:16:12'),
(45, 'C', 9, 0, 0, 0, 1, 1, '1', '2023-06-29 13:16:12', '2023-06-29 13:16:12'),
(46, 'C', 10, 0, 0, 0, 1, 1, '1', '2023-06-29 13:16:12', '2023-06-29 13:16:12'),
(47, 'C', 11, 0, 0, 0, 1, 1, '1', '2023-06-29 13:16:12', '2023-06-29 13:16:12'),
(48, 'C', 12, 0, 0, 0, 1, 1, '1', '2023-06-29 13:16:12', '2023-06-29 13:16:12'),
(49, 'C', 13, 0, 0, 0, 1, 1, '1', '2023-06-29 13:16:12', '2023-06-29 13:16:12'),
(50, 'C', 14, 0, 0, 0, 1, 1, '1', '2023-06-29 13:16:12', '2023-06-29 13:16:12'),
(51, 'C', 15, 0, 0, 0, 1, 1, '1', '2023-06-29 13:16:12', '2023-06-29 13:16:12'),
(52, 'C', 16, 0, 0, 0, 1, 1, '1', '2023-06-29 13:16:12', '2023-06-29 13:16:12'),
(53, 'C', 17, 2, 0, 0, 1, 1, '1', '2023-06-29 13:16:12', '2023-06-29 13:16:12'),
(54, 'C', 18, 0, 0, 0, 1, 1, '1', '2023-06-29 13:16:12', '2023-06-29 13:16:12'),
(55, 'D', 1, 0, 0, 0, 1, 1, '1', '2023-06-29 13:16:12', '2023-06-29 13:16:12'),
(56, 'D', 2, 0, 2, 0, 1, 1, '1', '2023-06-29 13:16:12', '2023-06-29 13:16:12'),
(57, 'D', 3, 0, 0, 0, 1, 1, '1', '2023-06-29 13:16:12', '2023-06-29 13:16:12'),
(58, 'D', 4, 0, 0, 0, 1, 1, '1', '2023-06-29 13:16:12', '2023-06-29 13:16:12'),
(59, 'D', 5, 0, 0, 0, 1, 1, '1', '2023-06-29 13:16:12', '2023-06-29 13:16:12'),
(60, 'D', 6, 0, 0, 0, 1, 1, '1', '2023-06-29 13:16:12', '2023-06-29 13:16:12'),
(61, 'D', 7, 0, 0, 0, 1, 1, '1', '2023-06-29 13:16:12', '2023-06-29 13:16:12'),
(62, 'D', 8, 0, 0, 0, 1, 1, '1', '2023-06-29 13:16:12', '2023-06-29 13:16:12'),
(63, 'D', 9, 0, 0, 0, 1, 1, '1', '2023-06-29 13:16:12', '2023-06-29 13:16:12'),
(64, 'D', 10, 0, 0, 0, 1, 1, '1', '2023-06-29 13:16:12', '2023-06-29 13:16:12'),
(65, 'D', 11, 0, 0, 0, 1, 1, '1', '2023-06-29 13:16:12', '2023-06-29 13:16:12'),
(66, 'D', 12, 0, 0, 0, 1, 1, '1', '2023-06-29 13:16:12', '2023-06-29 13:16:12'),
(67, 'D', 13, 0, 0, 0, 1, 1, '1', '2023-06-29 13:16:12', '2023-06-29 13:16:12'),
(68, 'D', 14, 0, 0, 0, 1, 1, '1', '2023-06-29 13:16:12', '2023-06-29 13:16:12'),
(69, 'D', 15, 0, 0, 0, 1, 1, '1', '2023-06-29 13:16:12', '2023-06-29 13:16:12'),
(70, 'D', 16, 0, 0, 0, 1, 1, '1', '2023-06-29 13:16:12', '2023-06-29 13:16:12'),
(71, 'D', 17, 2, 0, 0, 1, 1, '1', '2023-06-29 13:16:12', '2023-06-29 13:16:12'),
(72, 'D', 18, 0, 0, 0, 1, 1, '1', '2023-06-29 13:16:12', '2023-06-29 13:16:12'),
(73, 'E', 1, 0, 0, 0, 2, 1, '1', '2023-06-29 13:16:12', '2023-06-29 13:16:12'),
(74, 'E', 2, 0, 2, 0, 2, 1, '1', '2023-06-29 13:16:12', '2023-06-29 13:16:12'),
(75, 'E', 3, 0, 0, 0, 2, 1, '1', '2023-06-29 13:16:12', '2023-06-29 13:16:12'),
(76, 'E', 4, 0, 0, 0, 2, 1, '1', '2023-06-29 13:16:12', '2023-06-29 13:16:12'),
(77, 'E', 5, 0, 0, 0, 2, 1, '1', '2023-06-29 13:16:12', '2023-06-29 13:16:12'),
(78, 'E', 6, 0, 0, 0, 2, 1, '1', '2023-06-29 13:16:12', '2023-06-29 13:16:12'),
(79, 'E', 7, 0, 0, 0, 2, 1, '1', '2023-06-29 13:16:12', '2023-06-29 13:16:12'),
(80, 'E', 8, 0, 0, 0, 2, 1, '1', '2023-06-29 13:16:12', '2023-06-29 13:16:12'),
(81, 'E', 9, 0, 0, 0, 2, 1, '1', '2023-06-29 13:16:12', '2023-06-29 13:16:12'),
(82, 'E', 10, 0, 0, 0, 2, 1, '1', '2023-06-29 13:16:12', '2023-06-29 13:16:12'),
(83, 'E', 11, 0, 0, 0, 2, 1, '1', '2023-06-29 13:16:12', '2023-06-29 13:16:12'),
(84, 'E', 12, 0, 0, 0, 2, 1, '1', '2023-06-29 13:16:12', '2023-06-29 13:16:12'),
(85, 'E', 13, 0, 0, 0, 2, 1, '1', '2023-06-29 13:16:12', '2023-06-29 13:16:12'),
(86, 'E', 14, 0, 0, 0, 2, 1, '1', '2023-06-29 13:16:12', '2023-06-29 13:16:12'),
(87, 'E', 15, 0, 0, 0, 2, 1, '1', '2023-06-29 13:16:12', '2023-06-29 13:16:12'),
(88, 'E', 16, 0, 0, 0, 2, 1, '1', '2023-06-29 13:16:12', '2023-06-29 13:16:12'),
(89, 'E', 17, 2, 0, 0, 2, 1, '1', '2023-06-29 13:16:12', '2023-06-29 13:16:12'),
(90, 'E', 18, 0, 0, 0, 2, 1, '1', '2023-06-29 13:16:12', '2023-06-29 13:16:12'),
(91, 'F', 1, 0, 0, 0, 2, 1, '1', '2023-06-29 13:16:12', '2023-06-29 13:16:12'),
(92, 'F', 2, 0, 2, 0, 2, 1, '1', '2023-06-29 13:16:12', '2023-06-29 13:16:12'),
(93, 'F', 3, 0, 0, 0, 2, 1, '1', '2023-06-29 13:16:12', '2023-06-29 13:16:12'),
(94, 'F', 4, 0, 0, 0, 2, 1, '1', '2023-06-29 13:16:12', '2023-06-29 13:16:12'),
(95, 'F', 5, 0, 0, 0, 2, 1, '1', '2023-06-29 13:16:12', '2023-06-29 13:16:12'),
(96, 'F', 6, 0, 0, 0, 2, 1, '1', '2023-06-29 13:16:12', '2023-06-29 13:16:12'),
(97, 'F', 7, 0, 0, 0, 2, 1, '1', '2023-06-29 13:16:12', '2023-06-29 13:16:12'),
(98, 'F', 8, 0, 0, 0, 2, 1, '1', '2023-06-29 13:16:12', '2023-06-29 13:16:12'),
(99, 'F', 9, 0, 0, 0, 2, 1, '1', '2023-06-29 13:16:12', '2023-06-29 13:16:12'),
(100, 'F', 10, 0, 0, 0, 2, 1, '1', '2023-06-29 13:16:12', '2023-06-29 13:16:12'),
(101, 'F', 11, 0, 0, 0, 2, 1, '1', '2023-06-29 13:16:12', '2023-06-29 13:16:12'),
(102, 'F', 12, 0, 0, 0, 2, 1, '1', '2023-06-29 13:16:12', '2023-06-29 13:16:12'),
(103, 'F', 13, 0, 0, 0, 2, 1, '1', '2023-06-29 13:16:12', '2023-06-29 13:16:12'),
(104, 'F', 14, 0, 0, 0, 2, 1, '1', '2023-06-29 13:16:12', '2023-06-29 13:16:12'),
(105, 'F', 15, 0, 0, 0, 2, 1, '1', '2023-06-29 13:16:12', '2023-06-29 13:16:12'),
(106, 'F', 16, 0, 0, 0, 2, 1, '1', '2023-06-29 13:16:12', '2023-06-29 13:16:12'),
(107, 'F', 17, 2, 0, 0, 2, 1, '1', '2023-06-29 13:16:12', '2023-06-29 13:16:12'),
(108, 'F', 18, 0, 0, 0, 2, 1, '1', '2023-06-29 13:16:12', '2023-06-29 13:16:12'),
(109, 'G', 1, 0, 0, 0, 2, 1, '1', '2023-06-29 13:16:12', '2023-06-29 13:16:12'),
(110, 'G', 2, 0, 2, 0, 2, 1, '1', '2023-06-29 13:16:12', '2023-06-29 13:16:12'),
(111, 'G', 3, 0, 0, 0, 2, 1, '1', '2023-06-29 13:16:12', '2023-06-29 13:16:12'),
(112, 'G', 4, 0, 0, 0, 2, 1, '1', '2023-06-29 13:16:12', '2023-06-29 13:16:12'),
(113, 'G', 5, 0, 0, 0, 2, 1, '1', '2023-06-29 13:16:12', '2023-06-29 13:16:12'),
(114, 'G', 6, 0, 0, 0, 2, 1, '1', '2023-06-29 13:16:12', '2023-06-29 13:16:12'),
(115, 'G', 7, 0, 0, 0, 2, 1, '1', '2023-06-29 13:16:12', '2023-06-29 13:16:12'),
(116, 'G', 8, 0, 0, 0, 2, 1, '1', '2023-06-29 13:16:12', '2023-06-29 13:16:12'),
(117, 'G', 9, 0, 0, 0, 2, 1, '1', '2023-06-29 13:16:12', '2023-06-29 13:16:12'),
(118, 'G', 10, 0, 0, 0, 2, 1, '1', '2023-06-29 13:16:12', '2023-06-29 13:16:12'),
(119, 'G', 11, 0, 0, 0, 2, 1, '1', '2023-06-29 13:16:12', '2023-06-29 13:16:12'),
(120, 'G', 12, 0, 0, 0, 2, 1, '1', '2023-06-29 13:16:12', '2023-06-29 13:16:12'),
(121, 'G', 13, 0, 0, 0, 2, 1, '1', '2023-06-29 13:16:12', '2023-06-29 13:16:12'),
(122, 'G', 14, 0, 0, 0, 2, 1, '1', '2023-06-29 13:16:12', '2023-06-29 13:16:12'),
(123, 'G', 15, 0, 0, 0, 2, 1, '1', '2023-06-29 13:16:12', '2023-06-29 13:16:12'),
(124, 'G', 16, 0, 0, 0, 2, 1, '1', '2023-06-29 13:16:12', '2023-06-29 13:16:12'),
(125, 'G', 17, 2, 0, 0, 2, 1, '1', '2023-06-29 13:16:12', '2023-06-29 13:16:12'),
(126, 'G', 18, 0, 0, 0, 2, 1, '1', '2023-06-29 13:16:12', '2023-06-29 13:16:12'),
(127, 'H', 1, 0, 0, 0, 2, 1, '1', '2023-06-29 13:16:12', '2023-06-29 13:16:12'),
(128, 'H', 2, 0, 2, 0, 2, 1, '1', '2023-06-29 13:16:12', '2023-06-29 13:16:12'),
(129, 'H', 3, 0, 0, 0, 2, 1, '1', '2023-06-29 13:16:12', '2023-06-29 13:16:12'),
(130, 'H', 4, 0, 0, 0, 2, 1, '1', '2023-06-29 13:16:12', '2023-06-29 13:16:12'),
(131, 'H', 5, 0, 0, 0, 2, 1, '1', '2023-06-29 13:16:12', '2023-06-29 13:16:12'),
(132, 'H', 6, 0, 0, 0, 2, 1, '1', '2023-06-29 13:16:12', '2023-06-29 13:16:12'),
(133, 'H', 7, 0, 0, 0, 2, 1, '1', '2023-06-29 13:16:12', '2023-06-29 13:16:12'),
(134, 'H', 8, 0, 0, 0, 2, 1, '1', '2023-06-29 13:16:12', '2023-06-29 13:16:12'),
(135, 'H', 9, 0, 0, 0, 2, 1, '1', '2023-06-29 13:16:12', '2023-06-29 13:16:12'),
(136, 'H', 10, 0, 0, 0, 2, 1, '1', '2023-06-29 13:16:12', '2023-06-29 13:16:12'),
(137, 'H', 11, 0, 0, 0, 2, 1, '1', '2023-06-29 13:16:12', '2023-06-29 13:16:12'),
(138, 'H', 12, 0, 0, 0, 2, 1, '1', '2023-06-29 13:16:12', '2023-06-29 13:16:12'),
(139, 'H', 13, 0, 0, 0, 2, 1, '1', '2023-06-29 13:16:12', '2023-06-29 13:16:12'),
(140, 'H', 14, 0, 0, 0, 2, 1, '1', '2023-06-29 13:16:12', '2023-06-29 13:16:12'),
(141, 'H', 15, 0, 0, 0, 2, 1, '1', '2023-06-29 13:16:12', '2023-06-29 13:16:12'),
(142, 'H', 16, 0, 0, 0, 2, 1, '1', '2023-06-29 13:16:12', '2023-06-29 13:16:12'),
(143, 'H', 17, 2, 0, 0, 2, 1, '1', '2023-06-29 13:16:12', '2023-06-29 13:16:12'),
(144, 'H', 18, 0, 0, 0, 2, 1, '1', '2023-06-29 13:16:12', '2023-06-29 13:16:12'),
(145, 'I', 1, 0, 0, 0, 2, 1, '1', '2023-06-29 13:16:12', '2023-06-29 13:16:12'),
(146, 'I', 2, 0, 2, 0, 2, 1, '1', '2023-06-29 13:16:12', '2023-06-29 13:16:12'),
(147, 'I', 3, 0, 0, 0, 2, 1, '1', '2023-06-29 13:16:12', '2023-06-29 13:16:12'),
(148, 'I', 4, 0, 0, 0, 2, 1, '1', '2023-06-29 13:16:12', '2023-06-29 13:16:12'),
(149, 'I', 5, 0, 0, 0, 2, 1, '1', '2023-06-29 13:16:12', '2023-06-29 13:16:12'),
(150, 'I', 6, 0, 0, 0, 2, 1, '1', '2023-06-29 13:16:12', '2023-06-29 13:16:12'),
(151, 'I', 7, 0, 0, 0, 2, 1, '1', '2023-06-29 13:16:12', '2023-06-29 13:16:12'),
(152, 'I', 8, 0, 0, 0, 2, 1, '1', '2023-06-29 13:16:12', '2023-06-29 13:16:12'),
(153, 'I', 9, 0, 0, 0, 2, 1, '1', '2023-06-29 13:16:12', '2023-06-29 13:16:12'),
(154, 'I', 10, 0, 0, 0, 2, 1, '1', '2023-06-29 13:16:12', '2023-06-29 13:16:12'),
(155, 'I', 11, 0, 0, 0, 2, 1, '1', '2023-06-29 13:16:12', '2023-06-29 13:16:12'),
(156, 'I', 12, 0, 0, 0, 2, 1, '1', '2023-06-29 13:16:12', '2023-06-29 13:16:12'),
(157, 'I', 13, 0, 0, 0, 2, 1, '1', '2023-06-29 13:16:12', '2023-06-29 13:16:12'),
(158, 'I', 14, 0, 0, 0, 2, 1, '1', '2023-06-29 13:16:12', '2023-06-29 13:16:12'),
(159, 'I', 15, 0, 0, 0, 2, 1, '1', '2023-06-29 13:16:12', '2023-06-29 13:16:12'),
(160, 'I', 16, 0, 0, 0, 2, 1, '1', '2023-06-29 13:16:12', '2023-06-29 13:16:12'),
(161, 'I', 17, 2, 0, 0, 2, 1, '1', '2023-06-29 13:16:12', '2023-06-29 13:16:12'),
(162, 'I', 18, 0, 0, 0, 2, 1, '1', '2023-06-29 13:16:12', '2023-06-29 13:16:12'),
(163, 'A', 1, 0, 0, 0, 1, 2, '1', '2023-06-29 13:16:12', '2023-06-29 13:16:12'),
(164, 'A', 2, 0, 0, 0, 1, 2, '1', '2023-06-29 13:16:12', '2023-06-29 13:16:12'),
(165, 'A', 3, 0, 0, 0, 1, 2, '1', '2023-06-29 13:16:12', '2023-06-29 13:16:12'),
(166, 'A', 4, 0, 2, 0, 1, 2, '1', '2023-06-29 13:16:12', '2023-06-29 13:16:12'),
(167, 'A', 5, 0, 0, 0, 1, 2, '1', '2023-06-29 13:16:12', '2023-06-29 13:16:12'),
(168, 'A', 6, 0, 0, 0, 1, 2, '1', '2023-06-29 13:16:12', '2023-06-29 13:16:12'),
(169, 'A', 7, 0, 0, 0, 1, 2, '1', '2023-06-29 13:16:12', '2023-06-29 13:16:12'),
(170, 'A', 8, 0, 0, 0, 1, 2, '1', '2023-06-29 13:16:12', '2023-06-29 13:16:12'),
(171, 'A', 9, 0, 0, 0, 1, 2, '1', '2023-06-29 13:16:12', '2023-06-29 13:16:12'),
(172, 'A', 10, 0, 0, 0, 1, 2, '1', '2023-06-29 13:16:12', '2023-06-29 13:16:12'),
(173, 'A', 11, 0, 0, 0, 1, 2, '1', '2023-06-29 13:16:12', '2023-06-29 13:16:12'),
(174, 'A', 12, 0, 0, 0, 1, 2, '1', '2023-06-29 13:16:12', '2023-06-29 13:16:12'),
(175, 'A', 13, 0, 0, 0, 1, 2, '1', '2023-06-29 13:16:12', '2023-06-29 13:16:12'),
(176, 'A', 14, 0, 0, 0, 1, 2, '1', '2023-06-29 13:16:12', '2023-06-29 13:16:12'),
(177, 'A', 15, 2, 0, 0, 1, 2, '1', '2023-06-29 13:16:12', '2023-06-29 13:16:12'),
(178, 'A', 16, 0, 0, 0, 1, 2, '1', '2023-06-29 13:16:12', '2023-06-29 13:16:12'),
(179, 'A', 17, 0, 0, 0, 1, 2, '1', '2023-06-29 13:16:12', '2023-06-29 13:16:12'),
(180, 'A', 18, 0, 0, 0, 1, 2, '1', '2023-06-29 13:16:12', '2023-06-29 13:16:12'),
(181, 'B', 1, 0, 0, 0, 1, 2, '1', '2023-06-29 13:16:12', '2023-06-29 13:16:12'),
(182, 'B', 2, 0, 0, 0, 1, 2, '1', '2023-06-29 13:16:12', '2023-06-29 13:16:12'),
(183, 'B', 3, 0, 0, 0, 1, 2, '1', '2023-06-29 13:16:12', '2023-06-29 13:16:12'),
(184, 'B', 4, 0, 2, 0, 1, 2, '1', '2023-06-29 13:16:12', '2023-06-29 13:16:12'),
(185, 'B', 5, 0, 0, 0, 1, 2, '1', '2023-06-29 13:16:12', '2023-06-29 13:16:12'),
(186, 'B', 6, 0, 0, 0, 1, 2, '1', '2023-06-29 13:16:12', '2023-06-29 13:16:12'),
(187, 'B', 7, 0, 0, 0, 1, 2, '1', '2023-06-29 13:16:12', '2023-06-29 13:16:12'),
(188, 'B', 8, 0, 0, 0, 1, 2, '1', '2023-06-29 13:16:13', '2023-06-29 13:16:13'),
(189, 'B', 9, 0, 0, 0, 1, 2, '1', '2023-06-29 13:16:13', '2023-06-29 13:16:13'),
(190, 'B', 10, 0, 0, 0, 1, 2, '1', '2023-06-29 13:16:13', '2023-06-29 13:16:13'),
(191, 'B', 11, 0, 0, 0, 1, 2, '1', '2023-06-29 13:16:13', '2023-06-29 13:16:13'),
(192, 'B', 12, 0, 0, 0, 1, 2, '1', '2023-06-29 13:16:13', '2023-06-29 13:16:13'),
(193, 'B', 13, 0, 0, 0, 1, 2, '1', '2023-06-29 13:16:13', '2023-06-29 13:16:13'),
(194, 'B', 14, 0, 0, 0, 1, 2, '1', '2023-06-29 13:16:13', '2023-06-29 13:16:13'),
(195, 'B', 15, 2, 0, 0, 1, 2, '1', '2023-06-29 13:16:13', '2023-06-29 13:16:13'),
(196, 'B', 16, 0, 0, 0, 1, 2, '1', '2023-06-29 13:16:13', '2023-06-29 13:16:13'),
(197, 'B', 17, 0, 0, 0, 1, 2, '1', '2023-06-29 13:16:13', '2023-06-29 13:16:13'),
(198, 'B', 18, 0, 0, 0, 1, 2, '1', '2023-06-29 13:16:13', '2023-06-29 13:16:13'),
(199, 'C', 1, 0, 0, 0, 1, 2, '1', '2023-06-29 13:16:13', '2023-06-29 13:16:13'),
(200, 'C', 2, 0, 0, 0, 1, 2, '1', '2023-06-29 13:16:13', '2023-06-29 13:16:13'),
(201, 'C', 3, 0, 0, 0, 1, 2, '1', '2023-06-29 13:16:13', '2023-06-29 13:16:13'),
(202, 'C', 4, 0, 2, 0, 1, 2, '1', '2023-06-29 13:16:13', '2023-06-29 13:16:13'),
(203, 'C', 5, 0, 0, 0, 1, 2, '1', '2023-06-29 13:16:13', '2023-06-29 13:16:13'),
(204, 'C', 6, 0, 0, 0, 1, 2, '1', '2023-06-29 13:16:13', '2023-06-29 13:16:13'),
(205, 'C', 7, 0, 0, 0, 1, 2, '1', '2023-06-29 13:16:13', '2023-06-29 13:16:13'),
(206, 'C', 8, 0, 0, 0, 1, 2, '1', '2023-06-29 13:16:13', '2023-06-29 13:16:13'),
(207, 'C', 9, 0, 0, 0, 1, 2, '1', '2023-06-29 13:16:13', '2023-06-29 13:16:13'),
(208, 'C', 10, 0, 0, 0, 1, 2, '1', '2023-06-29 13:16:13', '2023-06-29 13:16:13'),
(209, 'C', 11, 0, 0, 0, 1, 2, '1', '2023-06-29 13:16:13', '2023-06-29 13:16:13'),
(210, 'C', 12, 0, 0, 0, 1, 2, '1', '2023-06-29 13:16:13', '2023-06-29 13:16:13'),
(211, 'C', 13, 0, 0, 0, 1, 2, '1', '2023-06-29 13:16:13', '2023-06-29 13:16:13'),
(212, 'C', 14, 0, 0, 0, 1, 2, '1', '2023-06-29 13:16:13', '2023-06-29 13:16:13'),
(213, 'C', 15, 2, 0, 0, 1, 2, '1', '2023-06-29 13:16:13', '2023-06-29 13:16:13'),
(214, 'C', 16, 0, 0, 0, 1, 2, '1', '2023-06-29 13:16:13', '2023-06-29 13:16:13'),
(215, 'C', 17, 0, 0, 0, 1, 2, '1', '2023-06-29 13:16:13', '2023-06-29 13:16:13'),
(216, 'C', 18, 0, 0, 0, 1, 2, '1', '2023-06-29 13:16:13', '2023-06-29 13:16:13'),
(217, 'D', 1, 0, 0, 0, 1, 2, '1', '2023-06-29 13:16:13', '2023-06-29 13:16:13'),
(218, 'D', 2, 0, 0, 0, 1, 2, '1', '2023-06-29 13:16:13', '2023-06-29 13:16:13'),
(219, 'D', 3, 0, 0, 0, 1, 2, '1', '2023-06-29 13:16:13', '2023-06-29 13:16:13'),
(220, 'D', 4, 0, 2, 0, 1, 2, '1', '2023-06-29 13:16:13', '2023-06-29 13:16:13'),
(221, 'D', 5, 0, 0, 0, 1, 2, '1', '2023-06-29 13:16:13', '2023-06-29 13:16:13'),
(222, 'D', 6, 0, 0, 0, 1, 2, '1', '2023-06-29 13:16:13', '2023-06-29 13:16:13'),
(223, 'D', 7, 0, 0, 0, 1, 2, '1', '2023-06-29 13:16:13', '2023-06-29 13:16:13'),
(224, 'D', 8, 0, 0, 0, 1, 2, '1', '2023-06-29 13:16:13', '2023-06-29 13:16:13'),
(225, 'D', 9, 0, 0, 0, 1, 2, '1', '2023-06-29 13:16:13', '2023-06-29 13:16:13'),
(226, 'D', 10, 0, 0, 0, 1, 2, '1', '2023-06-29 13:16:13', '2023-06-29 13:16:13'),
(227, 'D', 11, 0, 0, 0, 1, 2, '1', '2023-06-29 13:16:13', '2023-06-29 13:16:13'),
(228, 'D', 12, 0, 0, 0, 1, 2, '1', '2023-06-29 13:16:13', '2023-06-29 13:16:13'),
(229, 'D', 13, 0, 0, 0, 1, 2, '1', '2023-06-29 13:16:13', '2023-06-29 13:16:13'),
(230, 'D', 14, 0, 0, 0, 1, 2, '1', '2023-06-29 13:16:13', '2023-06-29 13:16:13'),
(231, 'D', 15, 2, 0, 0, 1, 2, '1', '2023-06-29 13:16:13', '2023-06-29 13:16:13'),
(232, 'D', 16, 0, 0, 0, 1, 2, '1', '2023-06-29 13:16:13', '2023-06-29 13:16:13'),
(233, 'D', 17, 0, 0, 0, 1, 2, '1', '2023-06-29 13:16:13', '2023-06-29 13:16:13'),
(234, 'D', 18, 0, 0, 0, 1, 2, '1', '2023-06-29 13:16:13', '2023-06-29 13:16:13'),
(235, 'E', 1, 0, 0, 0, 2, 2, '1', '2023-06-29 13:16:13', '2023-06-29 13:16:13'),
(236, 'E', 2, 0, 0, 0, 2, 2, '1', '2023-06-29 13:16:13', '2023-06-29 13:16:13'),
(237, 'E', 3, 0, 0, 0, 2, 2, '1', '2023-06-29 13:16:13', '2023-06-29 13:16:13'),
(238, 'E', 4, 0, 2, 0, 2, 2, '1', '2023-06-29 13:16:13', '2023-06-29 13:16:13'),
(239, 'E', 5, 0, 0, 0, 2, 2, '1', '2023-06-29 13:16:13', '2023-06-29 13:16:13'),
(240, 'E', 6, 0, 0, 0, 2, 2, '1', '2023-06-29 13:16:13', '2023-06-29 13:16:13'),
(241, 'E', 7, 0, 0, 0, 2, 2, '1', '2023-06-29 13:16:13', '2023-06-29 13:16:13'),
(242, 'E', 8, 0, 0, 0, 2, 2, '1', '2023-06-29 13:16:13', '2023-06-29 13:16:13'),
(243, 'E', 9, 0, 0, 0, 2, 2, '1', '2023-06-29 13:16:13', '2023-06-29 13:16:13'),
(244, 'E', 10, 0, 0, 0, 2, 2, '1', '2023-06-29 13:16:13', '2023-06-29 13:16:13'),
(245, 'E', 11, 0, 0, 0, 2, 2, '1', '2023-06-29 13:16:13', '2023-06-29 13:16:13'),
(246, 'E', 12, 0, 0, 0, 2, 2, '1', '2023-06-29 13:16:13', '2023-06-29 13:16:13'),
(247, 'E', 13, 0, 0, 0, 2, 2, '1', '2023-06-29 13:16:13', '2023-06-29 13:16:13'),
(248, 'E', 14, 0, 0, 0, 2, 2, '1', '2023-06-29 13:16:13', '2023-06-29 13:16:13'),
(249, 'E', 15, 2, 0, 0, 2, 2, '1', '2023-06-29 13:16:13', '2023-06-29 13:16:13'),
(250, 'E', 16, 0, 0, 0, 2, 2, '1', '2023-06-29 13:16:13', '2023-06-29 13:16:13'),
(251, 'E', 17, 0, 0, 0, 2, 2, '1', '2023-06-29 13:16:13', '2023-06-29 13:16:13'),
(252, 'E', 18, 0, 0, 0, 2, 2, '1', '2023-06-29 13:16:13', '2023-06-29 13:16:13'),
(253, 'F', 1, 0, 0, 0, 2, 2, '1', '2023-06-29 13:16:13', '2023-06-29 13:16:13'),
(254, 'F', 2, 0, 0, 0, 2, 2, '1', '2023-06-29 13:16:13', '2023-06-29 13:16:13'),
(255, 'F', 3, 0, 0, 0, 2, 2, '1', '2023-06-29 13:16:13', '2023-06-29 13:16:13'),
(256, 'F', 4, 0, 2, 0, 2, 2, '1', '2023-06-29 13:16:13', '2023-06-29 13:16:13'),
(257, 'F', 5, 0, 0, 0, 2, 2, '1', '2023-06-29 13:16:13', '2023-06-29 13:16:13'),
(258, 'F', 6, 0, 0, 0, 2, 2, '1', '2023-06-29 13:16:13', '2023-06-29 13:16:13'),
(259, 'F', 7, 0, 0, 0, 2, 2, '1', '2023-06-29 13:16:13', '2023-06-29 13:16:13'),
(260, 'F', 8, 0, 0, 0, 2, 2, '1', '2023-06-29 13:16:13', '2023-06-29 13:16:13'),
(261, 'F', 9, 0, 0, 0, 2, 2, '1', '2023-06-29 13:16:13', '2023-06-29 13:16:13'),
(262, 'F', 10, 0, 0, 0, 2, 2, '1', '2023-06-29 13:16:13', '2023-06-29 13:16:13'),
(263, 'F', 11, 0, 0, 0, 2, 2, '1', '2023-06-29 13:16:13', '2023-06-29 13:16:13'),
(264, 'F', 12, 0, 0, 0, 2, 2, '1', '2023-06-29 13:16:13', '2023-06-29 13:16:13'),
(265, 'F', 13, 0, 0, 0, 2, 2, '1', '2023-06-29 13:16:13', '2023-06-29 13:16:13'),
(266, 'F', 14, 0, 0, 0, 2, 2, '1', '2023-06-29 13:16:13', '2023-06-29 13:16:13'),
(267, 'F', 15, 2, 0, 0, 2, 2, '1', '2023-06-29 13:16:13', '2023-06-29 13:16:13'),
(268, 'F', 16, 0, 0, 0, 2, 2, '1', '2023-06-29 13:16:13', '2023-06-29 13:16:13'),
(269, 'F', 17, 0, 0, 0, 2, 2, '1', '2023-06-29 13:16:13', '2023-06-29 13:16:13'),
(270, 'F', 18, 0, 0, 0, 2, 2, '1', '2023-06-29 13:16:13', '2023-06-29 13:16:13'),
(271, 'G', 1, 0, 0, 0, 2, 2, '1', '2023-06-29 13:16:13', '2023-06-29 13:16:13'),
(272, 'G', 2, 0, 0, 0, 2, 2, '1', '2023-06-29 13:16:13', '2023-06-29 13:16:13'),
(273, 'G', 3, 0, 0, 0, 2, 2, '1', '2023-06-29 13:16:13', '2023-06-29 13:16:13'),
(274, 'G', 4, 0, 2, 0, 2, 2, '1', '2023-06-29 13:16:13', '2023-06-29 13:16:13'),
(275, 'G', 5, 0, 0, 0, 2, 2, '1', '2023-06-29 13:16:13', '2023-06-29 13:16:13'),
(276, 'G', 6, 0, 0, 0, 2, 2, '1', '2023-06-29 13:16:13', '2023-06-29 13:16:13'),
(277, 'G', 7, 0, 0, 0, 2, 2, '1', '2023-06-29 13:16:13', '2023-06-29 13:16:13'),
(278, 'G', 8, 0, 0, 0, 2, 2, '1', '2023-06-29 13:16:13', '2023-06-29 13:16:13'),
(279, 'G', 9, 0, 0, 0, 2, 2, '1', '2023-06-29 13:16:13', '2023-06-29 13:16:13'),
(280, 'G', 10, 0, 0, 0, 2, 2, '1', '2023-06-29 13:16:13', '2023-06-29 13:16:13'),
(281, 'G', 11, 0, 0, 0, 2, 2, '1', '2023-06-29 13:16:13', '2023-06-29 13:16:13'),
(282, 'G', 12, 0, 0, 0, 2, 2, '1', '2023-06-29 13:16:13', '2023-06-29 13:16:13'),
(283, 'G', 13, 0, 0, 0, 2, 2, '1', '2023-06-29 13:16:13', '2023-06-29 13:16:13'),
(284, 'G', 14, 0, 0, 0, 2, 2, '1', '2023-06-29 13:16:13', '2023-06-29 13:16:13'),
(285, 'G', 15, 2, 0, 0, 2, 2, '1', '2023-06-29 13:16:13', '2023-06-29 13:16:13'),
(286, 'G', 16, 0, 0, 0, 2, 2, '1', '2023-06-29 13:16:13', '2023-06-29 13:16:13'),
(287, 'G', 17, 0, 0, 0, 2, 2, '1', '2023-06-29 13:16:13', '2023-06-29 13:16:13'),
(288, 'G', 18, 0, 0, 0, 2, 2, '1', '2023-06-29 13:16:13', '2023-06-29 13:16:13'),
(289, 'H', 1, 0, 0, 0, 2, 2, '1', '2023-06-29 13:16:13', '2023-06-29 13:16:13'),
(290, 'H', 2, 0, 0, 0, 2, 2, '1', '2023-06-29 13:16:13', '2023-06-29 13:16:13'),
(291, 'H', 3, 0, 0, 0, 2, 2, '1', '2023-06-29 13:16:13', '2023-06-29 13:16:13'),
(292, 'H', 4, 0, 2, 0, 2, 2, '1', '2023-06-29 13:16:13', '2023-06-29 13:16:13'),
(293, 'H', 5, 0, 0, 0, 2, 2, '1', '2023-06-29 13:16:13', '2023-06-29 13:16:13'),
(294, 'H', 6, 0, 0, 0, 2, 2, '1', '2023-06-29 13:16:13', '2023-06-29 13:16:13'),
(295, 'H', 7, 0, 0, 0, 2, 2, '1', '2023-06-29 13:16:13', '2023-06-29 13:16:13'),
(296, 'H', 8, 0, 0, 0, 2, 2, '1', '2023-06-29 13:16:13', '2023-06-29 13:16:13'),
(297, 'H', 9, 0, 0, 0, 2, 2, '1', '2023-06-29 13:16:13', '2023-06-29 13:16:13'),
(298, 'H', 10, 0, 0, 0, 2, 2, '1', '2023-06-29 13:16:13', '2023-06-29 13:16:13'),
(299, 'H', 11, 0, 0, 0, 2, 2, '1', '2023-06-29 13:16:13', '2023-06-29 13:16:13'),
(300, 'H', 12, 0, 0, 0, 2, 2, '1', '2023-06-29 13:16:13', '2023-06-29 13:16:13'),
(301, 'H', 13, 0, 0, 0, 2, 2, '1', '2023-06-29 13:16:13', '2023-06-29 13:16:13'),
(302, 'H', 14, 0, 0, 0, 2, 2, '1', '2023-06-29 13:16:13', '2023-06-29 13:16:13'),
(303, 'H', 15, 2, 0, 0, 2, 2, '1', '2023-06-29 13:16:13', '2023-06-29 13:16:13'),
(304, 'H', 16, 0, 0, 0, 2, 2, '1', '2023-06-29 13:16:13', '2023-06-29 13:16:13'),
(305, 'H', 17, 0, 0, 0, 2, 2, '1', '2023-06-29 13:16:13', '2023-06-29 13:16:13'),
(306, 'H', 18, 0, 0, 0, 2, 2, '1', '2023-06-29 13:16:13', '2023-06-29 13:16:13'),
(307, 'I', 1, 0, 0, 0, 2, 2, '1', '2023-06-29 13:16:13', '2023-06-29 13:16:13'),
(308, 'I', 2, 0, 0, 0, 2, 2, '1', '2023-06-29 13:16:13', '2023-06-29 13:16:13'),
(309, 'I', 3, 0, 0, 0, 2, 2, '1', '2023-06-29 13:16:13', '2023-06-29 13:16:13'),
(310, 'I', 4, 0, 2, 0, 2, 2, '1', '2023-06-29 13:16:13', '2023-06-29 13:16:13'),
(311, 'I', 5, 0, 0, 0, 2, 2, '1', '2023-06-29 13:16:13', '2023-06-29 13:16:13'),
(312, 'I', 6, 0, 0, 0, 2, 2, '1', '2023-06-29 13:16:13', '2023-06-29 13:16:13'),
(313, 'I', 7, 0, 0, 0, 2, 2, '1', '2023-06-29 13:16:13', '2023-06-29 13:16:13'),
(314, 'I', 8, 0, 0, 0, 2, 2, '1', '2023-06-29 13:16:13', '2023-06-29 13:16:13'),
(315, 'I', 9, 0, 0, 0, 2, 2, '1', '2023-06-29 13:16:13', '2023-06-29 13:16:13'),
(316, 'I', 10, 0, 0, 0, 2, 2, '1', '2023-06-29 13:16:13', '2023-06-29 13:16:13'),
(317, 'I', 11, 0, 0, 0, 2, 2, '1', '2023-06-29 13:16:13', '2023-06-29 13:16:13'),
(318, 'I', 12, 0, 0, 0, 2, 2, '1', '2023-06-29 13:16:13', '2023-06-29 13:16:13'),
(319, 'I', 13, 0, 0, 0, 2, 2, '1', '2023-06-29 13:16:13', '2023-06-29 13:16:13'),
(320, 'I', 14, 0, 0, 0, 2, 2, '1', '2023-06-29 13:16:13', '2023-06-29 13:16:13'),
(321, 'I', 15, 2, 0, 0, 2, 2, '1', '2023-06-29 13:16:13', '2023-06-29 13:16:13'),
(322, 'I', 16, 0, 0, 0, 2, 2, '1', '2023-06-29 13:16:13', '2023-06-29 13:16:13'),
(323, 'I', 17, 0, 0, 0, 2, 2, '1', '2023-06-29 13:16:13', '2023-06-29 13:16:13'),
(324, 'I', 18, 0, 0, 0, 2, 2, '1', '2023-06-29 13:16:13', '2023-06-29 13:16:13'),
(325, 'A', 1, 0, 0, 0, 1, 3, '1', '2023-06-29 13:16:13', '2023-06-29 13:16:13'),
(326, 'A', 2, 0, 0, 0, 1, 3, '1', '2023-06-29 13:16:13', '2023-06-29 13:16:13'),
(327, 'A', 3, 0, 0, 0, 1, 3, '1', '2023-06-29 13:16:13', '2023-06-29 13:16:13'),
(328, 'A', 4, 0, 0, 0, 1, 3, '1', '2023-06-29 13:16:13', '2023-06-29 13:16:13'),
(329, 'A', 5, 0, 0, 0, 1, 3, '1', '2023-06-29 13:16:13', '2023-06-29 13:16:13'),
(330, 'A', 6, 0, 0, 0, 1, 3, '1', '2023-06-29 13:16:13', '2023-06-29 13:16:13'),
(331, 'A', 7, 0, 0, 0, 1, 3, '1', '2023-06-29 13:16:13', '2023-06-29 13:16:13'),
(332, 'A', 8, 0, 0, 0, 1, 3, '1', '2023-06-29 13:16:13', '2023-06-29 13:16:13'),
(333, 'A', 9, 0, 0, 0, 1, 3, '1', '2023-06-29 13:16:13', '2023-06-29 13:16:13'),
(334, 'A', 10, 0, 1, 0, 1, 3, '1', '2023-06-29 13:16:13', '2023-06-29 13:16:13'),
(335, 'A', 11, 0, 0, 0, 1, 3, '1', '2023-06-29 13:16:13', '2023-06-29 13:16:13'),
(336, 'A', 12, 0, 0, 0, 1, 3, '1', '2023-06-29 13:16:13', '2023-06-29 13:16:13'),
(337, 'A', 13, 0, 0, 0, 1, 3, '1', '2023-06-29 13:16:13', '2023-06-29 13:16:13'),
(338, 'A', 14, 0, 0, 0, 1, 3, '1', '2023-06-29 13:16:13', '2023-06-29 13:16:13'),
(339, 'A', 15, 0, 0, 0, 1, 3, '1', '2023-06-29 13:16:13', '2023-06-29 13:16:13'),
(340, 'A', 16, 0, 0, 0, 1, 3, '1', '2023-06-29 13:16:13', '2023-06-29 13:16:13'),
(341, 'A', 17, 0, 0, 0, 1, 3, '1', '2023-06-29 13:16:13', '2023-06-29 13:16:13'),
(342, 'A', 18, 0, 0, 0, 1, 3, '1', '2023-06-29 13:16:13', '2023-06-29 13:16:13'),
(343, 'A', 19, 0, 0, 0, 1, 3, '1', '2023-06-29 13:16:13', '2023-06-29 13:16:13'),
(344, 'A', 20, 0, 0, 0, 1, 3, '1', '2023-06-29 13:16:13', '2023-06-29 13:16:13'),
(345, 'B', 1, 0, 0, 0, 1, 3, '1', '2023-06-29 13:16:13', '2023-06-29 13:16:13'),
(346, 'B', 2, 0, 0, 0, 1, 3, '1', '2023-06-29 13:16:13', '2023-06-29 13:16:13'),
(347, 'B', 3, 0, 0, 0, 1, 3, '1', '2023-06-29 13:16:13', '2023-06-29 13:16:13'),
(348, 'B', 4, 0, 0, 0, 1, 3, '1', '2023-06-29 13:16:13', '2023-06-29 13:16:13'),
(349, 'B', 5, 0, 0, 0, 1, 3, '1', '2023-06-29 13:16:13', '2023-06-29 13:16:13'),
(350, 'B', 6, 0, 0, 0, 1, 3, '1', '2023-06-29 13:16:13', '2023-06-29 13:16:13'),
(351, 'B', 7, 0, 0, 0, 1, 3, '1', '2023-06-29 13:16:13', '2023-06-29 13:16:13'),
(352, 'B', 8, 0, 0, 0, 1, 3, '1', '2023-06-29 13:16:13', '2023-06-29 13:16:13'),
(353, 'B', 9, 0, 0, 0, 1, 3, '1', '2023-06-29 13:16:13', '2023-06-29 13:16:13'),
(354, 'B', 10, 0, 1, 0, 1, 3, '1', '2023-06-29 13:16:13', '2023-06-29 13:16:13'),
(355, 'B', 11, 0, 0, 0, 1, 3, '1', '2023-06-29 13:16:13', '2023-06-29 13:16:13'),
(356, 'B', 12, 0, 0, 0, 1, 3, '1', '2023-06-29 13:16:13', '2023-06-29 13:16:13'),
(357, 'B', 13, 0, 0, 0, 1, 3, '1', '2023-06-29 13:16:13', '2023-06-29 13:16:13'),
(358, 'B', 14, 0, 0, 0, 1, 3, '1', '2023-06-29 13:16:13', '2023-06-29 13:16:13'),
(359, 'B', 15, 0, 0, 0, 1, 3, '1', '2023-06-29 13:16:13', '2023-06-29 13:16:13'),
(360, 'B', 16, 0, 0, 0, 1, 3, '1', '2023-06-29 13:16:13', '2023-06-29 13:16:13'),
(361, 'B', 17, 0, 0, 0, 1, 3, '1', '2023-06-29 13:16:13', '2023-06-29 13:16:13'),
(362, 'B', 18, 0, 0, 0, 1, 3, '1', '2023-06-29 13:16:13', '2023-06-29 13:16:13'),
(363, 'B', 19, 0, 0, 0, 1, 3, '1', '2023-06-29 13:16:13', '2023-06-29 13:16:13'),
(364, 'B', 20, 0, 0, 0, 1, 3, '1', '2023-06-29 13:16:13', '2023-06-29 13:16:13'),
(365, 'C', 1, 0, 0, 0, 1, 3, '1', '2023-06-29 13:16:13', '2023-06-29 13:16:13'),
(366, 'C', 2, 0, 0, 0, 1, 3, '1', '2023-06-29 13:16:13', '2023-06-29 13:16:13'),
(367, 'C', 3, 0, 0, 0, 1, 3, '1', '2023-06-29 13:16:13', '2023-06-29 13:16:13'),
(368, 'C', 4, 0, 0, 0, 1, 3, '1', '2023-06-29 13:16:13', '2023-06-29 13:16:13'),
(369, 'C', 5, 0, 0, 0, 1, 3, '1', '2023-06-29 13:16:13', '2023-06-29 13:16:13'),
(370, 'C', 6, 0, 0, 0, 1, 3, '1', '2023-06-29 13:16:13', '2023-06-29 13:16:13'),
(371, 'C', 7, 0, 0, 0, 1, 3, '1', '2023-06-29 13:16:13', '2023-06-29 13:16:13'),
(372, 'C', 8, 0, 0, 0, 1, 3, '1', '2023-06-29 13:16:13', '2023-06-29 13:16:13'),
(373, 'C', 9, 0, 0, 0, 1, 3, '1', '2023-06-29 13:16:13', '2023-06-29 13:16:13'),
(374, 'C', 10, 0, 1, 0, 1, 3, '1', '2023-06-29 13:16:13', '2023-06-29 13:16:13'),
(375, 'C', 11, 0, 0, 0, 1, 3, '1', '2023-06-29 13:16:13', '2023-06-29 13:16:13'),
(376, 'C', 12, 0, 0, 0, 1, 3, '1', '2023-06-29 13:16:13', '2023-06-29 13:16:13'),
(377, 'C', 13, 0, 0, 0, 1, 3, '1', '2023-06-29 13:16:13', '2023-06-29 13:16:13'),
(378, 'C', 14, 0, 0, 0, 1, 3, '1', '2023-06-29 13:16:13', '2023-06-29 13:16:13'),
(379, 'C', 15, 0, 0, 0, 1, 3, '1', '2023-06-29 13:16:13', '2023-06-29 13:16:13'),
(380, 'C', 16, 0, 0, 0, 1, 3, '1', '2023-06-29 13:16:13', '2023-06-29 13:16:13'),
(381, 'C', 17, 0, 0, 0, 1, 3, '1', '2023-06-29 13:16:13', '2023-06-29 13:16:13'),
(382, 'C', 18, 0, 0, 0, 1, 3, '1', '2023-06-29 13:16:13', '2023-06-29 13:16:13'),
(383, 'C', 19, 0, 0, 0, 1, 3, '1', '2023-06-29 13:16:13', '2023-06-29 13:16:13'),
(384, 'C', 20, 0, 0, 0, 1, 3, '1', '2023-06-29 13:16:13', '2023-06-29 13:16:13'),
(385, 'D', 1, 0, 0, 0, 1, 3, '1', '2023-06-29 13:16:13', '2023-06-29 13:16:13'),
(386, 'D', 2, 0, 0, 0, 1, 3, '1', '2023-06-29 13:16:13', '2023-06-29 13:16:13'),
(387, 'D', 3, 0, 0, 0, 1, 3, '1', '2023-06-29 13:16:13', '2023-06-29 13:16:13'),
(388, 'D', 4, 0, 0, 0, 1, 3, '1', '2023-06-29 13:16:13', '2023-06-29 13:16:13'),
(389, 'D', 5, 0, 0, 0, 1, 3, '1', '2023-06-29 13:16:13', '2023-06-29 13:16:13'),
(390, 'D', 6, 0, 0, 0, 1, 3, '1', '2023-06-29 13:16:13', '2023-06-29 13:16:13'),
(391, 'D', 7, 0, 0, 0, 1, 3, '1', '2023-06-29 13:16:13', '2023-06-29 13:16:13'),
(392, 'D', 8, 0, 0, 0, 1, 3, '1', '2023-06-29 13:16:13', '2023-06-29 13:16:13'),
(393, 'D', 9, 0, 0, 0, 1, 3, '1', '2023-06-29 13:16:13', '2023-06-29 13:16:13'),
(394, 'D', 10, 0, 1, 0, 1, 3, '1', '2023-06-29 13:16:13', '2023-06-29 13:16:13'),
(395, 'D', 11, 0, 0, 0, 1, 3, '1', '2023-06-29 13:16:13', '2023-06-29 13:16:13'),
(396, 'D', 12, 0, 0, 0, 1, 3, '1', '2023-06-29 13:16:13', '2023-06-29 13:16:13'),
(397, 'D', 13, 0, 0, 0, 1, 3, '1', '2023-06-29 13:16:13', '2023-06-29 13:16:13'),
(398, 'D', 14, 0, 0, 0, 1, 3, '1', '2023-06-29 13:16:13', '2023-06-29 13:16:13'),
(399, 'D', 15, 0, 0, 0, 1, 3, '1', '2023-06-29 13:16:13', '2023-06-29 13:16:13'),
(400, 'D', 16, 0, 0, 0, 1, 3, '1', '2023-06-29 13:16:13', '2023-06-29 13:16:13'),
(401, 'D', 17, 0, 0, 0, 1, 3, '1', '2023-06-29 13:16:13', '2023-06-29 13:16:13'),
(402, 'D', 18, 0, 0, 0, 1, 3, '1', '2023-06-29 13:16:13', '2023-06-29 13:16:13'),
(403, 'D', 19, 0, 0, 0, 1, 3, '1', '2023-06-29 13:16:13', '2023-06-29 13:16:13'),
(404, 'D', 20, 0, 0, 0, 1, 3, '1', '2023-06-29 13:16:13', '2023-06-29 13:16:13'),
(405, 'E', 1, 0, 0, 0, 2, 3, '1', '2023-06-29 13:16:13', '2023-06-29 13:16:13'),
(406, 'E', 2, 0, 0, 0, 2, 3, '1', '2023-06-29 13:16:13', '2023-06-29 13:16:13'),
(407, 'E', 3, 0, 0, 0, 2, 3, '1', '2023-06-29 13:16:13', '2023-06-29 13:16:13'),
(408, 'E', 4, 0, 0, 0, 2, 3, '1', '2023-06-29 13:16:13', '2023-06-29 13:16:13'),
(409, 'E', 5, 0, 0, 0, 2, 3, '1', '2023-06-29 13:16:13', '2023-06-29 13:16:13'),
(410, 'E', 6, 0, 0, 0, 2, 3, '1', '2023-06-29 13:16:13', '2023-06-29 13:16:13'),
(411, 'E', 7, 0, 0, 0, 2, 3, '1', '2023-06-29 13:16:13', '2023-06-29 13:16:13'),
(412, 'E', 8, 0, 0, 0, 2, 3, '1', '2023-06-29 13:16:13', '2023-06-29 13:16:13'),
(413, 'E', 9, 0, 0, 0, 2, 3, '1', '2023-06-29 13:16:13', '2023-06-29 13:16:13'),
(414, 'E', 10, 0, 1, 0, 2, 3, '1', '2023-06-29 13:16:13', '2023-06-29 13:16:13'),
(415, 'E', 11, 0, 0, 0, 2, 3, '1', '2023-06-29 13:16:13', '2023-06-29 13:16:13'),
(416, 'E', 12, 0, 0, 0, 2, 3, '1', '2023-06-29 13:16:13', '2023-06-29 13:16:13'),
(417, 'E', 13, 0, 0, 0, 2, 3, '1', '2023-06-29 13:16:13', '2023-06-29 13:16:13'),
(418, 'E', 14, 0, 0, 0, 2, 3, '1', '2023-06-29 13:16:13', '2023-06-29 13:16:13'),
(419, 'E', 15, 0, 0, 0, 2, 3, '1', '2023-06-29 13:16:13', '2023-06-29 13:16:13'),
(420, 'E', 16, 0, 0, 0, 2, 3, '1', '2023-06-29 13:16:13', '2023-06-29 13:16:13'),
(421, 'E', 17, 0, 0, 0, 2, 3, '1', '2023-06-29 13:16:13', '2023-06-29 13:16:13'),
(422, 'E', 18, 0, 0, 0, 2, 3, '1', '2023-06-29 13:16:13', '2023-06-29 13:16:13'),
(423, 'E', 19, 0, 0, 0, 2, 3, '1', '2023-06-29 13:16:13', '2023-06-29 13:16:13'),
(424, 'E', 20, 0, 0, 0, 2, 3, '1', '2023-06-29 13:16:13', '2023-06-29 13:16:13'),
(425, 'F', 1, 0, 0, 0, 2, 3, '1', '2023-06-29 13:16:13', '2023-06-29 13:16:13'),
(426, 'F', 2, 0, 0, 0, 2, 3, '1', '2023-06-29 13:16:13', '2023-06-29 13:16:13'),
(427, 'F', 3, 0, 0, 0, 2, 3, '1', '2023-06-29 13:16:13', '2023-06-29 13:16:13'),
(428, 'F', 4, 0, 0, 0, 2, 3, '1', '2023-06-29 13:16:13', '2023-06-29 13:16:13'),
(429, 'F', 5, 0, 0, 0, 2, 3, '1', '2023-06-29 13:16:13', '2023-06-29 13:16:13'),
(430, 'F', 6, 0, 0, 0, 2, 3, '1', '2023-06-29 13:16:14', '2023-06-29 13:16:14'),
(431, 'F', 7, 0, 0, 0, 2, 3, '1', '2023-06-29 13:16:14', '2023-06-29 13:16:14'),
(432, 'F', 8, 0, 0, 0, 2, 3, '1', '2023-06-29 13:16:14', '2023-06-29 13:16:14'),
(433, 'F', 9, 0, 0, 0, 2, 3, '1', '2023-06-29 13:16:14', '2023-06-29 13:16:14'),
(434, 'F', 10, 0, 1, 0, 2, 3, '1', '2023-06-29 13:16:14', '2023-06-29 13:16:14'),
(435, 'F', 11, 0, 0, 0, 2, 3, '1', '2023-06-29 13:16:14', '2023-06-29 13:16:14'),
(436, 'F', 12, 0, 0, 0, 2, 3, '1', '2023-06-29 13:16:14', '2023-06-29 13:16:14'),
(437, 'F', 13, 0, 0, 0, 2, 3, '1', '2023-06-29 13:16:14', '2023-06-29 13:16:14'),
(438, 'F', 14, 0, 0, 0, 2, 3, '1', '2023-06-29 13:16:14', '2023-06-29 13:16:14'),
(439, 'F', 15, 0, 0, 0, 2, 3, '1', '2023-06-29 13:16:14', '2023-06-29 13:16:14'),
(440, 'F', 16, 0, 0, 0, 2, 3, '1', '2023-06-29 13:16:14', '2023-06-29 13:16:14'),
(441, 'F', 17, 0, 0, 0, 2, 3, '1', '2023-06-29 13:16:14', '2023-06-29 13:16:14'),
(442, 'F', 18, 0, 0, 0, 2, 3, '1', '2023-06-29 13:16:14', '2023-06-29 13:16:14'),
(443, 'F', 19, 0, 0, 0, 2, 3, '1', '2023-06-29 13:16:14', '2023-06-29 13:16:14'),
(444, 'F', 20, 0, 0, 0, 2, 3, '1', '2023-06-29 13:16:14', '2023-06-29 13:16:14'),
(445, 'G', 1, 0, 0, 0, 2, 3, '1', '2023-06-29 13:16:14', '2023-06-29 13:16:14'),
(446, 'G', 2, 0, 0, 0, 2, 3, '1', '2023-06-29 13:16:14', '2023-06-29 13:16:14'),
(447, 'G', 3, 0, 0, 0, 2, 3, '1', '2023-06-29 13:16:14', '2023-06-29 13:16:14'),
(448, 'G', 4, 0, 0, 0, 2, 3, '1', '2023-06-29 13:16:14', '2023-06-29 13:16:14'),
(449, 'G', 5, 0, 0, 0, 2, 3, '1', '2023-06-29 13:16:14', '2023-06-29 13:16:14'),
(450, 'G', 6, 0, 0, 0, 2, 3, '1', '2023-06-29 13:16:14', '2023-06-29 13:16:14'),
(451, 'G', 7, 0, 0, 0, 2, 3, '1', '2023-06-29 13:16:14', '2023-06-29 13:16:14'),
(452, 'G', 8, 0, 0, 0, 2, 3, '1', '2023-06-29 13:16:14', '2023-06-29 13:16:14'),
(453, 'G', 9, 0, 0, 0, 2, 3, '1', '2023-06-29 13:16:14', '2023-06-29 13:16:14'),
(454, 'G', 10, 0, 1, 0, 2, 3, '1', '2023-06-29 13:16:14', '2023-06-29 13:16:14'),
(455, 'G', 11, 0, 0, 0, 2, 3, '1', '2023-06-29 13:16:14', '2023-06-29 13:16:14'),
(456, 'G', 12, 0, 0, 0, 2, 3, '1', '2023-06-29 13:16:14', '2023-06-29 13:16:14'),
(457, 'G', 13, 0, 0, 0, 2, 3, '1', '2023-06-29 13:16:14', '2023-06-29 13:16:14'),
(458, 'G', 14, 0, 0, 0, 2, 3, '1', '2023-06-29 13:16:14', '2023-06-29 13:16:14'),
(459, 'G', 15, 0, 0, 0, 2, 3, '1', '2023-06-29 13:16:14', '2023-06-29 13:16:14'),
(460, 'G', 16, 0, 0, 0, 2, 3, '1', '2023-06-29 13:16:14', '2023-06-29 13:16:14'),
(461, 'G', 17, 0, 0, 0, 2, 3, '1', '2023-06-29 13:16:14', '2023-06-29 13:16:14'),
(462, 'G', 18, 0, 0, 0, 2, 3, '1', '2023-06-29 13:16:14', '2023-06-29 13:16:14'),
(463, 'G', 19, 0, 0, 0, 2, 3, '1', '2023-06-29 13:16:14', '2023-06-29 13:16:14'),
(464, 'G', 20, 0, 0, 0, 2, 3, '1', '2023-06-29 13:16:14', '2023-06-29 13:16:14'),
(465, 'H', 1, 0, 0, 0, 2, 3, '1', '2023-06-29 13:16:14', '2023-06-29 13:16:14'),
(466, 'H', 2, 0, 0, 0, 2, 3, '1', '2023-06-29 13:16:14', '2023-06-29 13:16:14'),
(467, 'H', 3, 0, 0, 0, 2, 3, '1', '2023-06-29 13:16:14', '2023-06-29 13:16:14'),
(468, 'H', 4, 0, 0, 0, 2, 3, '1', '2023-06-29 13:16:14', '2023-06-29 13:16:14'),
(469, 'H', 5, 0, 0, 0, 2, 3, '1', '2023-06-29 13:16:14', '2023-06-29 13:16:14'),
(470, 'H', 6, 0, 0, 0, 2, 3, '1', '2023-06-29 13:16:14', '2023-06-29 13:16:14'),
(471, 'H', 7, 0, 0, 0, 2, 3, '1', '2023-06-29 13:16:14', '2023-06-29 13:16:14'),
(472, 'H', 8, 0, 0, 0, 2, 3, '1', '2023-06-29 13:16:14', '2023-06-29 13:16:14'),
(473, 'H', 9, 0, 0, 0, 2, 3, '1', '2023-06-29 13:16:14', '2023-06-29 13:16:14'),
(474, 'H', 10, 0, 1, 0, 2, 3, '1', '2023-06-29 13:16:14', '2023-06-29 13:16:14'),
(475, 'H', 11, 0, 0, 0, 2, 3, '1', '2023-06-29 13:16:14', '2023-06-29 13:16:14'),
(476, 'H', 12, 0, 0, 0, 2, 3, '1', '2023-06-29 13:16:14', '2023-06-29 13:16:14'),
(477, 'H', 13, 0, 0, 0, 2, 3, '1', '2023-06-29 13:16:14', '2023-06-29 13:16:14'),
(478, 'H', 14, 0, 0, 0, 2, 3, '1', '2023-06-29 13:16:14', '2023-06-29 13:16:14'),
(479, 'H', 15, 0, 0, 0, 2, 3, '1', '2023-06-29 13:16:14', '2023-06-29 13:16:14'),
(480, 'H', 16, 0, 0, 0, 2, 3, '1', '2023-06-29 13:16:14', '2023-06-29 13:16:14'),
(481, 'H', 17, 0, 0, 0, 2, 3, '1', '2023-06-29 13:16:14', '2023-06-29 13:16:14'),
(482, 'H', 18, 0, 0, 0, 2, 3, '1', '2023-06-29 13:16:14', '2023-06-29 13:16:14'),
(483, 'H', 19, 0, 0, 0, 2, 3, '1', '2023-06-29 13:16:14', '2023-06-29 13:16:14'),
(484, 'H', 20, 0, 0, 0, 2, 3, '1', '2023-06-29 13:16:14', '2023-06-29 13:16:14'),
(485, 'I', 1, 0, 0, 0, 2, 3, '1', '2023-06-29 13:16:14', '2023-06-29 13:16:14'),
(486, 'I', 2, 0, 0, 0, 2, 3, '1', '2023-06-29 13:16:14', '2023-06-29 13:16:14'),
(487, 'I', 3, 0, 0, 0, 2, 3, '1', '2023-06-29 13:16:14', '2023-06-29 13:16:14'),
(488, 'I', 4, 0, 0, 0, 2, 3, '1', '2023-06-29 13:16:14', '2023-06-29 13:16:14'),
(489, 'I', 5, 0, 0, 0, 2, 3, '1', '2023-06-29 13:16:14', '2023-06-29 13:16:14'),
(490, 'I', 6, 0, 0, 0, 2, 3, '1', '2023-06-29 13:16:14', '2023-06-29 13:16:14'),
(491, 'I', 7, 0, 0, 0, 2, 3, '1', '2023-06-29 13:16:14', '2023-06-29 13:16:14'),
(492, 'I', 8, 0, 0, 0, 2, 3, '1', '2023-06-29 13:16:14', '2023-06-29 13:16:14'),
(493, 'I', 9, 0, 0, 0, 2, 3, '1', '2023-06-29 13:16:14', '2023-06-29 13:16:14'),
(494, 'I', 10, 0, 1, 0, 2, 3, '1', '2023-06-29 13:16:14', '2023-06-29 13:16:14'),
(495, 'I', 11, 0, 0, 0, 2, 3, '1', '2023-06-29 13:16:14', '2023-06-29 13:16:14'),
(496, 'I', 12, 0, 0, 0, 2, 3, '1', '2023-06-29 13:16:14', '2023-06-29 13:16:14'),
(497, 'I', 13, 0, 0, 0, 2, 3, '1', '2023-06-29 13:16:14', '2023-06-29 13:16:14'),
(498, 'I', 14, 0, 0, 0, 2, 3, '1', '2023-06-29 13:16:14', '2023-06-29 13:16:14'),
(499, 'I', 15, 0, 0, 0, 2, 3, '1', '2023-06-29 13:16:14', '2023-06-29 13:16:14'),
(500, 'I', 16, 0, 0, 0, 2, 3, '1', '2023-06-29 13:16:14', '2023-06-29 13:16:14'),
(501, 'I', 17, 0, 0, 0, 2, 3, '1', '2023-06-29 13:16:14', '2023-06-29 13:16:14'),
(502, 'I', 18, 0, 0, 0, 2, 3, '1', '2023-06-29 13:16:14', '2023-06-29 13:16:14'),
(503, 'I', 19, 0, 0, 0, 2, 3, '1', '2023-06-29 13:16:14', '2023-06-29 13:16:14'),
(504, 'I', 20, 0, 0, 0, 2, 3, '1', '2023-06-29 13:16:14', '2023-06-29 13:16:14'),
(505, 'J', 1, 0, 0, 0, 2, 3, '1', '2023-06-29 13:16:14', '2023-06-29 13:16:14'),
(506, 'J', 2, 0, 0, 0, 2, 3, '1', '2023-06-29 13:16:14', '2023-06-29 13:16:14'),
(507, 'J', 3, 0, 0, 0, 2, 3, '1', '2023-06-29 13:16:14', '2023-06-29 13:16:14'),
(508, 'J', 4, 0, 0, 0, 2, 3, '1', '2023-06-29 13:16:14', '2023-06-29 13:16:14'),
(509, 'J', 5, 0, 0, 0, 2, 3, '1', '2023-06-29 13:16:14', '2023-06-29 13:16:14'),
(510, 'J', 6, 0, 0, 0, 2, 3, '1', '2023-06-29 13:16:14', '2023-06-29 13:16:14'),
(511, 'J', 7, 0, 0, 0, 2, 3, '1', '2023-06-29 13:16:14', '2023-06-29 13:16:14'),
(512, 'J', 8, 0, 0, 0, 2, 3, '1', '2023-06-29 13:16:14', '2023-06-29 13:16:14'),
(513, 'J', 9, 0, 0, 0, 2, 3, '1', '2023-06-29 13:16:14', '2023-06-29 13:16:14'),
(514, 'J', 10, 0, 1, 0, 2, 3, '1', '2023-06-29 13:16:14', '2023-06-29 13:16:14'),
(515, 'J', 11, 0, 0, 0, 2, 3, '1', '2023-06-29 13:16:14', '2023-06-29 13:16:14'),
(516, 'J', 12, 0, 0, 0, 2, 3, '1', '2023-06-29 13:16:14', '2023-06-29 13:16:14'),
(517, 'J', 13, 0, 0, 0, 2, 3, '1', '2023-06-29 13:16:14', '2023-06-29 13:16:14'),
(518, 'J', 14, 0, 0, 0, 2, 3, '1', '2023-06-29 13:16:14', '2023-06-29 13:16:14'),
(519, 'J', 15, 0, 0, 0, 2, 3, '1', '2023-06-29 13:16:14', '2023-06-29 13:16:14'),
(520, 'J', 16, 0, 0, 0, 2, 3, '1', '2023-06-29 13:16:14', '2023-06-29 13:16:14'),
(521, 'J', 17, 0, 0, 0, 2, 3, '1', '2023-06-29 13:16:14', '2023-06-29 13:16:14'),
(522, 'J', 18, 0, 0, 0, 2, 3, '1', '2023-06-29 13:16:14', '2023-06-29 13:16:14'),
(523, 'J', 19, 0, 0, 0, 2, 3, '1', '2023-06-29 13:16:14', '2023-06-29 13:16:14'),
(524, 'J', 20, 0, 0, 0, 2, 3, '1', '2023-06-29 13:16:14', '2023-06-29 13:16:14'),
(525, 'K', 1, 0, 0, 0, 2, 3, '1', '2023-06-29 13:16:14', '2023-06-29 13:16:14'),
(526, 'K', 2, 0, 0, 0, 2, 3, '1', '2023-06-29 13:16:14', '2023-06-29 13:16:14'),
(527, 'K', 3, 0, 0, 0, 2, 3, '1', '2023-06-29 13:16:14', '2023-06-29 13:16:14'),
(528, 'K', 4, 0, 0, 0, 2, 3, '1', '2023-06-29 13:16:14', '2023-06-29 13:16:14'),
(529, 'K', 5, 0, 0, 0, 2, 3, '1', '2023-06-29 13:16:14', '2023-06-29 13:16:14'),
(530, 'K', 6, 0, 0, 0, 2, 3, '1', '2023-06-29 13:16:14', '2023-06-29 13:16:14'),
(531, 'K', 7, 0, 0, 0, 2, 3, '1', '2023-06-29 13:16:14', '2023-06-29 13:16:14'),
(532, 'K', 8, 0, 0, 0, 2, 3, '1', '2023-06-29 13:16:14', '2023-06-29 13:16:14'),
(533, 'K', 9, 0, 0, 0, 2, 3, '1', '2023-06-29 13:16:14', '2023-06-29 13:16:14'),
(534, 'K', 10, 0, 1, 0, 2, 3, '1', '2023-06-29 13:16:14', '2023-06-29 13:16:14'),
(535, 'K', 11, 0, 0, 0, 2, 3, '1', '2023-06-29 13:16:14', '2023-06-29 13:16:14'),
(536, 'K', 12, 0, 0, 0, 2, 3, '1', '2023-06-29 13:16:14', '2023-06-29 13:16:14'),
(537, 'K', 13, 0, 0, 0, 2, 3, '1', '2023-06-29 13:16:14', '2023-06-29 13:16:14'),
(538, 'K', 14, 0, 0, 0, 2, 3, '1', '2023-06-29 13:16:14', '2023-06-29 13:16:14'),
(539, 'K', 15, 0, 0, 0, 2, 3, '1', '2023-06-29 13:16:14', '2023-06-29 13:16:14'),
(540, 'K', 16, 0, 0, 0, 2, 3, '1', '2023-06-29 13:16:14', '2023-06-29 13:16:14'),
(541, 'K', 17, 0, 0, 0, 2, 3, '1', '2023-06-29 13:16:14', '2023-06-29 13:16:14'),
(542, 'K', 18, 0, 0, 0, 2, 3, '1', '2023-06-29 13:16:14', '2023-06-29 13:16:14'),
(543, 'K', 19, 0, 0, 0, 2, 3, '1', '2023-06-29 13:16:14', '2023-06-29 13:16:14'),
(544, 'K', 20, 0, 0, 0, 2, 3, '1', '2023-06-29 13:16:14', '2023-06-29 13:16:14'),
(545, 'A', 1, 0, 0, 0, 3, 4, '1', '2023-06-29 13:16:14', '2023-08-13 08:04:43'),
(546, 'A', 2, 0, 1, 0, 3, 4, '1', '2023-06-29 13:16:14', '2023-08-13 08:04:43'),
(547, 'A', 3, 0, 0, 0, 3, 4, '1', '2023-06-29 13:16:14', '2023-08-13 08:04:43'),
(548, 'A', 4, 0, 1, 0, 3, 4, '1', '2023-06-29 13:16:14', '2023-08-13 08:04:43'),
(549, 'A', 5, 0, 0, 0, 3, 4, '1', '2023-06-29 13:16:14', '2023-08-13 08:04:43'),
(550, 'A', 6, 0, 1, 0, 3, 4, '1', '2023-06-29 13:16:14', '2023-08-13 08:04:43'),
(551, 'A', 7, 0, 0, 0, 3, 4, '1', '2023-06-29 13:16:14', '2023-08-13 08:04:43'),
(552, 'A', 8, 0, 0, 0, 3, 4, '1', '2023-06-29 13:16:14', '2023-08-13 08:04:43'),
(553, 'B', 1, 0, 0, 0, 3, 4, '1', '2023-06-29 13:16:14', '2023-08-13 08:04:45'),
(554, 'B', 2, 0, 1, 0, 3, 4, '1', '2023-06-29 13:16:14', '2023-08-13 08:04:45'),
(555, 'B', 3, 0, 0, 0, 3, 4, '1', '2023-06-29 13:16:14', '2023-08-13 08:04:45'),
(556, 'B', 4, 0, 1, 0, 3, 4, '1', '2023-06-29 13:16:14', '2023-08-13 08:04:45'),
(557, 'B', 5, 0, 0, 0, 3, 4, '1', '2023-06-29 13:16:14', '2023-08-13 08:04:45'),
(558, 'B', 6, 0, 1, 0, 3, 4, '1', '2023-06-29 13:16:14', '2023-08-13 08:04:45'),
(559, 'B', 7, 0, 0, 0, 3, 4, '1', '2023-06-29 13:16:14', '2023-08-13 08:04:45'),
(560, 'B', 8, 0, 0, 0, 3, 4, '1', '2023-06-29 13:16:14', '2023-08-13 08:04:45'),
(561, 'C', 1, 0, 0, 0, 3, 4, '1', '2023-06-29 13:16:14', '2023-08-13 08:04:49'),
(562, 'C', 2, 0, 1, 0, 3, 4, '1', '2023-06-29 13:16:14', '2023-08-13 08:04:49'),
(563, 'C', 3, 0, 0, 0, 3, 4, '1', '2023-06-29 13:16:14', '2023-08-13 08:04:49'),
(564, 'C', 4, 0, 1, 0, 3, 4, '1', '2023-06-29 13:16:14', '2023-08-13 08:04:49'),
(565, 'C', 5, 0, 0, 0, 3, 4, '1', '2023-06-29 13:16:14', '2023-08-13 08:04:49'),
(566, 'C', 6, 0, 1, 0, 3, 4, '1', '2023-06-29 13:16:14', '2023-08-13 08:04:49'),
(567, 'C', 7, 0, 0, 0, 3, 4, '1', '2023-06-29 13:16:14', '2023-08-13 08:04:49'),
(568, 'C', 8, 0, 0, 0, 3, 4, '1', '2023-06-29 13:16:14', '2023-08-13 08:04:49'),
(569, 'D', 1, 0, 0, 0, 3, 4, '1', '2023-06-29 13:16:14', '2023-08-13 08:04:51'),
(570, 'D', 2, 0, 1, 0, 3, 4, '1', '2023-06-29 13:16:14', '2023-08-13 08:04:51'),
(571, 'D', 3, 0, 0, 0, 3, 4, '1', '2023-06-29 13:16:14', '2023-08-13 08:04:51'),
(572, 'D', 4, 0, 1, 0, 3, 4, '1', '2023-06-29 13:16:14', '2023-08-13 08:04:51'),
(573, 'D', 5, 0, 0, 0, 3, 4, '1', '2023-06-29 13:16:14', '2023-08-13 08:04:51'),
(574, 'D', 6, 0, 1, 0, 3, 4, '1', '2023-06-29 13:16:14', '2023-08-13 08:04:51'),
(575, 'D', 7, 0, 0, 0, 3, 4, '1', '2023-06-29 13:16:14', '2023-08-13 08:04:51'),
(576, 'D', 8, 0, 0, 0, 3, 4, '1', '2023-06-29 13:16:14', '2023-08-13 08:04:51'),
(577, 'A', 1, 0, 0, 0, 2, 5, '1', '2023-06-29 13:16:14', '2023-06-29 13:16:14'),
(578, 'A', 2, 0, 1, 0, 2, 5, '1', '2023-06-29 13:16:14', '2023-06-29 13:16:14'),
(579, 'A', 3, 0, 0, 0, 2, 5, '1', '2023-06-29 13:16:14', '2023-06-29 13:16:14'),
(580, 'A', 4, 0, 0, 0, 2, 5, '1', '2023-06-29 13:16:14', '2023-06-29 13:16:14'),
(581, 'A', 5, 0, 0, 0, 2, 5, '1', '2023-06-29 13:16:14', '2023-06-29 13:16:14'),
(582, 'A', 6, 0, 0, 0, 2, 5, '1', '2023-06-29 13:16:14', '2023-06-29 13:16:14'),
(583, 'A', 7, 0, 0, 0, 2, 5, '1', '2023-06-29 13:16:14', '2023-06-29 13:16:14'),
(584, 'A', 8, 0, 0, 0, 2, 5, '1', '2023-06-29 13:16:14', '2023-06-29 13:16:14'),
(585, 'A', 9, 0, 0, 0, 2, 5, '1', '2023-06-29 13:16:14', '2023-06-29 13:16:14'),
(586, 'A', 10, 0, 0, 0, 2, 5, '1', '2023-06-29 13:16:14', '2023-06-29 13:16:14'),
(587, 'A', 11, 0, 0, 0, 2, 5, '1', '2023-06-29 13:16:14', '2023-06-29 13:16:14'),
(588, 'A', 12, 0, 0, 0, 2, 5, '1', '2023-06-29 13:16:14', '2023-06-29 13:16:14'),
(589, 'A', 13, 0, 0, 0, 2, 5, '1', '2023-06-29 13:16:14', '2023-06-29 13:16:14'),
(590, 'A', 14, 0, 0, 0, 2, 5, '1', '2023-06-29 13:16:14', '2023-06-29 13:16:14'),
(591, 'A', 15, 0, 0, 0, 2, 5, '1', '2023-06-29 13:16:14', '2023-06-29 13:16:14'),
(592, 'A', 16, 0, 0, 0, 2, 5, '1', '2023-06-29 13:16:14', '2023-06-29 13:16:14'),
(593, 'A', 17, 0, 0, 0, 2, 5, '1', '2023-06-29 13:16:14', '2023-06-29 13:16:14'),
(594, 'A', 18, 0, 1, 0, 2, 5, '1', '2023-06-29 13:16:14', '2023-06-29 13:16:14'),
(595, 'A', 19, 0, 0, 0, 2, 5, '1', '2023-06-29 13:16:14', '2023-06-29 13:16:14'),
(596, 'A', 20, 0, 0, 0, 2, 5, '1', '2023-06-29 13:16:14', '2023-06-29 13:16:14'),
(597, 'B', 1, 0, 0, 0, 2, 5, '1', '2023-06-29 13:16:14', '2023-06-29 13:16:14'),
(598, 'B', 2, 0, 0, 0, 2, 5, '1', '2023-06-29 13:16:14', '2023-06-29 13:16:14'),
(599, 'B', 3, 0, 0, 0, 2, 5, '1', '2023-06-29 13:16:14', '2023-06-29 13:16:14'),
(600, 'B', 4, 0, 1, 0, 2, 5, '1', '2023-06-29 13:16:14', '2023-06-29 13:16:14'),
(601, 'B', 5, 0, 0, 0, 2, 5, '1', '2023-06-29 13:16:14', '2023-06-29 13:16:14'),
(602, 'B', 6, 0, 0, 0, 2, 5, '1', '2023-06-29 13:16:14', '2023-06-29 13:16:14'),
(603, 'B', 7, 0, 0, 0, 2, 5, '1', '2023-06-29 13:16:14', '2023-06-29 13:16:14'),
(604, 'B', 8, 0, 0, 0, 2, 5, '1', '2023-06-29 13:16:14', '2023-06-29 13:16:14'),
(605, 'B', 9, 0, 0, 0, 2, 5, '1', '2023-06-29 13:16:14', '2023-06-29 13:16:14'),
(606, 'B', 10, 0, 0, 0, 2, 5, '1', '2023-06-29 13:16:14', '2023-06-29 13:16:14'),
(607, 'B', 11, 0, 0, 0, 2, 5, '1', '2023-06-29 13:16:14', '2023-06-29 13:16:14'),
(608, 'B', 12, 0, 0, 0, 2, 5, '1', '2023-06-29 13:16:14', '2023-06-29 13:16:14'),
(609, 'B', 13, 0, 0, 0, 2, 5, '1', '2023-06-29 13:16:14', '2023-06-29 13:16:14'),
(610, 'B', 14, 0, 0, 0, 2, 5, '1', '2023-06-29 13:16:14', '2023-06-29 13:16:14'),
(611, 'B', 15, 0, 0, 0, 2, 5, '1', '2023-06-29 13:16:14', '2023-06-29 13:16:14'),
(612, 'B', 16, 0, 0, 0, 2, 5, '1', '2023-06-29 13:16:14', '2023-06-29 13:16:14'),
(613, 'B', 17, 0, 0, 0, 2, 5, '1', '2023-06-29 13:16:14', '2023-06-29 13:16:14'),
(614, 'B', 18, 0, 0, 0, 2, 5, '1', '2023-06-29 13:16:14', '2023-06-29 13:16:14'),
(615, 'B', 19, 0, 0, 0, 2, 5, '1', '2023-06-29 13:16:14', '2023-06-29 13:16:14'),
(616, 'B', 20, 0, 1, 0, 2, 5, '1', '2023-06-29 13:16:14', '2023-06-29 13:16:14'),
(617, 'B', 21, 0, 0, 0, 2, 5, '1', '2023-06-29 13:16:14', '2023-06-29 13:16:14'),
(618, 'B', 22, 0, 0, 0, 2, 5, '1', '2023-06-29 13:16:14', '2023-06-29 13:16:14'),
(619, 'B', 23, 0, 0, 0, 2, 5, '1', '2023-06-29 13:16:14', '2023-06-29 13:16:14'),
(620, 'B', 24, 0, 0, 0, 2, 5, '1', '2023-06-29 13:16:14', '2023-06-29 13:16:14'),
(621, 'C', 1, 0, 0, 0, 2, 5, '1', '2023-06-29 13:16:14', '2023-06-29 13:16:14'),
(622, 'C', 2, 0, 0, 0, 2, 5, '1', '2023-06-29 13:16:14', '2023-06-29 13:16:14'),
(623, 'C', 3, 0, 0, 0, 2, 5, '1', '2023-06-29 13:16:14', '2023-06-29 13:16:14'),
(624, 'C', 4, 0, 0, 0, 2, 5, '1', '2023-06-29 13:16:14', '2023-06-29 13:16:14'),
(625, 'C', 5, 0, 0, 0, 2, 5, '1', '2023-06-29 13:16:14', '2023-06-29 13:16:14'),
(626, 'C', 6, 0, 1, 0, 2, 5, '1', '2023-06-29 13:16:14', '2023-06-29 13:16:14'),
(627, 'C', 7, 0, 0, 0, 2, 5, '1', '2023-06-29 13:16:14', '2023-06-29 13:16:14'),
(628, 'C', 8, 0, 0, 0, 2, 5, '1', '2023-06-29 13:16:14', '2023-06-29 13:16:14');
INSERT INTO `seats` (`id`, `row`, `col`, `ms`, `me`, `mb`, `seatType_id`, `room_id`, `status`, `created_at`, `updated_at`) VALUES
(629, 'C', 9, 0, 0, 0, 2, 5, '1', '2023-06-29 13:16:14', '2023-06-29 13:16:14'),
(630, 'C', 10, 0, 0, 0, 2, 5, '1', '2023-06-29 13:16:14', '2023-06-29 13:16:14'),
(631, 'C', 11, 0, 0, 0, 2, 5, '1', '2023-06-29 13:16:14', '2023-06-29 13:16:14'),
(632, 'C', 12, 0, 0, 0, 2, 5, '1', '2023-06-29 13:16:14', '2023-06-29 13:16:14'),
(633, 'C', 13, 0, 0, 0, 2, 5, '1', '2023-06-29 13:16:14', '2023-06-29 13:16:14'),
(634, 'C', 14, 0, 0, 0, 2, 5, '1', '2023-06-29 13:16:14', '2023-06-29 13:16:14'),
(635, 'C', 15, 0, 0, 0, 2, 5, '1', '2023-06-29 13:16:14', '2023-06-29 13:16:14'),
(636, 'C', 16, 0, 0, 0, 2, 5, '1', '2023-06-29 13:16:14', '2023-06-29 13:16:14'),
(637, 'C', 17, 0, 0, 0, 2, 5, '1', '2023-06-29 13:16:14', '2023-06-29 13:16:14'),
(638, 'C', 18, 0, 0, 0, 2, 5, '1', '2023-06-29 13:16:14', '2023-06-29 13:16:14'),
(639, 'C', 19, 0, 0, 0, 2, 5, '1', '2023-06-29 13:16:14', '2023-06-29 13:16:14'),
(640, 'C', 20, 0, 0, 0, 2, 5, '1', '2023-06-29 13:16:14', '2023-06-29 13:16:14'),
(641, 'C', 21, 0, 0, 0, 2, 5, '1', '2023-06-29 13:16:14', '2023-06-29 13:16:14'),
(642, 'C', 22, 0, 1, 0, 2, 5, '1', '2023-06-29 13:16:14', '2023-06-29 13:16:14'),
(643, 'C', 23, 0, 0, 0, 2, 5, '1', '2023-06-29 13:16:14', '2023-06-29 13:16:14'),
(644, 'C', 24, 0, 0, 0, 2, 5, '1', '2023-06-29 13:16:14', '2023-06-29 13:16:14'),
(645, 'C', 25, 0, 0, 0, 2, 5, '1', '2023-06-29 13:16:14', '2023-06-29 13:16:14'),
(646, 'C', 26, 0, 0, 0, 2, 5, '1', '2023-06-29 13:16:14', '2023-06-29 13:16:14'),
(647, 'C', 27, 0, 0, 0, 2, 5, '1', '2023-06-29 13:16:14', '2023-06-29 13:16:14'),
(648, 'C', 28, 0, 0, 0, 2, 5, '1', '2023-06-29 13:16:14', '2023-06-29 13:16:14'),
(649, 'D', 1, 0, 0, 0, 2, 5, '1', '2023-06-29 13:16:14', '2023-06-29 13:16:14'),
(650, 'D', 2, 0, 0, 0, 2, 5, '1', '2023-06-29 13:16:14', '2023-06-29 13:16:14'),
(651, 'D', 3, 0, 0, 0, 2, 5, '1', '2023-06-29 13:16:14', '2023-06-29 13:16:14'),
(652, 'D', 4, 0, 0, 0, 2, 5, '1', '2023-06-29 13:16:14', '2023-06-29 13:16:14'),
(653, 'D', 5, 0, 0, 0, 2, 5, '1', '2023-06-29 13:16:14', '2023-06-29 13:16:14'),
(654, 'D', 6, 0, 0, 0, 2, 5, '1', '2023-06-29 13:16:14', '2023-06-29 13:16:14'),
(655, 'D', 7, 0, 0, 0, 2, 5, '1', '2023-06-29 13:16:14', '2023-06-29 13:16:14'),
(656, 'D', 8, 0, 1, 0, 2, 5, '1', '2023-06-29 13:16:14', '2023-06-29 13:16:14'),
(657, 'D', 9, 0, 0, 0, 2, 5, '1', '2023-06-29 13:16:14', '2023-06-29 13:16:14'),
(658, 'D', 10, 0, 0, 0, 2, 5, '1', '2023-06-29 13:16:14', '2023-06-29 13:16:14'),
(659, 'D', 11, 0, 0, 0, 2, 5, '1', '2023-06-29 13:16:14', '2023-06-29 13:16:14'),
(660, 'D', 12, 0, 0, 0, 2, 5, '1', '2023-06-29 13:16:14', '2023-06-29 13:16:14'),
(661, 'D', 13, 0, 0, 0, 2, 5, '1', '2023-06-29 13:16:14', '2023-06-29 13:16:14'),
(662, 'D', 14, 0, 0, 0, 2, 5, '1', '2023-06-29 13:16:14', '2023-06-29 13:16:14'),
(663, 'D', 15, 0, 0, 0, 2, 5, '1', '2023-06-29 13:16:14', '2023-06-29 13:16:14'),
(664, 'D', 16, 0, 0, 0, 2, 5, '1', '2023-06-29 13:16:14', '2023-06-29 13:16:14'),
(665, 'D', 17, 0, 0, 0, 2, 5, '1', '2023-06-29 13:16:14', '2023-06-29 13:16:14'),
(666, 'D', 18, 0, 0, 0, 2, 5, '1', '2023-06-29 13:16:14', '2023-06-29 13:16:14'),
(667, 'D', 19, 0, 0, 0, 2, 5, '1', '2023-06-29 13:16:14', '2023-06-29 13:16:14'),
(668, 'D', 20, 0, 0, 0, 2, 5, '1', '2023-06-29 13:16:14', '2023-06-29 13:16:14'),
(669, 'D', 21, 0, 0, 0, 2, 5, '1', '2023-06-29 13:16:14', '2023-06-29 13:16:14'),
(670, 'D', 22, 0, 0, 0, 2, 5, '1', '2023-06-29 13:16:15', '2023-06-29 13:16:15'),
(671, 'D', 23, 0, 0, 0, 2, 5, '1', '2023-06-29 13:16:15', '2023-06-29 13:16:15'),
(672, 'D', 24, 0, 1, 0, 2, 5, '1', '2023-06-29 13:16:15', '2023-06-29 13:16:15'),
(673, 'D', 25, 0, 0, 0, 2, 5, '1', '2023-06-29 13:16:15', '2023-06-29 13:16:15'),
(674, 'D', 26, 0, 0, 0, 2, 5, '1', '2023-06-29 13:16:15', '2023-06-29 13:16:15'),
(675, 'D', 27, 0, 0, 0, 2, 5, '1', '2023-06-29 13:16:15', '2023-06-29 13:16:15'),
(676, 'D', 28, 0, 0, 0, 2, 5, '1', '2023-06-29 13:16:15', '2023-06-29 13:16:15'),
(677, 'D', 29, 0, 0, 0, 2, 5, '1', '2023-06-29 13:16:15', '2023-06-29 13:16:15'),
(678, 'D', 30, 0, 0, 0, 2, 5, '1', '2023-06-29 13:16:15', '2023-06-29 13:16:15'),
(679, 'D', 31, 0, 0, 0, 2, 5, '1', '2023-06-29 13:16:15', '2023-06-29 13:16:15'),
(680, 'D', 32, 0, 0, 0, 2, 5, '1', '2023-06-29 13:16:15', '2023-06-29 13:16:15'),
(681, 'E', 1, 0, 0, 0, 2, 5, '1', '2023-06-29 13:16:15', '2023-06-29 13:16:15'),
(682, 'E', 2, 0, 0, 0, 2, 5, '1', '2023-06-29 13:16:15', '2023-06-29 13:16:15'),
(683, 'E', 3, 0, 0, 0, 2, 5, '1', '2023-06-29 13:16:15', '2023-06-29 13:16:15'),
(684, 'E', 4, 0, 0, 0, 2, 5, '1', '2023-06-29 13:16:15', '2023-06-29 13:16:15'),
(685, 'E', 5, 0, 0, 0, 2, 5, '1', '2023-06-29 13:16:15', '2023-06-29 13:16:15'),
(686, 'E', 6, 0, 0, 0, 2, 5, '1', '2023-06-29 13:16:15', '2023-06-29 13:16:15'),
(687, 'E', 7, 0, 0, 0, 2, 5, '1', '2023-06-29 13:16:15', '2023-06-29 13:16:15'),
(688, 'E', 8, 0, 0, 0, 2, 5, '1', '2023-06-29 13:16:15', '2023-06-29 13:16:15'),
(689, 'E', 9, 0, 1, 0, 2, 5, '1', '2023-06-29 13:16:15', '2023-06-29 13:16:15'),
(690, 'E', 10, 0, 0, 0, 2, 5, '1', '2023-06-29 13:16:15', '2023-06-29 13:16:15'),
(691, 'E', 11, 0, 0, 0, 2, 5, '1', '2023-06-29 13:16:15', '2023-06-29 13:16:15'),
(692, 'E', 12, 0, 0, 0, 2, 5, '1', '2023-06-29 13:16:15', '2023-06-29 13:16:15'),
(693, 'E', 13, 0, 0, 0, 2, 5, '1', '2023-06-29 13:16:15', '2023-06-29 13:16:15'),
(694, 'E', 14, 0, 0, 0, 2, 5, '1', '2023-06-29 13:16:15', '2023-06-29 13:16:15'),
(695, 'E', 15, 0, 0, 0, 2, 5, '1', '2023-06-29 13:16:15', '2023-06-29 13:16:15'),
(696, 'E', 16, 0, 0, 0, 2, 5, '1', '2023-06-29 13:16:15', '2023-06-29 13:16:15'),
(697, 'E', 17, 0, 0, 0, 2, 5, '1', '2023-06-29 13:16:15', '2023-06-29 13:16:15'),
(698, 'E', 18, 0, 0, 0, 2, 5, '1', '2023-06-29 13:16:15', '2023-06-29 13:16:15'),
(699, 'E', 19, 0, 0, 0, 2, 5, '1', '2023-06-29 13:16:15', '2023-06-29 13:16:15'),
(700, 'E', 20, 0, 0, 0, 2, 5, '1', '2023-06-29 13:16:15', '2023-06-29 13:16:15'),
(701, 'E', 21, 0, 0, 0, 2, 5, '1', '2023-06-29 13:16:15', '2023-06-29 13:16:15'),
(702, 'E', 22, 0, 0, 0, 2, 5, '1', '2023-06-29 13:16:15', '2023-06-29 13:16:15'),
(703, 'E', 23, 0, 0, 0, 2, 5, '1', '2023-06-29 13:16:15', '2023-06-29 13:16:15'),
(704, 'E', 24, 0, 0, 0, 2, 5, '1', '2023-06-29 13:16:15', '2023-06-29 13:16:15'),
(705, 'E', 25, 0, 1, 0, 2, 5, '1', '2023-06-29 13:16:15', '2023-06-29 13:16:15'),
(706, 'E', 26, 0, 0, 0, 2, 5, '1', '2023-06-29 13:16:15', '2023-06-29 13:16:15'),
(707, 'E', 27, 0, 0, 0, 2, 5, '1', '2023-06-29 13:16:15', '2023-06-29 13:16:15'),
(708, 'E', 28, 0, 0, 0, 2, 5, '1', '2023-06-29 13:16:15', '2023-06-29 13:16:15'),
(709, 'E', 29, 0, 0, 0, 2, 5, '1', '2023-06-29 13:16:15', '2023-06-29 13:16:15'),
(710, 'E', 30, 0, 0, 0, 2, 5, '1', '2023-06-29 13:16:15', '2023-06-29 13:16:15'),
(711, 'E', 31, 0, 0, 0, 2, 5, '1', '2023-06-29 13:16:15', '2023-06-29 13:16:15'),
(712, 'E', 32, 0, 0, 0, 2, 5, '1', '2023-06-29 13:16:15', '2023-06-29 13:16:15'),
(713, 'E', 33, 0, 0, 0, 2, 5, '1', '2023-06-29 13:16:15', '2023-06-29 13:16:15'),
(714, 'E', 34, 0, 0, 0, 2, 5, '1', '2023-06-29 13:16:15', '2023-06-29 13:16:15'),
(715, 'F', 1, 0, 0, 1, 2, 5, '1', '2023-06-29 13:16:15', '2023-06-29 13:16:15'),
(716, 'F', 2, 0, 0, 1, 2, 5, '1', '2023-06-29 13:16:15', '2023-06-29 13:16:15'),
(717, 'F', 3, 0, 0, 1, 2, 5, '1', '2023-06-29 13:16:15', '2023-06-29 13:16:15'),
(718, 'F', 4, 0, 0, 1, 2, 5, '1', '2023-06-29 13:16:15', '2023-06-29 13:16:15'),
(719, 'F', 5, 0, 0, 1, 2, 5, '1', '2023-06-29 13:16:15', '2023-06-29 13:16:15'),
(720, 'F', 6, 0, 0, 1, 2, 5, '1', '2023-06-29 13:16:15', '2023-06-29 13:16:15'),
(721, 'F', 7, 0, 0, 1, 2, 5, '1', '2023-06-29 13:16:15', '2023-06-29 13:16:15'),
(722, 'F', 8, 0, 0, 1, 2, 5, '1', '2023-06-29 13:16:15', '2023-06-29 13:16:15'),
(723, 'F', 9, 0, 1, 1, 2, 5, '1', '2023-06-29 13:16:15', '2023-06-29 13:16:15'),
(724, 'F', 10, 0, 0, 1, 2, 5, '1', '2023-06-29 13:16:15', '2023-06-29 13:16:15'),
(725, 'F', 11, 0, 0, 1, 2, 5, '1', '2023-06-29 13:16:15', '2023-06-29 13:16:15'),
(726, 'F', 12, 0, 0, 1, 2, 5, '1', '2023-06-29 13:16:15', '2023-06-29 13:16:15'),
(727, 'F', 13, 0, 0, 1, 2, 5, '1', '2023-06-29 13:16:15', '2023-06-29 13:16:15'),
(728, 'F', 14, 0, 0, 1, 2, 5, '1', '2023-06-29 13:16:15', '2023-06-29 13:16:15'),
(729, 'F', 15, 0, 0, 1, 2, 5, '1', '2023-06-29 13:16:15', '2023-06-29 13:16:15'),
(730, 'F', 16, 0, 0, 1, 2, 5, '1', '2023-06-29 13:16:15', '2023-06-29 13:16:15'),
(731, 'F', 17, 0, 0, 1, 2, 5, '1', '2023-06-29 13:16:15', '2023-06-29 13:16:15'),
(732, 'F', 18, 0, 0, 1, 2, 5, '1', '2023-06-29 13:16:15', '2023-06-29 13:16:15'),
(733, 'F', 19, 0, 0, 1, 2, 5, '1', '2023-06-29 13:16:15', '2023-06-29 13:16:15'),
(734, 'F', 20, 0, 0, 1, 2, 5, '1', '2023-06-29 13:16:15', '2023-06-29 13:16:15'),
(735, 'F', 21, 0, 0, 1, 2, 5, '1', '2023-06-29 13:16:15', '2023-06-29 13:16:15'),
(736, 'F', 22, 0, 0, 1, 2, 5, '1', '2023-06-29 13:16:15', '2023-06-29 13:16:15'),
(737, 'F', 23, 0, 0, 1, 2, 5, '1', '2023-06-29 13:16:15', '2023-06-29 13:16:15'),
(738, 'F', 24, 0, 0, 1, 2, 5, '1', '2023-06-29 13:16:15', '2023-06-29 13:16:15'),
(739, 'F', 25, 0, 1, 1, 2, 5, '1', '2023-06-29 13:16:15', '2023-06-29 13:16:15'),
(740, 'F', 26, 0, 0, 1, 2, 5, '1', '2023-06-29 13:16:15', '2023-06-29 13:16:15'),
(741, 'F', 27, 0, 0, 1, 2, 5, '1', '2023-06-29 13:16:15', '2023-06-29 13:16:15'),
(742, 'F', 28, 0, 0, 1, 2, 5, '1', '2023-06-29 13:16:15', '2023-06-29 13:16:15'),
(743, 'F', 29, 0, 0, 1, 2, 5, '1', '2023-06-29 13:16:15', '2023-06-29 13:16:15'),
(744, 'F', 30, 0, 0, 1, 2, 5, '1', '2023-06-29 13:16:15', '2023-06-29 13:16:15'),
(745, 'F', 31, 0, 0, 1, 2, 5, '1', '2023-06-29 13:16:15', '2023-06-29 13:16:15'),
(746, 'F', 32, 0, 0, 1, 2, 5, '1', '2023-06-29 13:16:15', '2023-06-29 13:16:15'),
(747, 'F', 33, 0, 0, 1, 2, 5, '1', '2023-06-29 13:16:15', '2023-06-29 13:16:15'),
(748, 'F', 34, 0, 0, 1, 2, 5, '1', '2023-06-29 13:16:15', '2023-06-29 13:16:15'),
(749, 'G', 1, 0, 0, 0, 2, 5, '1', '2023-06-29 13:16:15', '2023-06-29 13:16:15'),
(750, 'G', 2, 0, 0, 0, 2, 5, '1', '2023-06-29 13:16:15', '2023-06-29 13:16:15'),
(751, 'G', 3, 0, 0, 0, 2, 5, '1', '2023-06-29 13:16:15', '2023-06-29 13:16:15'),
(752, 'G', 4, 0, 0, 0, 2, 5, '1', '2023-06-29 13:16:15', '2023-06-29 13:16:15'),
(753, 'G', 5, 0, 0, 0, 2, 5, '1', '2023-06-29 13:16:15', '2023-06-29 13:16:15'),
(754, 'G', 6, 0, 0, 0, 2, 5, '1', '2023-06-29 13:16:15', '2023-06-29 13:16:15'),
(755, 'G', 7, 0, 0, 0, 2, 5, '1', '2023-06-29 13:16:15', '2023-06-29 13:16:15'),
(756, 'G', 8, 0, 0, 0, 2, 5, '1', '2023-06-29 13:16:15', '2023-06-29 13:16:15'),
(757, 'G', 9, 0, 0, 0, 2, 5, '1', '2023-06-29 13:16:15', '2023-06-29 13:16:15'),
(758, 'G', 10, 0, 0, 0, 2, 5, '1', '2023-06-29 13:16:15', '2023-06-29 13:16:15'),
(759, 'G', 11, 0, 1, 0, 2, 5, '1', '2023-06-29 13:16:15', '2023-06-29 13:16:15'),
(760, 'G', 12, 0, 0, 0, 2, 5, '1', '2023-06-29 13:16:15', '2023-06-29 13:16:15'),
(761, 'G', 13, 0, 0, 0, 2, 5, '1', '2023-06-29 13:16:15', '2023-06-29 13:16:15'),
(762, 'G', 14, 0, 0, 0, 2, 5, '1', '2023-06-29 13:16:15', '2023-06-29 13:16:15'),
(763, 'G', 15, 0, 0, 0, 2, 5, '1', '2023-06-29 13:16:15', '2023-06-29 13:16:15'),
(764, 'G', 16, 0, 0, 0, 2, 5, '1', '2023-06-29 13:16:15', '2023-06-29 13:16:15'),
(765, 'G', 17, 0, 0, 0, 2, 5, '1', '2023-06-29 13:16:15', '2023-06-29 13:16:15'),
(766, 'G', 18, 0, 0, 0, 2, 5, '1', '2023-06-29 13:16:15', '2023-06-29 13:16:15'),
(767, 'G', 19, 0, 0, 0, 2, 5, '1', '2023-06-29 13:16:15', '2023-06-29 13:16:15'),
(768, 'G', 20, 0, 0, 0, 2, 5, '1', '2023-06-29 13:16:15', '2023-06-29 13:16:15'),
(769, 'G', 21, 0, 0, 0, 2, 5, '1', '2023-06-29 13:16:15', '2023-06-29 13:16:15'),
(770, 'G', 22, 0, 0, 0, 2, 5, '1', '2023-06-29 13:16:15', '2023-06-29 13:16:15'),
(771, 'G', 23, 0, 0, 0, 2, 5, '1', '2023-06-29 13:16:15', '2023-06-29 13:16:15'),
(772, 'G', 24, 0, 0, 0, 2, 5, '1', '2023-06-29 13:16:15', '2023-06-29 13:16:15'),
(773, 'G', 25, 0, 0, 0, 2, 5, '1', '2023-06-29 13:16:15', '2023-06-29 13:16:15'),
(774, 'G', 26, 0, 0, 0, 2, 5, '1', '2023-06-29 13:16:15', '2023-06-29 13:16:15'),
(775, 'G', 27, 0, 1, 0, 2, 5, '1', '2023-06-29 13:16:15', '2023-06-29 13:16:15'),
(776, 'G', 28, 0, 0, 0, 2, 5, '1', '2023-06-29 13:16:15', '2023-06-29 13:16:15'),
(777, 'G', 29, 0, 0, 0, 2, 5, '1', '2023-06-29 13:16:15', '2023-06-29 13:16:15'),
(778, 'G', 30, 0, 0, 0, 2, 5, '1', '2023-06-29 13:16:15', '2023-06-29 13:16:15'),
(779, 'G', 31, 0, 0, 0, 2, 5, '1', '2023-06-29 13:16:15', '2023-06-29 13:16:15'),
(780, 'G', 32, 0, 0, 0, 2, 5, '1', '2023-06-29 13:16:15', '2023-06-29 13:16:15'),
(781, 'G', 33, 0, 0, 0, 2, 5, '1', '2023-06-29 13:16:15', '2023-06-29 13:16:15'),
(782, 'G', 34, 0, 0, 0, 2, 5, '1', '2023-06-29 13:16:15', '2023-06-29 13:16:15'),
(783, 'G', 35, 0, 0, 0, 2, 5, '1', '2023-06-29 13:16:15', '2023-06-29 13:16:15'),
(784, 'G', 36, 0, 0, 0, 2, 5, '1', '2023-06-29 13:16:15', '2023-06-29 13:16:15'),
(785, 'G', 37, 0, 0, 0, 2, 5, '1', '2023-06-29 13:16:15', '2023-06-29 13:16:15'),
(786, 'G', 38, 0, 0, 0, 2, 5, '1', '2023-06-29 13:16:15', '2023-06-29 13:16:15'),
(787, 'H', 1, 0, 0, 0, 2, 5, '1', '2023-06-29 13:16:15', '2023-06-29 13:16:15'),
(788, 'H', 2, 0, 0, 0, 2, 5, '1', '2023-06-29 13:16:15', '2023-06-29 13:16:15'),
(789, 'H', 3, 0, 0, 0, 2, 5, '1', '2023-06-29 13:16:15', '2023-06-29 13:16:15'),
(790, 'H', 4, 0, 0, 0, 2, 5, '1', '2023-06-29 13:16:15', '2023-06-29 13:16:15'),
(791, 'H', 5, 0, 0, 0, 2, 5, '1', '2023-06-29 13:16:15', '2023-06-29 13:16:15'),
(792, 'H', 6, 0, 0, 0, 2, 5, '1', '2023-06-29 13:16:15', '2023-06-29 13:16:15'),
(793, 'H', 7, 0, 0, 0, 2, 5, '1', '2023-06-29 13:16:15', '2023-06-29 13:16:15'),
(794, 'H', 8, 0, 0, 0, 2, 5, '1', '2023-06-29 13:16:15', '2023-06-29 13:16:15'),
(795, 'H', 9, 0, 0, 0, 2, 5, '1', '2023-06-29 13:16:15', '2023-06-29 13:16:15'),
(796, 'H', 10, 0, 0, 0, 2, 5, '1', '2023-06-29 13:16:15', '2023-06-29 13:16:15'),
(797, 'H', 11, 0, 1, 0, 2, 5, '1', '2023-06-29 13:16:15', '2023-06-29 13:16:15'),
(798, 'H', 12, 0, 0, 0, 2, 5, '1', '2023-06-29 13:16:15', '2023-06-29 13:16:15'),
(799, 'H', 13, 0, 0, 0, 2, 5, '1', '2023-06-29 13:16:15', '2023-06-29 13:16:15'),
(800, 'H', 14, 0, 0, 0, 2, 5, '1', '2023-06-29 13:16:15', '2023-06-29 13:16:15'),
(801, 'H', 15, 0, 0, 0, 2, 5, '1', '2023-06-29 13:16:15', '2023-06-29 13:16:15'),
(802, 'H', 16, 0, 0, 0, 2, 5, '1', '2023-06-29 13:16:15', '2023-06-29 13:16:15'),
(803, 'H', 17, 0, 0, 0, 2, 5, '1', '2023-06-29 13:16:15', '2023-06-29 13:16:15'),
(804, 'H', 18, 0, 0, 0, 2, 5, '1', '2023-06-29 13:16:15', '2023-06-29 13:16:15'),
(805, 'H', 19, 0, 0, 0, 2, 5, '1', '2023-06-29 13:16:15', '2023-06-29 13:16:15'),
(806, 'H', 20, 0, 0, 0, 2, 5, '1', '2023-06-29 13:16:15', '2023-06-29 13:16:15'),
(807, 'H', 21, 0, 0, 0, 2, 5, '1', '2023-06-29 13:16:15', '2023-06-29 13:16:15'),
(808, 'H', 22, 0, 0, 0, 2, 5, '1', '2023-06-29 13:16:15', '2023-06-29 13:16:15'),
(809, 'H', 23, 0, 0, 0, 2, 5, '1', '2023-06-29 13:16:15', '2023-06-29 13:16:15'),
(810, 'H', 24, 0, 0, 0, 2, 5, '1', '2023-06-29 13:16:15', '2023-06-29 13:16:15'),
(811, 'H', 25, 0, 0, 0, 2, 5, '1', '2023-06-29 13:16:15', '2023-06-29 13:16:15'),
(812, 'H', 26, 0, 0, 0, 2, 5, '1', '2023-06-29 13:16:15', '2023-06-29 13:16:15'),
(813, 'H', 27, 0, 1, 0, 2, 5, '1', '2023-06-29 13:16:15', '2023-06-29 13:16:15'),
(814, 'H', 28, 0, 0, 0, 2, 5, '1', '2023-06-29 13:16:15', '2023-06-29 13:16:15'),
(815, 'H', 29, 0, 0, 0, 2, 5, '1', '2023-06-29 13:16:15', '2023-06-29 13:16:15'),
(816, 'H', 30, 0, 0, 0, 2, 5, '1', '2023-06-29 13:16:15', '2023-06-29 13:16:15'),
(817, 'H', 31, 0, 0, 0, 2, 5, '1', '2023-06-29 13:16:15', '2023-06-29 13:16:15'),
(818, 'H', 32, 0, 0, 0, 2, 5, '1', '2023-06-29 13:16:15', '2023-06-29 13:16:15'),
(819, 'H', 33, 0, 0, 0, 2, 5, '1', '2023-06-29 13:16:15', '2023-06-29 13:16:15'),
(820, 'H', 34, 0, 0, 0, 2, 5, '1', '2023-06-29 13:16:15', '2023-06-29 13:16:15'),
(821, 'H', 35, 0, 0, 0, 2, 5, '1', '2023-06-29 13:16:15', '2023-06-29 13:16:15'),
(822, 'H', 36, 0, 0, 0, 2, 5, '1', '2023-06-29 13:16:15', '2023-06-29 13:16:15'),
(823, 'H', 37, 0, 0, 0, 2, 5, '1', '2023-06-29 13:16:15', '2023-06-29 13:16:15'),
(824, 'H', 38, 0, 0, 0, 2, 5, '1', '2023-06-29 13:16:15', '2023-06-29 13:16:15'),
(825, 'I', 1, 0, 0, 0, 2, 5, '1', '2023-06-29 13:16:15', '2023-06-29 13:16:15'),
(826, 'I', 2, 0, 0, 0, 2, 5, '1', '2023-06-29 13:16:15', '2023-06-29 13:16:15'),
(827, 'I', 3, 0, 0, 0, 2, 5, '1', '2023-06-29 13:16:15', '2023-06-29 13:16:15'),
(828, 'I', 4, 0, 0, 0, 2, 5, '1', '2023-06-29 13:16:15', '2023-06-29 13:16:15'),
(829, 'I', 5, 0, 0, 0, 2, 5, '1', '2023-06-29 13:16:15', '2023-06-29 13:16:15'),
(830, 'I', 6, 0, 0, 0, 2, 5, '1', '2023-06-29 13:16:15', '2023-06-29 13:16:15'),
(831, 'I', 7, 0, 0, 0, 2, 5, '1', '2023-06-29 13:16:15', '2023-06-29 13:16:15'),
(832, 'I', 8, 0, 0, 0, 2, 5, '1', '2023-06-29 13:16:15', '2023-06-29 13:16:15'),
(833, 'I', 9, 0, 0, 0, 2, 5, '1', '2023-06-29 13:16:15', '2023-06-29 13:16:15'),
(834, 'I', 10, 0, 0, 0, 2, 5, '1', '2023-06-29 13:16:15', '2023-06-29 13:16:15'),
(835, 'I', 11, 0, 1, 0, 2, 5, '1', '2023-06-29 13:16:15', '2023-06-29 13:16:15'),
(836, 'I', 12, 0, 0, 0, 2, 5, '1', '2023-06-29 13:16:15', '2023-06-29 13:16:15'),
(837, 'I', 13, 0, 0, 0, 2, 5, '1', '2023-06-29 13:16:15', '2023-06-29 13:16:15'),
(838, 'I', 14, 0, 0, 0, 2, 5, '1', '2023-06-29 13:16:15', '2023-06-29 13:16:15'),
(839, 'I', 15, 0, 0, 0, 2, 5, '1', '2023-06-29 13:16:15', '2023-06-29 13:16:15'),
(840, 'I', 16, 0, 0, 0, 2, 5, '1', '2023-06-29 13:16:15', '2023-06-29 13:16:15'),
(841, 'I', 17, 0, 0, 0, 2, 5, '1', '2023-06-29 13:16:15', '2023-06-29 13:16:15'),
(842, 'I', 18, 0, 0, 0, 2, 5, '1', '2023-06-29 13:16:15', '2023-06-29 13:16:15'),
(843, 'I', 19, 0, 0, 0, 2, 5, '1', '2023-06-29 13:16:15', '2023-06-29 13:16:15'),
(844, 'I', 20, 0, 0, 0, 2, 5, '1', '2023-06-29 13:16:15', '2023-06-29 13:16:15'),
(845, 'I', 21, 0, 0, 0, 2, 5, '1', '2023-06-29 13:16:15', '2023-06-29 13:16:15'),
(846, 'I', 22, 0, 0, 0, 2, 5, '1', '2023-06-29 13:16:15', '2023-06-29 13:16:15'),
(847, 'I', 23, 0, 0, 0, 2, 5, '1', '2023-06-29 13:16:15', '2023-06-29 13:16:15'),
(848, 'I', 24, 0, 0, 0, 2, 5, '1', '2023-06-29 13:16:15', '2023-06-29 13:16:15'),
(849, 'I', 25, 0, 0, 0, 2, 5, '1', '2023-06-29 13:16:15', '2023-06-29 13:16:15'),
(850, 'I', 26, 0, 0, 0, 2, 5, '1', '2023-06-29 13:16:15', '2023-06-29 13:16:15'),
(851, 'I', 27, 0, 1, 0, 2, 5, '1', '2023-06-29 13:16:15', '2023-06-29 13:16:15'),
(852, 'I', 28, 0, 0, 0, 2, 5, '1', '2023-06-29 13:16:15', '2023-06-29 13:16:15'),
(853, 'I', 29, 0, 0, 0, 2, 5, '1', '2023-06-29 13:16:15', '2023-06-29 13:16:15'),
(854, 'I', 30, 0, 0, 0, 2, 5, '1', '2023-06-29 13:16:15', '2023-06-29 13:16:15'),
(855, 'I', 31, 0, 0, 0, 2, 5, '1', '2023-06-29 13:16:15', '2023-06-29 13:16:15'),
(856, 'I', 32, 0, 0, 0, 2, 5, '1', '2023-06-29 13:16:15', '2023-06-29 13:16:15'),
(857, 'I', 33, 0, 0, 0, 2, 5, '1', '2023-06-29 13:16:15', '2023-06-29 13:16:15'),
(858, 'I', 34, 0, 0, 0, 2, 5, '1', '2023-06-29 13:16:15', '2023-06-29 13:16:15'),
(859, 'I', 35, 0, 0, 0, 2, 5, '1', '2023-06-29 13:16:15', '2023-06-29 13:16:15'),
(860, 'I', 36, 0, 0, 0, 2, 5, '1', '2023-06-29 13:16:15', '2023-06-29 13:16:15'),
(861, 'I', 37, 0, 0, 0, 2, 5, '1', '2023-06-29 13:16:15', '2023-06-29 13:16:15'),
(862, 'I', 38, 0, 0, 0, 2, 5, '1', '2023-06-29 13:16:15', '2023-06-29 13:16:15'),
(863, 'J', 1, 0, 0, 0, 2, 5, '1', '2023-06-29 13:16:15', '2023-06-29 13:16:15'),
(864, 'J', 2, 0, 0, 0, 2, 5, '1', '2023-06-29 13:16:15', '2023-06-29 13:16:15'),
(865, 'J', 3, 0, 0, 0, 2, 5, '1', '2023-06-29 13:16:15', '2023-06-29 13:16:15'),
(866, 'J', 4, 0, 0, 0, 2, 5, '1', '2023-06-29 13:16:15', '2023-06-29 13:16:15'),
(867, 'J', 5, 0, 0, 0, 2, 5, '1', '2023-06-29 13:16:15', '2023-06-29 13:16:15'),
(868, 'J', 6, 0, 0, 0, 2, 5, '1', '2023-06-29 13:16:15', '2023-06-29 13:16:15'),
(869, 'J', 7, 0, 0, 0, 2, 5, '1', '2023-06-29 13:16:15', '2023-06-29 13:16:15'),
(870, 'J', 8, 0, 0, 0, 2, 5, '1', '2023-06-29 13:16:15', '2023-06-29 13:16:15'),
(871, 'J', 9, 0, 0, 0, 2, 5, '1', '2023-06-29 13:16:15', '2023-06-29 13:16:15'),
(872, 'J', 10, 0, 0, 0, 2, 5, '1', '2023-06-29 13:16:15', '2023-06-29 13:16:15'),
(873, 'J', 11, 0, 1, 0, 2, 5, '1', '2023-06-29 13:16:15', '2023-06-29 13:16:15'),
(874, 'J', 12, 0, 0, 0, 2, 5, '1', '2023-06-29 13:16:15', '2023-06-29 13:16:15'),
(875, 'J', 13, 0, 0, 0, 2, 5, '1', '2023-06-29 13:16:15', '2023-06-29 13:16:15'),
(876, 'J', 14, 0, 0, 0, 2, 5, '1', '2023-06-29 13:16:15', '2023-06-29 13:16:15'),
(877, 'J', 15, 0, 0, 0, 2, 5, '1', '2023-06-29 13:16:15', '2023-06-29 13:16:15'),
(878, 'J', 16, 0, 0, 0, 2, 5, '1', '2023-06-29 13:16:15', '2023-06-29 13:16:15'),
(879, 'J', 17, 0, 0, 0, 2, 5, '1', '2023-06-29 13:16:15', '2023-06-29 13:16:15'),
(880, 'J', 18, 0, 0, 0, 2, 5, '1', '2023-06-29 13:16:15', '2023-06-29 13:16:15'),
(881, 'J', 19, 0, 0, 0, 2, 5, '1', '2023-06-29 13:16:15', '2023-06-29 13:16:15'),
(882, 'J', 20, 0, 0, 0, 2, 5, '1', '2023-06-29 13:16:15', '2023-06-29 13:16:15'),
(883, 'J', 21, 0, 0, 0, 2, 5, '1', '2023-06-29 13:16:15', '2023-06-29 13:16:15'),
(884, 'J', 22, 0, 0, 0, 2, 5, '1', '2023-06-29 13:16:15', '2023-06-29 13:16:15'),
(885, 'J', 23, 0, 0, 0, 2, 5, '1', '2023-06-29 13:16:15', '2023-06-29 13:16:15'),
(886, 'J', 24, 0, 0, 0, 2, 5, '1', '2023-06-29 13:16:15', '2023-06-29 13:16:15'),
(887, 'J', 25, 0, 0, 0, 2, 5, '1', '2023-06-29 13:16:15', '2023-06-29 13:16:15'),
(888, 'J', 26, 0, 0, 0, 2, 5, '1', '2023-06-29 13:16:15', '2023-06-29 13:16:15'),
(889, 'J', 27, 0, 1, 0, 2, 5, '1', '2023-06-29 13:16:15', '2023-06-29 13:16:15'),
(890, 'J', 28, 0, 0, 0, 2, 5, '1', '2023-06-29 13:16:15', '2023-06-29 13:16:15'),
(891, 'J', 29, 0, 0, 0, 2, 5, '1', '2023-06-29 13:16:16', '2023-06-29 13:16:16'),
(892, 'J', 30, 0, 0, 0, 2, 5, '1', '2023-06-29 13:16:16', '2023-06-29 13:16:16'),
(893, 'J', 31, 0, 0, 0, 2, 5, '1', '2023-06-29 13:16:16', '2023-06-29 13:16:16'),
(894, 'J', 32, 0, 0, 0, 2, 5, '1', '2023-06-29 13:16:16', '2023-06-29 13:16:16'),
(895, 'J', 33, 0, 0, 0, 2, 5, '1', '2023-06-29 13:16:16', '2023-06-29 13:16:16'),
(896, 'J', 34, 0, 0, 0, 2, 5, '1', '2023-06-29 13:16:16', '2023-06-29 13:16:16'),
(897, 'J', 35, 0, 0, 0, 2, 5, '1', '2023-06-29 13:16:16', '2023-06-29 13:16:16'),
(898, 'J', 36, 0, 0, 0, 2, 5, '1', '2023-06-29 13:16:16', '2023-06-29 13:16:16'),
(899, 'J', 37, 0, 0, 0, 2, 5, '1', '2023-06-29 13:16:16', '2023-06-29 13:16:16'),
(900, 'J', 38, 0, 0, 0, 2, 5, '1', '2023-06-29 13:16:16', '2023-06-29 13:16:16'),
(901, 'K', 1, 0, 0, 0, 2, 5, '1', '2023-06-29 13:16:16', '2023-06-29 13:16:16'),
(902, 'K', 2, 0, 0, 0, 2, 5, '1', '2023-06-29 13:16:16', '2023-06-29 13:16:16'),
(903, 'K', 3, 0, 0, 0, 2, 5, '1', '2023-06-29 13:16:16', '2023-06-29 13:16:16'),
(904, 'K', 4, 0, 0, 0, 2, 5, '1', '2023-06-29 13:16:16', '2023-06-29 13:16:16'),
(905, 'K', 5, 0, 0, 0, 2, 5, '1', '2023-06-29 13:16:16', '2023-06-29 13:16:16'),
(906, 'K', 6, 0, 0, 0, 2, 5, '1', '2023-06-29 13:16:16', '2023-06-29 13:16:16'),
(907, 'K', 7, 0, 0, 0, 2, 5, '1', '2023-06-29 13:16:16', '2023-06-29 13:16:16'),
(908, 'K', 8, 0, 0, 0, 2, 5, '1', '2023-06-29 13:16:16', '2023-06-29 13:16:16'),
(909, 'K', 9, 0, 0, 0, 2, 5, '1', '2023-06-29 13:16:16', '2023-06-29 13:16:16'),
(910, 'K', 10, 0, 0, 0, 2, 5, '1', '2023-06-29 13:16:16', '2023-06-29 13:16:16'),
(911, 'K', 11, 0, 1, 0, 2, 5, '1', '2023-06-29 13:16:16', '2023-06-29 13:16:16'),
(912, 'K', 12, 0, 0, 0, 2, 5, '1', '2023-06-29 13:16:16', '2023-06-29 13:16:16'),
(913, 'K', 13, 0, 0, 0, 2, 5, '1', '2023-06-29 13:16:16', '2023-06-29 13:16:16'),
(914, 'K', 14, 0, 0, 0, 2, 5, '1', '2023-06-29 13:16:16', '2023-06-29 13:16:16'),
(915, 'K', 15, 0, 0, 0, 2, 5, '1', '2023-06-29 13:16:16', '2023-06-29 13:16:16'),
(916, 'K', 16, 0, 0, 0, 2, 5, '1', '2023-06-29 13:16:16', '2023-06-29 13:16:16'),
(917, 'K', 17, 0, 0, 0, 2, 5, '1', '2023-06-29 13:16:16', '2023-06-29 13:16:16'),
(918, 'K', 18, 0, 0, 0, 2, 5, '1', '2023-06-29 13:16:16', '2023-06-29 13:16:16'),
(919, 'K', 19, 0, 0, 0, 2, 5, '1', '2023-06-29 13:16:16', '2023-06-29 13:16:16'),
(920, 'K', 20, 0, 0, 0, 2, 5, '1', '2023-06-29 13:16:16', '2023-06-29 13:16:16'),
(921, 'K', 21, 0, 0, 0, 2, 5, '1', '2023-06-29 13:16:16', '2023-06-29 13:16:16'),
(922, 'K', 22, 0, 0, 0, 2, 5, '1', '2023-06-29 13:16:16', '2023-06-29 13:16:16'),
(923, 'K', 23, 0, 0, 0, 2, 5, '1', '2023-06-29 13:16:16', '2023-06-29 13:16:16'),
(924, 'K', 24, 0, 0, 0, 2, 5, '1', '2023-06-29 13:16:16', '2023-06-29 13:16:16'),
(925, 'K', 25, 0, 0, 0, 2, 5, '1', '2023-06-29 13:16:16', '2023-06-29 13:16:16'),
(926, 'K', 26, 0, 0, 0, 2, 5, '1', '2023-06-29 13:16:16', '2023-06-29 13:16:16'),
(927, 'K', 27, 0, 1, 0, 2, 5, '1', '2023-06-29 13:16:16', '2023-06-29 13:16:16'),
(928, 'K', 28, 0, 0, 0, 2, 5, '1', '2023-06-29 13:16:16', '2023-06-29 13:16:16'),
(929, 'K', 29, 0, 0, 0, 2, 5, '1', '2023-06-29 13:16:16', '2023-06-29 13:16:16'),
(930, 'K', 30, 0, 0, 0, 2, 5, '1', '2023-06-29 13:16:16', '2023-06-29 13:16:16'),
(931, 'K', 31, 0, 0, 0, 2, 5, '1', '2023-06-29 13:16:16', '2023-06-29 13:16:16'),
(932, 'K', 32, 0, 0, 0, 2, 5, '1', '2023-06-29 13:16:16', '2023-06-29 13:16:16'),
(933, 'K', 33, 0, 0, 0, 2, 5, '1', '2023-06-29 13:16:16', '2023-06-29 13:16:16'),
(934, 'K', 34, 0, 0, 0, 2, 5, '1', '2023-06-29 13:16:16', '2023-06-29 13:16:16'),
(935, 'K', 35, 0, 0, 0, 2, 5, '1', '2023-06-29 13:16:16', '2023-06-29 13:16:16'),
(936, 'K', 36, 0, 0, 0, 2, 5, '1', '2023-06-29 13:16:16', '2023-06-29 13:16:16'),
(937, 'K', 37, 0, 0, 0, 2, 5, '1', '2023-06-29 13:16:16', '2023-06-29 13:16:16'),
(938, 'K', 38, 0, 0, 0, 2, 5, '1', '2023-06-29 13:16:16', '2023-06-29 13:16:16'),
(939, 'L', 1, 0, 0, 0, 2, 5, '1', '2023-06-29 13:16:16', '2023-06-29 13:16:16'),
(940, 'L', 2, 0, 0, 0, 2, 5, '1', '2023-06-29 13:16:16', '2023-06-29 13:16:16'),
(941, 'L', 3, 0, 0, 0, 2, 5, '1', '2023-06-29 13:16:16', '2023-06-29 13:16:16'),
(942, 'L', 4, 0, 0, 0, 2, 5, '1', '2023-06-29 13:16:16', '2023-06-29 13:16:16'),
(943, 'L', 5, 0, 0, 0, 2, 5, '1', '2023-06-29 13:16:16', '2023-06-29 13:16:16'),
(944, 'L', 6, 0, 0, 0, 2, 5, '1', '2023-06-29 13:16:16', '2023-06-29 13:16:16'),
(945, 'L', 7, 0, 0, 0, 2, 5, '1', '2023-06-29 13:16:16', '2023-06-29 13:16:16'),
(946, 'L', 8, 0, 0, 0, 2, 5, '1', '2023-06-29 13:16:16', '2023-06-29 13:16:16'),
(947, 'L', 9, 0, 0, 0, 2, 5, '1', '2023-06-29 13:16:16', '2023-06-29 13:16:16'),
(948, 'L', 10, 0, 0, 0, 2, 5, '1', '2023-06-29 13:16:16', '2023-06-29 13:16:16'),
(949, 'L', 11, 0, 1, 0, 2, 5, '1', '2023-06-29 13:16:16', '2023-06-29 13:16:16'),
(950, 'L', 12, 0, 0, 0, 2, 5, '1', '2023-06-29 13:16:16', '2023-06-29 13:16:16'),
(951, 'L', 13, 0, 0, 0, 2, 5, '1', '2023-06-29 13:16:16', '2023-06-29 13:16:16'),
(952, 'L', 14, 0, 0, 0, 2, 5, '1', '2023-06-29 13:16:16', '2023-06-29 13:16:16'),
(953, 'L', 15, 0, 0, 0, 2, 5, '1', '2023-06-29 13:16:16', '2023-06-29 13:16:16'),
(954, 'L', 16, 0, 0, 0, 2, 5, '1', '2023-06-29 13:16:16', '2023-06-29 13:16:16'),
(955, 'L', 17, 0, 0, 0, 2, 5, '1', '2023-06-29 13:16:16', '2023-06-29 13:16:16'),
(956, 'L', 18, 0, 0, 0, 2, 5, '1', '2023-06-29 13:16:16', '2023-06-29 13:16:16'),
(957, 'L', 19, 0, 0, 0, 2, 5, '1', '2023-06-29 13:16:16', '2023-06-29 13:16:16'),
(958, 'L', 20, 0, 0, 0, 2, 5, '1', '2023-06-29 13:16:16', '2023-06-29 13:16:16'),
(959, 'L', 21, 0, 0, 0, 2, 5, '1', '2023-06-29 13:16:16', '2023-06-29 13:16:16'),
(960, 'L', 22, 0, 0, 0, 2, 5, '1', '2023-06-29 13:16:16', '2023-06-29 13:16:16'),
(961, 'L', 23, 0, 0, 0, 2, 5, '1', '2023-06-29 13:16:16', '2023-06-29 13:16:16'),
(962, 'L', 24, 0, 0, 0, 2, 5, '1', '2023-06-29 13:16:16', '2023-06-29 13:16:16'),
(963, 'L', 25, 0, 0, 0, 2, 5, '1', '2023-06-29 13:16:16', '2023-06-29 13:16:16'),
(964, 'L', 26, 0, 0, 0, 2, 5, '1', '2023-06-29 13:16:16', '2023-06-29 13:16:16'),
(965, 'L', 27, 0, 1, 0, 2, 5, '1', '2023-06-29 13:16:16', '2023-06-29 13:16:16'),
(966, 'L', 28, 0, 0, 0, 2, 5, '1', '2023-06-29 13:16:16', '2023-06-29 13:16:16'),
(967, 'L', 29, 0, 0, 0, 2, 5, '1', '2023-06-29 13:16:16', '2023-06-29 13:16:16'),
(968, 'L', 30, 0, 0, 0, 2, 5, '1', '2023-06-29 13:16:16', '2023-06-29 13:16:16'),
(969, 'L', 31, 0, 0, 0, 2, 5, '1', '2023-06-29 13:16:16', '2023-06-29 13:16:16'),
(970, 'L', 32, 0, 0, 0, 2, 5, '1', '2023-06-29 13:16:16', '2023-06-29 13:16:16'),
(971, 'L', 33, 0, 0, 0, 2, 5, '1', '2023-06-29 13:16:16', '2023-06-29 13:16:16'),
(972, 'L', 34, 0, 0, 0, 2, 5, '1', '2023-06-29 13:16:16', '2023-06-29 13:16:16'),
(973, 'L', 35, 0, 0, 0, 2, 5, '1', '2023-06-29 13:16:16', '2023-06-29 13:16:16'),
(974, 'L', 36, 0, 0, 0, 2, 5, '1', '2023-06-29 13:16:16', '2023-06-29 13:16:16'),
(975, 'L', 37, 0, 0, 0, 2, 5, '1', '2023-06-29 13:16:16', '2023-06-29 13:16:16'),
(976, 'L', 38, 0, 0, 0, 2, 5, '1', '2023-06-29 13:16:16', '2023-06-29 13:16:16'),
(977, 'M', 1, 0, 0, 0, 2, 5, '1', '2023-06-29 13:16:16', '2023-06-29 13:16:16'),
(978, 'M', 2, 0, 0, 0, 2, 5, '1', '2023-06-29 13:16:16', '2023-06-29 13:16:16'),
(979, 'M', 3, 0, 0, 0, 2, 5, '1', '2023-06-29 13:16:16', '2023-06-29 13:16:16'),
(980, 'M', 4, 0, 0, 0, 2, 5, '1', '2023-06-29 13:16:16', '2023-06-29 13:16:16'),
(981, 'M', 5, 0, 0, 0, 2, 5, '1', '2023-06-29 13:16:16', '2023-06-29 13:16:16'),
(982, 'M', 6, 0, 0, 0, 2, 5, '1', '2023-06-29 13:16:16', '2023-06-29 13:16:16'),
(983, 'M', 7, 0, 0, 0, 2, 5, '1', '2023-06-29 13:16:16', '2023-06-29 13:16:16'),
(984, 'M', 8, 0, 0, 0, 2, 5, '1', '2023-06-29 13:16:16', '2023-06-29 13:16:16'),
(985, 'M', 9, 0, 0, 0, 2, 5, '1', '2023-06-29 13:16:16', '2023-06-29 13:16:16'),
(986, 'M', 10, 0, 0, 0, 2, 5, '1', '2023-06-29 13:16:16', '2023-06-29 13:16:16'),
(987, 'M', 11, 0, 1, 0, 2, 5, '1', '2023-06-29 13:16:16', '2023-06-29 13:16:16'),
(988, 'M', 12, 0, 0, 0, 2, 5, '1', '2023-06-29 13:16:16', '2023-06-29 13:16:16'),
(989, 'M', 13, 0, 0, 0, 2, 5, '1', '2023-06-29 13:16:16', '2023-06-29 13:16:16'),
(990, 'M', 14, 0, 0, 0, 2, 5, '1', '2023-06-29 13:16:16', '2023-06-29 13:16:16'),
(991, 'M', 15, 0, 0, 0, 2, 5, '1', '2023-06-29 13:16:16', '2023-06-29 13:16:16'),
(992, 'M', 16, 0, 0, 0, 2, 5, '1', '2023-06-29 13:16:16', '2023-06-29 13:16:16'),
(993, 'M', 17, 0, 0, 0, 2, 5, '1', '2023-06-29 13:16:16', '2023-06-29 13:16:16'),
(994, 'M', 18, 0, 0, 0, 2, 5, '1', '2023-06-29 13:16:16', '2023-06-29 13:16:16'),
(995, 'M', 19, 0, 0, 0, 2, 5, '1', '2023-06-29 13:16:16', '2023-06-29 13:16:16'),
(996, 'M', 20, 0, 0, 0, 2, 5, '1', '2023-06-29 13:16:16', '2023-06-29 13:16:16'),
(997, 'M', 21, 0, 0, 0, 2, 5, '1', '2023-06-29 13:16:16', '2023-06-29 13:16:16'),
(998, 'M', 22, 0, 0, 0, 2, 5, '1', '2023-06-29 13:16:16', '2023-06-29 13:16:16'),
(999, 'M', 23, 0, 0, 0, 2, 5, '1', '2023-06-29 13:16:16', '2023-06-29 13:16:16'),
(1000, 'M', 24, 0, 0, 0, 2, 5, '1', '2023-06-29 13:16:16', '2023-06-29 13:16:16'),
(1001, 'M', 25, 0, 0, 0, 2, 5, '1', '2023-06-29 13:16:16', '2023-06-29 13:16:16'),
(1002, 'M', 26, 0, 0, 0, 2, 5, '1', '2023-06-29 13:16:16', '2023-06-29 13:16:16'),
(1003, 'M', 27, 0, 1, 0, 2, 5, '1', '2023-06-29 13:16:16', '2023-06-29 13:16:16'),
(1004, 'M', 28, 0, 0, 0, 2, 5, '1', '2023-06-29 13:16:16', '2023-06-29 13:16:16'),
(1005, 'M', 29, 0, 0, 0, 2, 5, '1', '2023-06-29 13:16:16', '2023-06-29 13:16:16'),
(1006, 'M', 30, 0, 0, 0, 2, 5, '1', '2023-06-29 13:16:16', '2023-06-29 13:16:16'),
(1007, 'M', 31, 0, 0, 0, 2, 5, '1', '2023-06-29 13:16:16', '2023-06-29 13:16:16'),
(1008, 'M', 32, 0, 0, 0, 2, 5, '1', '2023-06-29 13:16:16', '2023-06-29 13:16:16'),
(1009, 'M', 33, 0, 0, 0, 2, 5, '1', '2023-06-29 13:16:16', '2023-06-29 13:16:16'),
(1010, 'M', 34, 0, 0, 0, 2, 5, '1', '2023-06-29 13:16:16', '2023-06-29 13:16:16'),
(1011, 'M', 35, 0, 0, 0, 2, 5, '1', '2023-06-29 13:16:16', '2023-06-29 13:16:16'),
(1012, 'M', 36, 0, 0, 0, 2, 5, '1', '2023-06-29 13:16:16', '2023-06-29 13:16:16'),
(1013, 'M', 37, 0, 0, 0, 2, 5, '1', '2023-06-29 13:16:16', '2023-06-29 13:16:16'),
(1014, 'M', 38, 0, 0, 0, 2, 5, '1', '2023-06-29 13:16:16', '2023-06-29 13:16:16'),
(1015, 'N', 1, 0, 0, 0, 2, 5, '1', '2023-06-29 13:16:16', '2023-06-29 13:16:16'),
(1016, 'N', 2, 0, 0, 0, 2, 5, '1', '2023-06-29 13:16:16', '2023-06-29 13:16:16'),
(1017, 'N', 3, 0, 0, 0, 2, 5, '1', '2023-06-29 13:16:16', '2023-06-29 13:16:16'),
(1018, 'N', 4, 0, 0, 0, 2, 5, '1', '2023-06-29 13:16:16', '2023-06-29 13:16:16'),
(1019, 'N', 5, 0, 0, 0, 2, 5, '1', '2023-06-29 13:16:16', '2023-06-29 13:16:16'),
(1020, 'N', 6, 0, 0, 0, 2, 5, '1', '2023-06-29 13:16:16', '2023-06-29 13:16:16'),
(1021, 'N', 7, 0, 0, 0, 2, 5, '1', '2023-06-29 13:16:16', '2023-06-29 13:16:16'),
(1022, 'N', 8, 0, 0, 0, 2, 5, '1', '2023-06-29 13:16:16', '2023-06-29 13:16:16'),
(1023, 'N', 9, 0, 0, 0, 2, 5, '1', '2023-06-29 13:16:16', '2023-06-29 13:16:16'),
(1024, 'N', 10, 0, 0, 0, 2, 5, '1', '2023-06-29 13:16:16', '2023-06-29 13:16:16'),
(1025, 'N', 11, 0, 1, 0, 2, 5, '1', '2023-06-29 13:16:16', '2023-06-29 13:16:16'),
(1026, 'N', 12, 0, 0, 0, 2, 5, '1', '2023-06-29 13:16:16', '2023-06-29 13:16:16'),
(1027, 'N', 13, 0, 0, 0, 2, 5, '1', '2023-06-29 13:16:16', '2023-06-29 13:16:16'),
(1028, 'N', 14, 0, 0, 0, 2, 5, '1', '2023-06-29 13:16:16', '2023-06-29 13:16:16'),
(1029, 'N', 15, 0, 0, 0, 2, 5, '1', '2023-06-29 13:16:16', '2023-06-29 13:16:16'),
(1030, 'N', 16, 0, 0, 0, 2, 5, '1', '2023-06-29 13:16:16', '2023-06-29 13:16:16'),
(1031, 'N', 17, 0, 0, 0, 2, 5, '1', '2023-06-29 13:16:16', '2023-06-29 13:16:16'),
(1032, 'N', 18, 0, 0, 0, 2, 5, '1', '2023-06-29 13:16:16', '2023-06-29 13:16:16'),
(1033, 'N', 19, 0, 0, 0, 2, 5, '1', '2023-06-29 13:16:16', '2023-06-29 13:16:16'),
(1034, 'N', 20, 0, 0, 0, 2, 5, '1', '2023-06-29 13:16:16', '2023-06-29 13:16:16'),
(1035, 'N', 21, 0, 0, 0, 2, 5, '1', '2023-06-29 13:16:16', '2023-06-29 13:16:16'),
(1036, 'N', 22, 0, 0, 0, 2, 5, '1', '2023-06-29 13:16:16', '2023-06-29 13:16:16'),
(1037, 'N', 23, 0, 0, 0, 2, 5, '1', '2023-06-29 13:16:16', '2023-06-29 13:16:16'),
(1038, 'N', 24, 0, 0, 0, 2, 5, '1', '2023-06-29 13:16:16', '2023-06-29 13:16:16'),
(1039, 'N', 25, 0, 0, 0, 2, 5, '1', '2023-06-29 13:16:16', '2023-06-29 13:16:16'),
(1040, 'N', 26, 0, 0, 0, 2, 5, '1', '2023-06-29 13:16:16', '2023-06-29 13:16:16'),
(1041, 'N', 27, 0, 1, 0, 2, 5, '1', '2023-06-29 13:16:16', '2023-06-29 13:16:16'),
(1042, 'N', 28, 0, 0, 0, 2, 5, '1', '2023-06-29 13:16:16', '2023-06-29 13:16:16'),
(1043, 'N', 29, 0, 0, 0, 2, 5, '1', '2023-06-29 13:16:16', '2023-06-29 13:16:16'),
(1044, 'N', 30, 0, 0, 0, 2, 5, '1', '2023-06-29 13:16:16', '2023-06-29 13:16:16'),
(1045, 'N', 31, 0, 0, 0, 2, 5, '1', '2023-06-29 13:16:16', '2023-06-29 13:16:16'),
(1046, 'N', 32, 0, 0, 0, 2, 5, '1', '2023-06-29 13:16:16', '2023-06-29 13:16:16'),
(1047, 'N', 33, 0, 0, 0, 2, 5, '1', '2023-06-29 13:16:16', '2023-06-29 13:16:16'),
(1048, 'N', 34, 0, 0, 0, 2, 5, '1', '2023-06-29 13:16:16', '2023-06-29 13:16:16'),
(1049, 'N', 35, 0, 0, 0, 2, 5, '1', '2023-06-29 13:16:16', '2023-06-29 13:16:16'),
(1050, 'N', 36, 0, 0, 0, 2, 5, '1', '2023-06-29 13:16:16', '2023-06-29 13:16:16'),
(1051, 'N', 37, 0, 0, 0, 2, 5, '1', '2023-06-29 13:16:16', '2023-06-29 13:16:16'),
(1052, 'N', 38, 0, 0, 0, 2, 5, '1', '2023-06-29 13:16:16', '2023-06-29 13:16:16'),
(1053, 'O', 1, 0, 0, 0, 2, 5, '1', '2023-06-29 13:16:16', '2023-06-29 13:16:16'),
(1054, 'O', 2, 0, 0, 0, 2, 5, '1', '2023-06-29 13:16:16', '2023-06-29 13:16:16'),
(1055, 'O', 3, 0, 0, 0, 2, 5, '1', '2023-06-29 13:16:16', '2023-06-29 13:16:16'),
(1056, 'O', 4, 0, 0, 0, 2, 5, '1', '2023-06-29 13:16:16', '2023-06-29 13:16:16'),
(1057, 'O', 5, 0, 0, 0, 2, 5, '1', '2023-06-29 13:16:16', '2023-06-29 13:16:16'),
(1058, 'O', 6, 0, 0, 0, 2, 5, '1', '2023-06-29 13:16:16', '2023-06-29 13:16:16'),
(1059, 'O', 7, 0, 0, 0, 2, 5, '1', '2023-06-29 13:16:16', '2023-06-29 13:16:16'),
(1060, 'O', 8, 0, 0, 0, 2, 5, '1', '2023-06-29 13:16:16', '2023-06-29 13:16:16'),
(1061, 'O', 9, 0, 0, 0, 2, 5, '1', '2023-06-29 13:16:16', '2023-06-29 13:16:16'),
(1062, 'O', 10, 0, 0, 0, 2, 5, '1', '2023-06-29 13:16:16', '2023-06-29 13:16:16'),
(1063, 'O', 11, 0, 1, 0, 2, 5, '1', '2023-06-29 13:16:16', '2023-06-29 13:16:16'),
(1064, 'O', 12, 0, 0, 0, 2, 5, '1', '2023-06-29 13:16:16', '2023-06-29 13:16:16'),
(1065, 'O', 13, 0, 0, 0, 2, 5, '1', '2023-06-29 13:16:16', '2023-06-29 13:16:16'),
(1066, 'O', 14, 0, 0, 0, 2, 5, '1', '2023-06-29 13:16:16', '2023-06-29 13:16:16'),
(1067, 'O', 15, 0, 0, 0, 2, 5, '1', '2023-06-29 13:16:16', '2023-06-29 13:16:16'),
(1068, 'O', 16, 0, 0, 0, 2, 5, '1', '2023-06-29 13:16:16', '2023-06-29 13:16:16'),
(1069, 'O', 17, 0, 0, 0, 2, 5, '1', '2023-06-29 13:16:16', '2023-06-29 13:16:16'),
(1070, 'O', 18, 0, 0, 0, 2, 5, '1', '2023-06-29 13:16:16', '2023-06-29 13:16:16'),
(1071, 'O', 19, 0, 0, 0, 2, 5, '1', '2023-06-29 13:16:16', '2023-06-29 13:16:16'),
(1072, 'O', 20, 0, 0, 0, 2, 5, '1', '2023-06-29 13:16:16', '2023-06-29 13:16:16'),
(1073, 'O', 21, 0, 0, 0, 2, 5, '1', '2023-06-29 13:16:16', '2023-06-29 13:16:16'),
(1074, 'O', 22, 0, 0, 0, 2, 5, '1', '2023-06-29 13:16:16', '2023-06-29 13:16:16'),
(1075, 'O', 23, 0, 0, 0, 2, 5, '1', '2023-06-29 13:16:16', '2023-06-29 13:16:16'),
(1076, 'O', 24, 0, 0, 0, 2, 5, '1', '2023-06-29 13:16:16', '2023-06-29 13:16:16'),
(1077, 'O', 25, 0, 0, 0, 2, 5, '1', '2023-06-29 13:16:16', '2023-06-29 13:16:16'),
(1078, 'O', 26, 0, 0, 0, 2, 5, '1', '2023-06-29 13:16:16', '2023-06-29 13:16:16'),
(1079, 'O', 27, 0, 1, 0, 2, 5, '1', '2023-06-29 13:16:16', '2023-06-29 13:16:16'),
(1080, 'O', 28, 0, 0, 0, 2, 5, '1', '2023-06-29 13:16:16', '2023-06-29 13:16:16'),
(1081, 'O', 29, 0, 0, 0, 2, 5, '1', '2023-06-29 13:16:16', '2023-06-29 13:16:16'),
(1082, 'O', 30, 0, 0, 0, 2, 5, '1', '2023-06-29 13:16:16', '2023-06-29 13:16:16'),
(1083, 'O', 31, 0, 0, 0, 2, 5, '1', '2023-06-29 13:16:16', '2023-06-29 13:16:16'),
(1084, 'O', 32, 0, 0, 0, 2, 5, '1', '2023-06-29 13:16:16', '2023-06-29 13:16:16'),
(1085, 'O', 33, 0, 0, 0, 2, 5, '1', '2023-06-29 13:16:16', '2023-06-29 13:16:16'),
(1086, 'O', 34, 0, 0, 0, 2, 5, '1', '2023-06-29 13:16:16', '2023-06-29 13:16:16'),
(1087, 'O', 35, 0, 0, 0, 2, 5, '1', '2023-06-29 13:16:16', '2023-06-29 13:16:16'),
(1088, 'O', 36, 0, 0, 0, 2, 5, '1', '2023-06-29 13:16:16', '2023-06-29 13:16:16'),
(1089, 'O', 37, 0, 0, 0, 2, 5, '1', '2023-06-29 13:16:16', '2023-06-29 13:16:16'),
(1090, 'O', 38, 0, 0, 0, 2, 5, '1', '2023-06-29 13:16:16', '2023-06-29 13:16:16'),
(1091, 'P', 1, 0, 0, 0, 2, 5, '1', '2023-06-29 13:16:16', '2023-06-29 13:16:16'),
(1092, 'P', 2, 0, 0, 0, 2, 5, '1', '2023-06-29 13:16:16', '2023-06-29 13:16:16'),
(1093, 'P', 3, 0, 0, 0, 2, 5, '1', '2023-06-29 13:16:16', '2023-06-29 13:16:16'),
(1094, 'P', 4, 0, 0, 0, 2, 5, '1', '2023-06-29 13:16:16', '2023-06-29 13:16:16'),
(1095, 'P', 5, 0, 0, 0, 2, 5, '1', '2023-06-29 13:16:16', '2023-06-29 13:16:16'),
(1096, 'P', 6, 0, 0, 0, 2, 5, '1', '2023-06-29 13:16:16', '2023-06-29 13:16:16'),
(1097, 'P', 7, 0, 0, 0, 2, 5, '1', '2023-06-29 13:16:16', '2023-06-29 13:16:16'),
(1098, 'P', 8, 0, 0, 0, 2, 5, '1', '2023-06-29 13:16:16', '2023-06-29 13:16:16'),
(1099, 'P', 9, 0, 0, 0, 2, 5, '1', '2023-06-29 13:16:16', '2023-06-29 13:16:16'),
(1100, 'P', 10, 0, 0, 0, 2, 5, '1', '2023-06-29 13:16:16', '2023-06-29 13:16:16'),
(1101, 'P', 11, 0, 0, 0, 2, 5, '1', '2023-06-29 13:16:16', '2023-06-29 13:16:16'),
(1102, 'P', 12, 0, 0, 0, 2, 5, '1', '2023-06-29 13:16:16', '2023-06-29 13:16:16'),
(1103, 'P', 13, 0, 0, 0, 2, 5, '1', '2023-06-29 13:16:16', '2023-06-29 13:16:16'),
(1104, 'P', 14, 0, 0, 0, 2, 5, '1', '2023-06-29 13:16:16', '2023-06-29 13:16:16'),
(1105, 'P', 15, 0, 0, 0, 2, 5, '1', '2023-06-29 13:16:16', '2023-06-29 13:16:16'),
(1106, 'P', 16, 0, 0, 0, 2, 5, '1', '2023-06-29 13:16:16', '2023-06-29 13:16:16'),
(1107, 'P', 17, 0, 0, 0, 2, 5, '1', '2023-06-29 13:16:16', '2023-06-29 13:16:16'),
(1108, 'P', 18, 0, 0, 0, 2, 5, '1', '2023-06-29 13:16:16', '2023-06-29 13:16:16'),
(1109, 'P', 19, 0, 0, 0, 2, 5, '1', '2023-06-29 13:16:16', '2023-06-29 13:16:16'),
(1110, 'P', 20, 0, 0, 0, 2, 5, '1', '2023-06-29 13:16:16', '2023-06-29 13:16:16'),
(1111, 'P', 21, 0, 0, 0, 2, 5, '1', '2023-06-29 13:16:16', '2023-06-29 13:16:16'),
(1112, 'P', 22, 0, 0, 0, 2, 5, '1', '2023-06-29 13:16:16', '2023-06-29 13:16:16'),
(1113, 'P', 23, 0, 0, 0, 2, 5, '1', '2023-06-29 13:16:16', '2023-06-29 13:16:16'),
(1114, 'P', 24, 0, 0, 0, 2, 5, '1', '2023-06-29 13:16:16', '2023-06-29 13:16:16'),
(1115, 'P', 25, 0, 0, 0, 2, 5, '1', '2023-06-29 13:16:16', '2023-06-29 13:16:16'),
(1116, 'P', 26, 0, 0, 0, 2, 5, '1', '2023-06-29 13:16:16', '2023-06-29 13:16:16'),
(1117, 'P', 27, 0, 0, 0, 2, 5, '1', '2023-06-29 13:16:16', '2023-06-29 13:16:16'),
(1118, 'P', 28, 0, 0, 0, 2, 5, '1', '2023-06-29 13:16:16', '2023-06-29 13:16:16'),
(1119, 'P', 29, 0, 0, 0, 2, 5, '1', '2023-06-29 13:16:17', '2023-06-29 13:16:17'),
(1120, 'P', 30, 0, 0, 0, 2, 5, '1', '2023-06-29 13:16:17', '2023-06-29 13:16:17'),
(1121, 'P', 31, 0, 0, 0, 2, 5, '1', '2023-06-29 13:16:17', '2023-06-29 13:16:17'),
(1122, 'P', 32, 0, 0, 0, 2, 5, '1', '2023-06-29 13:16:17', '2023-06-29 13:16:17'),
(1123, 'P', 33, 0, 0, 0, 2, 5, '1', '2023-06-29 13:16:17', '2023-06-29 13:16:17'),
(1124, 'P', 34, 0, 0, 0, 2, 5, '1', '2023-06-29 13:16:17', '2023-06-29 13:16:17'),
(1125, 'P', 35, 0, 0, 0, 2, 5, '1', '2023-06-29 13:16:17', '2023-06-29 13:16:17'),
(1126, 'P', 36, 0, 0, 0, 2, 5, '1', '2023-06-29 13:16:17', '2023-06-29 13:16:17'),
(1127, 'A', 1, 0, 0, 1, 2, 12, '1', '2023-07-06 10:22:24', '2023-07-06 10:22:52'),
(1128, 'A', 2, 0, 0, 1, 2, 12, '1', '2023-07-06 10:22:24', '2023-07-06 10:22:52'),
(1129, 'A', 3, 0, 0, 1, 2, 12, '1', '2023-07-06 10:22:24', '2023-07-06 10:22:52'),
(1130, 'A', 4, 0, 0, 1, 2, 12, '1', '2023-07-06 10:22:24', '2023-07-06 10:22:52'),
(1131, 'A', 5, 0, 0, 1, 2, 12, '1', '2023-07-06 10:22:24', '2023-07-06 10:22:52'),
(1132, 'A', 6, 0, 0, 1, 2, 12, '1', '2023-07-06 10:22:24', '2023-07-06 10:22:52'),
(1133, 'A', 7, 0, 0, 1, 2, 12, '1', '2023-07-06 10:22:24', '2023-07-06 10:22:52'),
(1134, 'A', 8, 0, 0, 1, 2, 12, '1', '2023-07-06 10:22:24', '2023-07-06 10:22:52'),
(1135, 'A', 9, 0, 0, 1, 2, 12, '1', '2023-07-06 10:22:24', '2023-07-06 10:22:52'),
(1136, 'A', 10, 0, 0, 1, 2, 12, '1', '2023-07-06 10:22:24', '2023-07-06 10:22:52'),
(1137, 'A', 11, 0, 0, 1, 2, 12, '1', '2023-07-06 10:22:24', '2023-07-06 10:22:52'),
(1138, 'A', 12, 0, 0, 1, 2, 12, '1', '2023-07-06 10:22:24', '2023-07-06 10:22:52'),
(1139, 'B', 1, 0, 0, 0, 2, 12, '1', '2023-07-06 10:22:24', '2023-07-06 10:22:24'),
(1140, 'B', 2, 0, 0, 0, 2, 12, '1', '2023-07-06 10:22:24', '2023-07-06 10:22:24'),
(1141, 'B', 3, 0, 0, 0, 2, 12, '1', '2023-07-06 10:22:25', '2023-07-06 10:22:25'),
(1142, 'B', 4, 0, 0, 0, 2, 12, '1', '2023-07-06 10:22:25', '2023-07-06 10:22:25'),
(1143, 'B', 5, 0, 0, 0, 2, 12, '1', '2023-07-06 10:22:25', '2023-07-06 10:22:25'),
(1144, 'B', 6, 0, 0, 0, 2, 12, '1', '2023-07-06 10:22:25', '2023-07-06 10:22:25'),
(1145, 'B', 7, 0, 0, 0, 2, 12, '1', '2023-07-06 10:22:25', '2023-07-06 10:22:25'),
(1146, 'B', 8, 0, 0, 0, 2, 12, '1', '2023-07-06 10:22:25', '2023-07-06 10:22:25'),
(1147, 'B', 9, 0, 0, 0, 2, 12, '1', '2023-07-06 10:22:25', '2023-07-06 10:22:25'),
(1148, 'B', 10, 0, 0, 0, 2, 12, '1', '2023-07-06 10:22:25', '2023-07-06 10:22:25'),
(1149, 'B', 11, 0, 0, 0, 2, 12, '1', '2023-07-06 10:22:25', '2023-07-06 10:22:25'),
(1150, 'B', 12, 0, 0, 0, 2, 12, '1', '2023-07-06 10:22:25', '2023-07-06 10:22:25'),
(1151, 'C', 1, 0, 0, 0, 2, 12, '1', '2023-07-06 10:22:25', '2023-07-06 10:22:25'),
(1152, 'C', 2, 0, 0, 0, 2, 12, '1', '2023-07-06 10:22:25', '2023-07-06 10:22:25'),
(1153, 'C', 3, 0, 0, 0, 2, 12, '1', '2023-07-06 10:22:25', '2023-07-06 10:22:25'),
(1154, 'C', 4, 0, 0, 0, 2, 12, '1', '2023-07-06 10:22:25', '2023-07-06 10:22:25'),
(1155, 'C', 5, 0, 0, 0, 2, 12, '1', '2023-07-06 10:22:25', '2023-07-06 10:22:25'),
(1156, 'C', 6, 0, 0, 0, 2, 12, '1', '2023-07-06 10:22:25', '2023-07-06 10:22:25'),
(1157, 'C', 7, 0, 0, 0, 2, 12, '1', '2023-07-06 10:22:25', '2023-07-06 10:22:25'),
(1158, 'C', 8, 0, 0, 0, 2, 12, '1', '2023-07-06 10:22:25', '2023-07-06 10:22:25'),
(1159, 'C', 9, 0, 0, 0, 2, 12, '1', '2023-07-06 10:22:25', '2023-07-06 10:22:25'),
(1160, 'C', 10, 0, 0, 0, 2, 12, '1', '2023-07-06 10:22:25', '2023-07-06 10:22:25'),
(1161, 'C', 11, 0, 0, 0, 2, 12, '1', '2023-07-06 10:22:25', '2023-07-06 10:22:25'),
(1162, 'C', 12, 0, 0, 0, 2, 12, '1', '2023-07-06 10:22:25', '2023-07-06 10:22:25'),
(1163, 'D', 1, 0, 0, 0, 2, 12, '1', '2023-07-06 10:22:25', '2023-07-06 10:22:25'),
(1164, 'D', 2, 0, 0, 0, 2, 12, '1', '2023-07-06 10:22:25', '2023-07-06 10:22:25'),
(1165, 'D', 3, 0, 0, 0, 2, 12, '1', '2023-07-06 10:22:25', '2023-07-06 10:22:25'),
(1166, 'D', 4, 0, 0, 0, 2, 12, '1', '2023-07-06 10:22:25', '2023-07-06 10:22:25'),
(1167, 'D', 5, 0, 0, 0, 2, 12, '1', '2023-07-06 10:22:25', '2023-07-06 10:22:25'),
(1168, 'D', 6, 0, 0, 0, 2, 12, '1', '2023-07-06 10:22:25', '2023-07-06 10:22:25'),
(1169, 'D', 7, 0, 0, 0, 2, 12, '1', '2023-07-06 10:22:25', '2023-07-06 10:22:25'),
(1170, 'D', 8, 0, 0, 0, 2, 12, '1', '2023-07-06 10:22:25', '2023-07-06 10:22:25'),
(1171, 'D', 9, 0, 0, 0, 2, 12, '1', '2023-07-06 10:22:25', '2023-07-06 10:22:25'),
(1172, 'D', 10, 0, 0, 0, 2, 12, '1', '2023-07-06 10:22:25', '2023-07-06 10:22:25'),
(1173, 'D', 11, 0, 0, 0, 2, 12, '1', '2023-07-06 10:22:25', '2023-07-06 10:22:25'),
(1174, 'D', 12, 0, 0, 0, 2, 12, '1', '2023-07-06 10:22:25', '2023-07-06 10:22:25'),
(1175, 'E', 1, 0, 0, 0, 2, 12, '1', '2023-07-06 10:22:25', '2023-07-06 10:22:25'),
(1176, 'E', 2, 0, 0, 0, 2, 12, '1', '2023-07-06 10:22:25', '2023-07-06 10:22:25'),
(1177, 'E', 3, 0, 0, 0, 2, 12, '1', '2023-07-06 10:22:25', '2023-07-06 10:22:25'),
(1178, 'E', 4, 0, 0, 0, 2, 12, '1', '2023-07-06 10:22:25', '2023-07-06 10:22:25'),
(1179, 'E', 5, 0, 0, 0, 2, 12, '1', '2023-07-06 10:22:25', '2023-07-06 10:22:25'),
(1180, 'E', 6, 0, 0, 0, 2, 12, '1', '2023-07-06 10:22:25', '2023-07-06 10:22:25'),
(1181, 'E', 7, 0, 0, 0, 2, 12, '1', '2023-07-06 10:22:25', '2023-07-06 10:22:25'),
(1182, 'E', 8, 0, 0, 0, 2, 12, '1', '2023-07-06 10:22:25', '2023-07-06 10:22:25'),
(1183, 'E', 9, 0, 0, 0, 2, 12, '1', '2023-07-06 10:22:25', '2023-07-06 10:22:25'),
(1184, 'E', 10, 0, 0, 0, 2, 12, '1', '2023-07-06 10:22:25', '2023-07-06 10:22:25'),
(1185, 'E', 11, 0, 0, 0, 2, 12, '1', '2023-07-06 10:22:25', '2023-07-06 10:22:25'),
(1186, 'E', 12, 0, 0, 0, 2, 12, '1', '2023-07-06 10:22:25', '2023-07-06 10:22:25'),
(1187, 'F', 1, 0, 0, 0, 2, 12, '1', '2023-07-06 10:22:25', '2023-07-06 10:22:25'),
(1188, 'F', 2, 0, 0, 0, 2, 12, '1', '2023-07-06 10:22:25', '2023-07-06 10:22:25'),
(1189, 'F', 3, 0, 0, 0, 2, 12, '1', '2023-07-06 10:22:25', '2023-07-06 10:22:25'),
(1190, 'F', 4, 0, 0, 0, 2, 12, '1', '2023-07-06 10:22:25', '2023-07-06 10:22:25'),
(1191, 'F', 5, 0, 0, 0, 2, 12, '1', '2023-07-06 10:22:25', '2023-07-06 10:22:25'),
(1192, 'F', 6, 0, 0, 0, 2, 12, '1', '2023-07-06 10:22:25', '2023-07-06 10:22:25'),
(1193, 'F', 7, 0, 0, 0, 2, 12, '1', '2023-07-06 10:22:25', '2023-07-06 10:22:25'),
(1194, 'F', 8, 0, 0, 0, 2, 12, '1', '2023-07-06 10:22:25', '2023-07-06 10:22:25'),
(1195, 'F', 9, 0, 0, 0, 2, 12, '1', '2023-07-06 10:22:25', '2023-07-06 10:22:25'),
(1196, 'F', 10, 0, 0, 0, 2, 12, '1', '2023-07-06 10:22:25', '2023-07-06 10:22:25'),
(1197, 'F', 11, 0, 0, 0, 2, 12, '1', '2023-07-06 10:22:25', '2023-07-06 10:22:25'),
(1198, 'F', 12, 0, 0, 0, 2, 12, '1', '2023-07-06 10:22:25', '2023-07-06 10:22:25'),
(1199, 'G', 1, 0, 0, 0, 2, 12, '1', '2023-07-06 10:22:25', '2023-07-06 10:22:25'),
(1200, 'G', 2, 0, 0, 0, 2, 12, '1', '2023-07-06 10:22:25', '2023-07-06 10:22:25'),
(1201, 'G', 3, 0, 0, 0, 2, 12, '1', '2023-07-06 10:22:25', '2023-07-06 10:22:25'),
(1202, 'G', 4, 0, 0, 0, 2, 12, '1', '2023-07-06 10:22:25', '2023-07-06 10:22:25'),
(1203, 'G', 5, 0, 0, 0, 2, 12, '1', '2023-07-06 10:22:25', '2023-07-06 10:22:25'),
(1204, 'G', 6, 0, 0, 0, 2, 12, '1', '2023-07-06 10:22:25', '2023-07-06 10:22:25'),
(1205, 'G', 7, 0, 0, 0, 2, 12, '1', '2023-07-06 10:22:25', '2023-07-06 10:22:25'),
(1206, 'G', 8, 0, 0, 0, 2, 12, '1', '2023-07-06 10:22:25', '2023-07-06 10:22:25'),
(1207, 'G', 9, 0, 0, 0, 2, 12, '1', '2023-07-06 10:22:25', '2023-07-06 10:22:25'),
(1208, 'G', 10, 0, 0, 0, 2, 12, '1', '2023-07-06 10:22:25', '2023-07-06 10:22:25'),
(1209, 'G', 11, 0, 0, 0, 2, 12, '1', '2023-07-06 10:22:25', '2023-07-06 10:22:25'),
(1210, 'G', 12, 0, 0, 0, 2, 12, '1', '2023-07-06 10:22:25', '2023-07-06 10:22:25'),
(1211, 'H', 1, 0, 0, 0, 2, 12, '1', '2023-07-06 10:22:25', '2023-07-06 10:22:25'),
(1212, 'H', 2, 0, 0, 0, 2, 12, '1', '2023-07-06 10:22:25', '2023-07-06 10:22:25'),
(1213, 'H', 3, 0, 0, 0, 2, 12, '1', '2023-07-06 10:22:25', '2023-07-06 10:22:25'),
(1214, 'H', 4, 0, 0, 0, 2, 12, '1', '2023-07-06 10:22:25', '2023-07-06 10:22:25'),
(1215, 'H', 5, 0, 0, 0, 2, 12, '1', '2023-07-06 10:22:25', '2023-07-06 10:22:25'),
(1216, 'H', 6, 0, 0, 0, 2, 12, '1', '2023-07-06 10:22:25', '2023-07-06 10:22:25'),
(1217, 'H', 7, 0, 0, 0, 2, 12, '1', '2023-07-06 10:22:25', '2023-07-06 10:22:25'),
(1218, 'H', 8, 0, 0, 0, 2, 12, '1', '2023-07-06 10:22:25', '2023-07-06 10:22:25'),
(1219, 'H', 9, 0, 0, 0, 2, 12, '1', '2023-07-06 10:22:25', '2023-07-06 10:22:25'),
(1220, 'H', 10, 0, 0, 0, 2, 12, '1', '2023-07-06 10:22:25', '2023-07-06 10:22:25'),
(1221, 'H', 11, 0, 0, 0, 2, 12, '1', '2023-07-06 10:22:25', '2023-07-06 10:22:25'),
(1222, 'H', 12, 0, 0, 0, 2, 12, '1', '2023-07-06 10:22:25', '2023-07-06 10:22:25'),
(1223, 'I', 1, 0, 0, 0, 2, 12, '1', '2023-07-06 10:22:25', '2023-07-06 10:22:25'),
(1224, 'I', 2, 0, 0, 0, 2, 12, '1', '2023-07-06 10:22:25', '2023-07-06 10:22:25'),
(1225, 'I', 3, 0, 0, 0, 2, 12, '1', '2023-07-06 10:22:25', '2023-07-06 10:22:25'),
(1226, 'I', 4, 0, 0, 0, 2, 12, '1', '2023-07-06 10:22:25', '2023-07-06 10:22:25'),
(1227, 'I', 5, 0, 0, 0, 2, 12, '1', '2023-07-06 10:22:25', '2023-07-06 10:22:25'),
(1228, 'I', 6, 0, 0, 0, 2, 12, '1', '2023-07-06 10:22:25', '2023-07-06 10:22:25'),
(1229, 'I', 7, 0, 0, 0, 2, 12, '1', '2023-07-06 10:22:25', '2023-07-06 10:22:25'),
(1230, 'I', 8, 0, 0, 0, 2, 12, '1', '2023-07-06 10:22:25', '2023-07-06 10:22:25'),
(1231, 'I', 9, 0, 0, 0, 2, 12, '1', '2023-07-06 10:22:25', '2023-07-06 10:22:25'),
(1232, 'I', 10, 0, 0, 0, 2, 12, '1', '2023-07-06 10:22:25', '2023-07-06 10:22:25'),
(1233, 'I', 11, 0, 0, 0, 2, 12, '1', '2023-07-06 10:22:25', '2023-07-06 10:22:25'),
(1234, 'I', 12, 0, 0, 0, 2, 12, '1', '2023-07-06 10:22:25', '2023-07-06 10:22:25'),
(1235, 'J', 1, 0, 0, 0, 2, 12, '1', '2023-07-06 10:22:25', '2023-07-06 10:22:25'),
(1236, 'J', 2, 0, 0, 0, 2, 12, '1', '2023-07-06 10:22:25', '2023-07-06 10:22:25'),
(1237, 'J', 3, 0, 0, 0, 2, 12, '1', '2023-07-06 10:22:25', '2023-07-06 10:22:25'),
(1238, 'J', 4, 0, 0, 0, 2, 12, '1', '2023-07-06 10:22:25', '2023-07-06 10:22:25'),
(1239, 'J', 5, 0, 0, 0, 2, 12, '1', '2023-07-06 10:22:25', '2023-07-06 10:22:25'),
(1240, 'J', 6, 0, 0, 0, 2, 12, '1', '2023-07-06 10:22:25', '2023-07-06 10:22:25'),
(1241, 'J', 7, 0, 0, 0, 2, 12, '1', '2023-07-06 10:22:25', '2023-07-06 10:22:25'),
(1242, 'J', 8, 0, 0, 0, 2, 12, '1', '2023-07-06 10:22:25', '2023-07-06 10:22:25'),
(1243, 'J', 9, 0, 0, 0, 2, 12, '1', '2023-07-06 10:22:25', '2023-07-06 10:22:25'),
(1244, 'J', 10, 0, 0, 0, 2, 12, '1', '2023-07-06 10:22:25', '2023-07-06 10:22:25'),
(1245, 'J', 11, 0, 0, 0, 2, 12, '1', '2023-07-06 10:22:25', '2023-07-06 10:22:25'),
(1246, 'J', 12, 0, 0, 0, 2, 12, '1', '2023-07-06 10:22:25', '2023-07-06 10:22:25'),
(1247, 'K', 1, 0, 0, 0, 2, 12, '1', '2023-07-06 10:22:25', '2023-07-06 10:22:25'),
(1248, 'K', 2, 0, 0, 0, 2, 12, '1', '2023-07-06 10:22:25', '2023-07-06 10:22:25'),
(1249, 'K', 3, 0, 0, 0, 2, 12, '1', '2023-07-06 10:22:25', '2023-07-06 10:22:25');
INSERT INTO `seats` (`id`, `row`, `col`, `ms`, `me`, `mb`, `seatType_id`, `room_id`, `status`, `created_at`, `updated_at`) VALUES
(1250, 'K', 4, 0, 0, 0, 2, 12, '1', '2023-07-06 10:22:25', '2023-07-06 10:22:25'),
(1251, 'K', 5, 0, 0, 0, 2, 12, '1', '2023-07-06 10:22:25', '2023-07-06 10:22:25'),
(1252, 'K', 6, 0, 0, 0, 2, 12, '1', '2023-07-06 10:22:25', '2023-07-06 10:22:25'),
(1253, 'K', 7, 0, 0, 0, 2, 12, '1', '2023-07-06 10:22:25', '2023-07-06 10:22:25'),
(1254, 'K', 8, 0, 0, 0, 2, 12, '1', '2023-07-06 10:22:25', '2023-07-06 10:22:25'),
(1255, 'K', 9, 0, 0, 0, 2, 12, '1', '2023-07-06 10:22:25', '2023-07-06 10:22:25'),
(1256, 'K', 10, 0, 0, 0, 2, 12, '1', '2023-07-06 10:22:25', '2023-07-06 10:22:25'),
(1257, 'K', 11, 0, 0, 0, 2, 12, '1', '2023-07-06 10:22:25', '2023-07-06 10:22:25'),
(1258, 'K', 12, 0, 0, 0, 2, 12, '1', '2023-07-06 10:22:25', '2023-07-06 10:22:25'),
(1259, 'L', 1, 0, 0, 0, 2, 12, '1', '2023-07-06 10:22:25', '2023-07-06 10:22:25'),
(1260, 'L', 2, 0, 0, 0, 2, 12, '1', '2023-07-06 10:22:25', '2023-07-06 10:22:25'),
(1261, 'L', 3, 0, 0, 0, 2, 12, '1', '2023-07-06 10:22:25', '2023-07-06 10:22:25'),
(1262, 'L', 4, 0, 0, 0, 2, 12, '1', '2023-07-06 10:22:25', '2023-07-06 10:22:25'),
(1263, 'L', 5, 0, 0, 0, 2, 12, '1', '2023-07-06 10:22:25', '2023-07-06 10:22:25'),
(1264, 'L', 6, 0, 0, 0, 2, 12, '1', '2023-07-06 10:22:25', '2023-07-06 10:22:25'),
(1265, 'L', 7, 0, 0, 0, 2, 12, '1', '2023-07-06 10:22:25', '2023-07-06 10:22:25'),
(1266, 'L', 8, 0, 0, 0, 2, 12, '1', '2023-07-06 10:22:25', '2023-07-06 10:22:25'),
(1267, 'L', 9, 0, 0, 0, 2, 12, '1', '2023-07-06 10:22:25', '2023-07-06 10:22:25'),
(1268, 'L', 10, 0, 0, 0, 2, 12, '1', '2023-07-06 10:22:25', '2023-07-06 10:22:25'),
(1269, 'L', 11, 0, 0, 0, 2, 12, '1', '2023-07-06 10:22:25', '2023-07-06 10:22:25'),
(1270, 'L', 12, 0, 0, 0, 2, 12, '1', '2023-07-06 10:22:25', '2023-07-06 10:22:25'),
(1271, 'M', 1, 0, 0, 0, 2, 12, '1', '2023-07-06 10:22:25', '2023-07-06 10:22:25'),
(1272, 'M', 2, 0, 0, 0, 2, 12, '1', '2023-07-06 10:22:25', '2023-07-06 10:22:25'),
(1273, 'M', 3, 0, 0, 0, 2, 12, '1', '2023-07-06 10:22:25', '2023-07-06 10:22:25'),
(1274, 'M', 4, 0, 0, 0, 2, 12, '1', '2023-07-06 10:22:25', '2023-07-06 10:22:25'),
(1275, 'M', 5, 0, 0, 0, 2, 12, '1', '2023-07-06 10:22:25', '2023-07-06 10:22:25'),
(1276, 'M', 6, 0, 0, 0, 2, 12, '1', '2023-07-06 10:22:25', '2023-07-06 10:22:25'),
(1277, 'M', 7, 0, 0, 0, 2, 12, '1', '2023-07-06 10:22:25', '2023-07-06 10:22:25'),
(1278, 'M', 8, 0, 0, 0, 2, 12, '1', '2023-07-06 10:22:25', '2023-07-06 10:22:25'),
(1279, 'M', 9, 0, 0, 0, 2, 12, '1', '2023-07-06 10:22:25', '2023-07-06 10:22:25'),
(1280, 'M', 10, 0, 0, 0, 2, 12, '1', '2023-07-06 10:22:25', '2023-07-06 10:22:25'),
(1281, 'M', 11, 0, 0, 0, 2, 12, '1', '2023-07-06 10:22:25', '2023-07-06 10:22:25'),
(1282, 'M', 12, 0, 0, 0, 2, 12, '1', '2023-07-06 10:22:25', '2023-07-06 10:22:25'),
(1285, 'A', 3, 0, 0, 0, 1, 13, '1', '2023-07-06 10:48:49', '2023-08-13 07:55:09'),
(1286, 'A', 4, 0, 0, 0, 1, 13, '1', '2023-07-06 10:48:49', '2023-08-13 07:55:09'),
(1287, 'A', 5, 0, 0, 0, 1, 13, '1', '2023-07-06 10:48:49', '2023-08-13 07:55:09'),
(1288, 'A', 6, 0, 0, 0, 1, 13, '1', '2023-07-06 10:48:49', '2023-08-13 07:55:09'),
(1289, 'A', 7, 0, 1, 0, 1, 13, '1', '2023-07-06 10:48:49', '2023-08-13 07:57:59'),
(1290, 'A', 8, 0, 0, 0, 1, 13, '1', '2023-07-06 10:48:49', '2023-08-13 07:55:09'),
(1291, 'A', 9, 0, 0, 0, 1, 13, '1', '2023-07-06 10:48:49', '2023-08-13 07:55:09'),
(1292, 'A', 10, 0, 0, 0, 1, 13, '1', '2023-07-06 10:48:49', '2023-08-13 07:55:09'),
(1293, 'A', 11, 0, 0, 0, 1, 13, '1', '2023-07-06 10:48:49', '2023-08-13 07:55:09'),
(1294, 'A', 12, 0, 0, 0, 1, 13, '1', '2023-07-06 10:48:49', '2023-08-13 07:55:09'),
(1296, 'B', 2, 0, 0, 0, 1, 13, '1', '2023-07-06 10:48:49', '2023-08-13 07:58:05'),
(1297, 'B', 3, 0, 0, 0, 1, 13, '1', '2023-07-06 10:48:49', '2023-08-13 07:58:05'),
(1298, 'B', 4, 0, 0, 0, 1, 13, '1', '2023-07-06 10:48:49', '2023-08-13 07:58:05'),
(1299, 'B', 5, 0, 0, 0, 1, 13, '1', '2023-07-06 10:48:49', '2023-08-13 07:58:05'),
(1301, 'B', 7, 0, 1, 0, 1, 13, '1', '2023-07-06 10:48:49', '2023-08-13 07:58:05'),
(1302, 'B', 8, 0, 0, 0, 1, 13, '1', '2023-07-06 10:48:49', '2023-08-13 07:58:05'),
(1303, 'B', 9, 0, 0, 0, 1, 13, '1', '2023-07-06 10:48:49', '2023-08-13 07:58:05'),
(1304, 'B', 10, 0, 0, 0, 1, 13, '1', '2023-07-06 10:48:49', '2023-08-13 07:58:05'),
(1305, 'B', 11, 0, 0, 0, 1, 13, '1', '2023-07-06 10:48:49', '2023-08-13 07:58:05'),
(1306, 'B', 12, 0, 0, 0, 1, 13, '1', '2023-07-06 10:48:49', '2023-08-13 07:58:05'),
(1309, 'C', 3, 0, 0, 0, 1, 13, '1', '2023-07-06 10:48:49', '2023-08-13 07:58:09'),
(1310, 'C', 4, 0, 0, 0, 1, 13, '1', '2023-07-06 10:48:49', '2023-08-13 07:58:09'),
(1311, 'C', 5, 0, 0, 0, 1, 13, '1', '2023-07-06 10:48:49', '2023-08-13 07:58:09'),
(1312, 'C', 6, 0, 0, 0, 1, 13, '1', '2023-07-06 10:48:49', '2023-08-13 07:58:09'),
(1313, 'C', 7, 0, 1, 0, 1, 13, '1', '2023-07-06 10:48:49', '2023-08-13 07:58:09'),
(1314, 'C', 8, 0, 0, 0, 1, 13, '1', '2023-07-06 10:48:49', '2023-08-13 07:58:09'),
(1315, 'C', 9, 0, 0, 0, 1, 13, '1', '2023-07-06 10:48:49', '2023-08-13 07:58:09'),
(1316, 'C', 10, 0, 0, 0, 1, 13, '1', '2023-07-06 10:48:49', '2023-08-13 07:58:09'),
(1317, 'C', 11, 0, 0, 0, 1, 13, '1', '2023-07-06 10:48:49', '2023-08-13 07:58:09'),
(1318, 'C', 12, 0, 0, 0, 1, 13, '1', '2023-07-06 10:48:49', '2023-08-13 07:58:09'),
(1320, 'D', 2, 0, 0, 0, 2, 13, '1', '2023-07-06 10:48:49', '2023-07-06 10:48:49'),
(1321, 'D', 3, 0, 0, 0, 2, 13, '1', '2023-07-06 10:48:49', '2023-07-06 10:48:49'),
(1322, 'D', 4, 0, 0, 0, 2, 13, '1', '2023-07-06 10:48:49', '2023-07-06 10:48:49'),
(1323, 'D', 5, 0, 0, 0, 2, 13, '1', '2023-07-06 10:48:49', '2023-07-06 10:48:49'),
(1325, 'D', 7, 0, 1, 0, 2, 13, '1', '2023-07-06 10:48:49', '2023-08-13 07:57:44'),
(1326, 'D', 8, 0, 0, 0, 2, 13, '1', '2023-07-06 10:48:49', '2023-07-06 10:48:49'),
(1327, 'D', 9, 0, 0, 0, 2, 13, '1', '2023-07-06 10:48:49', '2023-07-06 10:48:49'),
(1328, 'D', 10, 0, 0, 0, 2, 13, '1', '2023-07-06 10:48:49', '2023-07-06 10:48:49'),
(1329, 'D', 11, 0, 0, 0, 2, 13, '1', '2023-07-06 10:48:49', '2023-07-06 10:48:49'),
(1330, 'D', 12, 0, 0, 0, 2, 13, '1', '2023-07-06 10:48:49', '2023-07-06 10:48:49'),
(1333, 'E', 3, 0, 0, 0, 2, 13, '1', '2023-07-06 10:48:49', '2023-07-06 10:48:49'),
(1334, 'E', 4, 0, 0, 0, 2, 13, '1', '2023-07-06 10:48:49', '2023-07-06 10:48:49'),
(1335, 'E', 5, 0, 0, 0, 2, 13, '1', '2023-07-06 10:48:49', '2023-07-06 10:48:49'),
(1336, 'E', 6, 0, 0, 0, 2, 13, '1', '2023-07-06 10:48:49', '2023-07-06 10:48:49'),
(1337, 'E', 7, 0, 1, 0, 2, 13, '1', '2023-07-06 10:48:49', '2023-08-13 07:57:39'),
(1338, 'E', 8, 0, 0, 0, 2, 13, '1', '2023-07-06 10:48:49', '2023-07-06 10:48:49'),
(1339, 'E', 9, 0, 0, 0, 2, 13, '1', '2023-07-06 10:48:49', '2023-07-06 10:48:49'),
(1340, 'E', 10, 0, 0, 0, 2, 13, '1', '2023-07-06 10:48:49', '2023-07-06 10:48:49'),
(1341, 'E', 11, 0, 0, 0, 2, 13, '1', '2023-07-06 10:48:49', '2023-07-06 10:48:49'),
(1342, 'E', 12, 0, 0, 0, 2, 13, '1', '2023-07-06 10:48:49', '2023-07-06 10:48:49'),
(1345, 'F', 3, 0, 0, 0, 2, 13, '1', '2023-07-06 10:48:49', '2023-07-06 10:48:49'),
(1346, 'F', 4, 0, 0, 0, 2, 13, '1', '2023-07-06 10:48:49', '2023-07-06 10:48:49'),
(1347, 'F', 5, 0, 0, 0, 2, 13, '1', '2023-07-06 10:48:49', '2023-07-06 10:48:49'),
(1348, 'F', 6, 0, 0, 0, 2, 13, '1', '2023-07-06 10:48:49', '2023-07-06 10:48:49'),
(1349, 'F', 7, 0, 1, 0, 2, 13, '1', '2023-07-06 10:48:49', '2023-08-13 07:57:35'),
(1350, 'F', 8, 0, 0, 0, 2, 13, '1', '2023-07-06 10:48:49', '2023-07-06 10:48:49'),
(1351, 'F', 9, 0, 0, 0, 2, 13, '1', '2023-07-06 10:48:49', '2023-07-06 10:48:49'),
(1352, 'F', 10, 0, 0, 0, 2, 13, '1', '2023-07-06 10:48:49', '2023-07-06 10:48:49'),
(1353, 'F', 11, 0, 0, 0, 2, 13, '1', '2023-07-06 10:48:49', '2023-07-06 10:48:49'),
(1354, 'F', 12, 0, 0, 0, 2, 13, '1', '2023-07-06 10:48:49', '2023-07-06 10:48:49'),
(1357, 'G', 3, 0, 0, 0, 2, 13, '1', '2023-07-06 10:48:49', '2023-07-06 10:48:49'),
(1358, 'G', 4, 0, 0, 0, 2, 13, '1', '2023-07-06 10:48:49', '2023-07-06 10:48:49'),
(1359, 'G', 5, 0, 0, 0, 2, 13, '1', '2023-07-06 10:48:49', '2023-07-06 10:48:49'),
(1360, 'G', 6, 0, 0, 0, 2, 13, '1', '2023-07-06 10:48:49', '2023-07-06 10:48:49'),
(1361, 'G', 7, 0, 1, 0, 2, 13, '1', '2023-07-06 10:48:49', '2023-08-13 07:57:29'),
(1362, 'G', 8, 0, 0, 0, 2, 13, '1', '2023-07-06 10:48:49', '2023-07-06 10:48:49'),
(1363, 'G', 9, 0, 0, 0, 2, 13, '1', '2023-07-06 10:48:49', '2023-07-06 10:48:49'),
(1364, 'G', 10, 0, 0, 0, 2, 13, '1', '2023-07-06 10:48:49', '2023-07-06 10:48:49'),
(1365, 'G', 11, 0, 0, 0, 2, 13, '1', '2023-07-06 10:48:49', '2023-07-06 10:48:49'),
(1366, 'G', 12, 0, 0, 0, 2, 13, '1', '2023-07-06 10:48:49', '2023-07-06 10:48:49'),
(1368, 'H', 2, 0, 0, 0, 2, 13, '1', '2023-07-06 10:48:49', '2023-07-06 10:48:49'),
(1369, 'H', 3, 0, 0, 0, 2, 13, '1', '2023-07-06 10:48:49', '2023-07-06 10:48:49'),
(1370, 'H', 4, 0, 0, 0, 2, 13, '1', '2023-07-06 10:48:49', '2023-07-06 10:48:49'),
(1371, 'H', 5, 0, 0, 0, 2, 13, '1', '2023-07-06 10:48:49', '2023-07-06 10:48:49'),
(1372, 'H', 6, 0, 1, 0, 2, 13, '1', '2023-07-06 10:48:49', '2023-08-13 07:57:25'),
(1374, 'H', 8, 0, 0, 0, 2, 13, '1', '2023-07-06 10:48:49', '2023-07-06 10:48:49'),
(1375, 'H', 9, 0, 0, 0, 2, 13, '1', '2023-07-06 10:48:49', '2023-07-06 10:48:49'),
(1376, 'H', 10, 0, 0, 0, 2, 13, '1', '2023-07-06 10:48:49', '2023-07-06 10:48:49'),
(1377, 'H', 11, 0, 0, 0, 2, 13, '1', '2023-07-06 10:48:49', '2023-07-06 10:48:49'),
(1378, 'H', 12, 0, 0, 0, 2, 13, '1', '2023-07-06 10:48:49', '2023-07-06 10:48:49'),
(1381, 'I', 3, 0, 0, 0, 2, 13, '1', '2023-07-06 10:48:49', '2023-07-06 10:48:49'),
(1382, 'I', 4, 0, 0, 0, 2, 13, '1', '2023-07-06 10:48:49', '2023-07-06 10:48:49'),
(1383, 'I', 5, 0, 0, 0, 2, 13, '1', '2023-07-06 10:48:49', '2023-07-06 10:48:49'),
(1384, 'I', 6, 0, 0, 0, 2, 13, '1', '2023-07-06 10:48:49', '2023-07-06 10:48:49'),
(1385, 'I', 7, 0, 1, 0, 2, 13, '1', '2023-07-06 10:48:49', '2023-08-13 07:57:21'),
(1386, 'I', 8, 0, 0, 0, 2, 13, '1', '2023-07-06 10:48:49', '2023-07-06 10:48:49'),
(1387, 'I', 9, 0, 0, 0, 2, 13, '1', '2023-07-06 10:48:49', '2023-07-06 10:48:49'),
(1388, 'I', 10, 0, 0, 0, 2, 13, '1', '2023-07-06 10:48:49', '2023-07-06 10:48:49'),
(1389, 'I', 11, 0, 0, 0, 2, 13, '1', '2023-07-06 10:48:49', '2023-07-06 10:48:49'),
(1390, 'I', 12, 0, 0, 0, 2, 13, '1', '2023-07-06 10:48:49', '2023-07-06 10:48:49'),
(1393, 'J', 3, 0, 0, 0, 2, 13, '1', '2023-07-06 10:48:49', '2023-07-06 10:48:49'),
(1394, 'J', 4, 0, 0, 0, 2, 13, '1', '2023-07-06 10:48:49', '2023-07-06 10:48:49'),
(1395, 'J', 5, 0, 0, 0, 2, 13, '1', '2023-07-06 10:48:49', '2023-07-06 10:48:49'),
(1396, 'J', 6, 0, 0, 0, 2, 13, '1', '2023-07-06 10:48:49', '2023-07-06 10:48:49'),
(1397, 'J', 7, 0, 1, 0, 2, 13, '1', '2023-07-06 10:48:49', '2023-08-13 07:57:17'),
(1398, 'J', 8, 0, 0, 0, 2, 13, '1', '2023-07-06 10:48:49', '2023-07-06 10:48:49'),
(1399, 'J', 9, 0, 0, 0, 2, 13, '1', '2023-07-06 10:48:49', '2023-07-06 10:48:49'),
(1400, 'J', 10, 0, 0, 0, 2, 13, '1', '2023-07-06 10:48:49', '2023-07-06 10:48:49'),
(1401, 'J', 11, 0, 0, 0, 2, 13, '1', '2023-07-06 10:48:49', '2023-07-06 10:48:49'),
(1402, 'J', 12, 0, 0, 0, 2, 13, '1', '2023-07-06 10:48:49', '2023-07-06 10:48:49'),
(1405, 'K', 3, 0, 0, 0, 2, 13, '1', '2023-07-06 10:48:49', '2023-07-06 10:48:49'),
(1406, 'K', 4, 0, 0, 0, 2, 13, '1', '2023-07-06 10:48:49', '2023-07-06 10:48:49'),
(1407, 'K', 5, 0, 0, 0, 2, 13, '1', '2023-07-06 10:48:49', '2023-08-13 07:59:27'),
(1408, 'K', 6, 0, 0, 0, 2, 13, '1', '2023-07-06 10:48:49', '2023-07-06 10:48:49'),
(1409, 'K', 7, 0, 1, 0, 2, 13, '1', '2023-07-06 10:48:49', '2023-08-13 07:57:13'),
(1410, 'K', 8, 0, 0, 0, 2, 13, '1', '2023-07-06 10:48:49', '2023-08-13 07:57:09'),
(1411, 'K', 9, 0, 0, 0, 2, 13, '1', '2023-07-06 10:48:49', '2023-07-06 10:48:49'),
(1412, 'K', 10, 0, 0, 0, 2, 13, '1', '2023-07-06 10:48:49', '2023-07-06 10:48:49'),
(1413, 'K', 11, 0, 0, 0, 2, 13, '1', '2023-07-06 10:48:49', '2023-07-06 10:48:49'),
(1414, 'K', 12, 0, 0, 0, 2, 13, '1', '2023-07-06 10:48:49', '2023-07-06 10:48:49'),
(1417, 'L', 3, 0, 0, 1, 2, 13, '1', '2023-07-06 10:48:49', '2023-08-13 07:55:54'),
(1418, 'L', 4, 0, 0, 1, 2, 13, '1', '2023-07-06 10:48:49', '2023-08-13 07:55:54'),
(1419, 'L', 5, 0, 0, 1, 2, 13, '1', '2023-07-06 10:48:49', '2023-08-13 07:55:54'),
(1420, 'L', 6, 0, 0, 1, 2, 13, '1', '2023-07-06 10:48:49', '2023-08-13 07:55:54'),
(1421, 'L', 7, 0, 1, 1, 2, 13, '1', '2023-07-06 10:48:49', '2023-08-13 07:56:12'),
(1422, 'L', 8, 0, 0, 1, 2, 13, '1', '2023-07-06 10:48:49', '2023-08-13 07:55:54'),
(1423, 'L', 9, 0, 0, 1, 2, 13, '1', '2023-07-06 10:48:49', '2023-08-13 07:55:54'),
(1424, 'L', 10, 0, 0, 1, 2, 13, '1', '2023-07-06 10:48:49', '2023-08-13 07:55:54'),
(1425, 'L', 11, 0, 0, 1, 2, 13, '1', '2023-07-06 10:48:49', '2023-08-13 07:55:54'),
(1426, 'L', 12, 0, 0, 1, 2, 13, '1', '2023-07-06 10:48:49', '2023-08-13 07:55:54'),
(1428, 'M', 2, 0, 0, -1, 3, 13, '1', '2023-07-06 10:48:49', '2023-08-13 07:55:51'),
(1429, 'M', 3, 0, 0, -1, 3, 13, '1', '2023-07-06 10:48:49', '2023-08-13 07:55:51'),
(1430, 'M', 4, 0, 0, -1, 3, 13, '1', '2023-07-06 10:48:49', '2023-08-13 07:55:51'),
(1431, 'M', 5, 0, 0, -1, 3, 13, '1', '2023-07-06 10:48:49', '2023-08-13 07:55:51'),
(1432, 'M', 6, 0, 1, -1, 3, 13, '1', '2023-07-06 10:48:50', '2023-08-13 07:55:51'),
(1434, 'M', 8, 0, 0, -1, 3, 13, '1', '2023-07-06 10:48:50', '2023-08-13 07:55:51'),
(1435, 'M', 9, 0, 0, -1, 3, 13, '1', '2023-07-06 10:48:50', '2023-08-13 07:55:51'),
(1436, 'M', 10, 0, 0, -1, 3, 13, '1', '2023-07-06 10:48:50', '2023-08-13 07:55:51'),
(1437, 'M', 11, 0, 0, -1, 3, 13, '1', '2023-07-06 10:48:50', '2023-08-13 07:55:51'),
(1438, 'M', 12, 0, 0, -1, 3, 13, '1', '2023-07-06 10:48:50', '2023-08-13 07:55:51'),
(1751, 'A', 1, 0, 0, 0, 1, 16, '1', '2023-07-13 13:53:32', '2023-07-13 13:53:32'),
(1752, 'A', 2, 0, 0, 0, 1, 16, '1', '2023-07-13 13:53:32', '2023-07-13 13:53:32'),
(1753, 'A', 3, 0, 0, 0, 1, 16, '1', '2023-07-13 13:53:32', '2023-07-13 13:53:32'),
(1754, 'A', 4, 0, 0, 0, 1, 16, '1', '2023-07-13 13:53:32', '2023-07-13 13:53:32'),
(1755, 'A', 5, 0, 0, 0, 1, 16, '1', '2023-07-13 13:53:32', '2023-07-13 13:53:32'),
(1756, 'A', 6, 0, 0, 0, 1, 16, '1', '2023-07-13 13:53:32', '2023-07-13 13:53:32'),
(1757, 'A', 7, 0, 0, 0, 1, 16, '1', '2023-07-13 13:53:32', '2023-07-13 13:53:32'),
(1758, 'A', 8, 0, 0, 0, 1, 16, '1', '2023-07-13 13:53:32', '2023-07-13 13:53:32'),
(1759, 'A', 9, 0, 0, 0, 1, 16, '1', '2023-07-13 13:53:32', '2023-07-13 13:53:32'),
(1760, 'A', 10, 0, 0, 0, 1, 16, '1', '2023-07-13 13:53:32', '2023-07-13 13:53:32'),
(1761, 'A', 11, 0, 0, 0, 1, 16, '1', '2023-07-13 13:53:32', '2023-07-13 13:53:32'),
(1762, 'A', 12, 0, 0, 0, 1, 16, '1', '2023-07-13 13:53:32', '2023-07-13 13:53:32'),
(1763, 'B', 1, 0, 0, 0, 1, 16, '1', '2023-07-13 13:53:32', '2023-07-13 13:53:32'),
(1764, 'B', 2, 0, 0, 0, 1, 16, '1', '2023-07-13 13:53:32', '2023-07-13 13:53:32'),
(1765, 'B', 3, 0, 0, 0, 1, 16, '1', '2023-07-13 13:53:32', '2023-07-13 13:53:32'),
(1766, 'B', 4, 0, 0, 0, 1, 16, '1', '2023-07-13 13:53:32', '2023-07-13 13:53:32'),
(1767, 'B', 5, 0, 0, 0, 1, 16, '1', '2023-07-13 13:53:32', '2023-07-13 13:53:32'),
(1768, 'B', 6, 0, 0, 0, 1, 16, '1', '2023-07-13 13:53:33', '2023-07-13 13:53:33'),
(1769, 'B', 7, 0, 0, 0, 1, 16, '1', '2023-07-13 13:53:33', '2023-07-13 13:53:33'),
(1770, 'B', 8, 0, 0, 0, 1, 16, '1', '2023-07-13 13:53:33', '2023-07-13 13:53:33'),
(1771, 'B', 9, 0, 0, 0, 1, 16, '1', '2023-07-13 13:53:33', '2023-07-13 13:53:33'),
(1772, 'B', 10, 0, 0, 0, 1, 16, '1', '2023-07-13 13:53:33', '2023-07-13 13:53:33'),
(1773, 'B', 11, 0, 0, 0, 1, 16, '1', '2023-07-13 13:53:33', '2023-07-13 13:53:33'),
(1774, 'B', 12, 0, 0, 0, 1, 16, '1', '2023-07-13 13:53:33', '2023-07-13 13:53:33'),
(1775, 'C', 1, 0, 0, 0, 1, 16, '1', '2023-07-13 13:53:33', '2023-07-13 13:53:33'),
(1776, 'C', 2, 0, 0, 0, 1, 16, '1', '2023-07-13 13:53:33', '2023-07-13 13:53:33'),
(1777, 'C', 3, 0, 0, 0, 1, 16, '1', '2023-07-13 13:53:33', '2023-07-13 13:53:33'),
(1778, 'C', 4, 0, 0, 0, 1, 16, '1', '2023-07-13 13:53:33', '2023-07-13 13:53:33'),
(1779, 'C', 5, 0, 0, 0, 1, 16, '1', '2023-07-13 13:53:33', '2023-07-13 13:53:33'),
(1780, 'C', 6, 0, 0, 0, 1, 16, '1', '2023-07-13 13:53:33', '2023-07-13 13:53:33'),
(1781, 'C', 7, 0, 0, 0, 1, 16, '1', '2023-07-13 13:53:33', '2023-07-13 13:53:33'),
(1782, 'C', 8, 0, 0, 0, 1, 16, '1', '2023-07-13 13:53:33', '2023-07-13 13:53:33'),
(1783, 'C', 9, 0, 0, 0, 1, 16, '1', '2023-07-13 13:53:33', '2023-07-13 13:53:33'),
(1784, 'C', 10, 0, 0, 0, 1, 16, '1', '2023-07-13 13:53:33', '2023-07-13 13:53:33'),
(1785, 'C', 11, 0, 0, 0, 1, 16, '1', '2023-07-13 13:53:33', '2023-07-13 13:53:33'),
(1786, 'C', 12, 0, 0, 0, 1, 16, '1', '2023-07-13 13:53:33', '2023-07-13 13:53:33'),
(1787, 'D', 1, 0, 0, 1, 1, 16, '1', '2023-07-13 13:53:33', '2023-07-13 13:54:30'),
(1788, 'D', 2, 0, 0, 1, 1, 16, '1', '2023-07-13 13:53:33', '2023-07-13 13:54:30'),
(1789, 'D', 3, 0, 0, 1, 1, 16, '1', '2023-07-13 13:53:33', '2023-07-13 13:54:30'),
(1790, 'D', 4, 0, 0, 1, 1, 16, '1', '2023-07-13 13:53:33', '2023-07-13 13:54:30'),
(1791, 'D', 5, 0, 0, 1, 1, 16, '1', '2023-07-13 13:53:33', '2023-07-13 13:54:30'),
(1792, 'D', 6, 0, 0, 1, 1, 16, '1', '2023-07-13 13:53:33', '2023-07-13 13:54:30'),
(1793, 'D', 7, 0, 0, 1, 1, 16, '1', '2023-07-13 13:53:33', '2023-07-13 13:54:30'),
(1794, 'D', 8, 0, 0, 1, 1, 16, '1', '2023-07-13 13:53:33', '2023-07-13 13:54:30'),
(1795, 'D', 9, 0, 0, 1, 1, 16, '1', '2023-07-13 13:53:33', '2023-07-13 13:54:30'),
(1796, 'D', 10, 0, 0, 1, 1, 16, '1', '2023-07-13 13:53:33', '2023-07-13 13:54:30'),
(1797, 'D', 11, 0, 0, 1, 1, 16, '1', '2023-07-13 13:53:33', '2023-07-13 13:54:30'),
(1798, 'D', 12, 0, 0, 1, 1, 16, '1', '2023-07-13 13:53:33', '2023-07-13 13:54:30'),
(1799, 'E', 1, 0, 0, 0, 2, 16, '1', '2023-07-13 13:53:33', '2023-07-13 13:53:33'),
(1800, 'E', 2, 0, 0, 0, 2, 16, '1', '2023-07-13 13:53:33', '2023-07-13 13:53:33'),
(1801, 'E', 3, 0, 0, 0, 2, 16, '1', '2023-07-13 13:53:33', '2023-07-13 13:53:33'),
(1802, 'E', 4, 0, 0, 0, 2, 16, '1', '2023-07-13 13:53:33', '2023-07-13 13:53:33'),
(1803, 'E', 5, 0, 0, 0, 2, 16, '1', '2023-07-13 13:53:33', '2023-07-13 13:53:33'),
(1804, 'E', 6, 0, 0, 0, 2, 16, '1', '2023-07-13 13:53:33', '2023-07-13 13:53:33'),
(1805, 'E', 7, 0, 0, 0, 2, 16, '1', '2023-07-13 13:53:33', '2023-07-13 13:53:33'),
(1806, 'E', 8, 0, 0, 0, 2, 16, '1', '2023-07-13 13:53:33', '2023-07-13 13:53:33'),
(1807, 'E', 9, 0, 0, 0, 2, 16, '1', '2023-07-13 13:53:33', '2023-07-13 13:53:33'),
(1808, 'E', 10, 0, 0, 0, 2, 16, '1', '2023-07-13 13:53:33', '2023-07-13 13:53:33'),
(1809, 'E', 11, 0, 0, 0, 2, 16, '1', '2023-07-13 13:53:33', '2023-07-13 13:53:33'),
(1810, 'E', 12, 0, 0, 0, 2, 16, '1', '2023-07-13 13:53:33', '2023-07-13 13:53:33'),
(1811, 'F', 1, 0, 0, 0, 2, 16, '1', '2023-07-13 13:53:33', '2023-07-13 13:53:33'),
(1812, 'F', 2, 0, 0, 0, 2, 16, '1', '2023-07-13 13:53:33', '2023-07-13 13:53:33'),
(1813, 'F', 3, 0, 0, 0, 2, 16, '1', '2023-07-13 13:53:33', '2023-07-13 13:53:33'),
(1814, 'F', 4, 0, 0, 0, 2, 16, '1', '2023-07-13 13:53:33', '2023-07-13 13:53:33'),
(1815, 'F', 5, 0, 0, 0, 2, 16, '1', '2023-07-13 13:53:33', '2023-07-13 13:53:33'),
(1816, 'F', 6, 0, 0, 0, 2, 16, '1', '2023-07-13 13:53:33', '2023-07-13 13:53:33'),
(1817, 'F', 7, 0, 0, 0, 2, 16, '1', '2023-07-13 13:53:33', '2023-07-13 13:53:33'),
(1818, 'F', 8, 0, 0, 0, 2, 16, '1', '2023-07-13 13:53:33', '2023-07-13 13:53:33'),
(1819, 'F', 9, 0, 0, 0, 2, 16, '1', '2023-07-13 13:53:33', '2023-07-13 13:53:33'),
(1820, 'F', 10, 0, 0, 0, 2, 16, '1', '2023-07-13 13:53:33', '2023-07-13 13:53:33'),
(1821, 'F', 11, 0, 0, 0, 2, 16, '1', '2023-07-13 13:53:33', '2023-07-13 13:53:33'),
(1822, 'F', 12, 0, 0, 0, 2, 16, '1', '2023-07-13 13:53:33', '2023-07-13 13:53:33'),
(1823, 'G', 1, 0, 0, 0, 2, 16, '1', '2023-07-13 13:53:33', '2023-07-13 13:53:33'),
(1824, 'G', 2, 0, 0, 0, 2, 16, '1', '2023-07-13 13:53:33', '2023-07-13 13:53:33'),
(1825, 'G', 3, 0, 0, 0, 2, 16, '1', '2023-07-13 13:53:33', '2023-07-13 13:53:33'),
(1826, 'G', 4, 0, 0, 0, 2, 16, '1', '2023-07-13 13:53:33', '2023-07-13 13:53:33'),
(1827, 'G', 5, 0, 0, 0, 2, 16, '1', '2023-07-13 13:53:33', '2023-07-13 13:53:33'),
(1828, 'G', 6, 0, 0, 0, 2, 16, '1', '2023-07-13 13:53:33', '2023-07-13 13:53:33'),
(1829, 'G', 7, 0, 0, 0, 2, 16, '1', '2023-07-13 13:53:33', '2023-07-13 13:53:33'),
(1830, 'G', 8, 0, 0, 0, 2, 16, '1', '2023-07-13 13:53:33', '2023-07-13 13:53:33'),
(1831, 'G', 9, 0, 0, 0, 2, 16, '1', '2023-07-13 13:53:33', '2023-07-13 13:53:33'),
(1832, 'G', 10, 0, 0, 0, 2, 16, '1', '2023-07-13 13:53:33', '2023-07-13 13:53:33'),
(1833, 'G', 11, 0, 0, 0, 2, 16, '1', '2023-07-13 13:53:33', '2023-07-13 13:53:33'),
(1834, 'G', 12, 0, 0, 0, 2, 16, '1', '2023-07-13 13:53:33', '2023-07-13 13:53:33'),
(1835, 'H', 1, 0, 0, 0, 2, 16, '1', '2023-07-13 13:53:33', '2023-07-13 13:53:33'),
(1836, 'H', 2, 0, 0, 0, 2, 16, '1', '2023-07-13 13:53:33', '2023-07-13 13:53:33'),
(1837, 'H', 3, 0, 0, 0, 2, 16, '1', '2023-07-13 13:53:33', '2023-07-13 13:53:33'),
(1838, 'H', 4, 0, 0, 0, 2, 16, '1', '2023-07-13 13:53:33', '2023-07-13 13:53:33'),
(1839, 'H', 5, 0, 0, 0, 2, 16, '1', '2023-07-13 13:53:33', '2023-07-13 13:53:33'),
(1840, 'H', 6, 0, 0, 0, 2, 16, '1', '2023-07-13 13:53:33', '2023-07-13 13:53:33'),
(1841, 'H', 7, 0, 0, 0, 2, 16, '1', '2023-07-13 13:53:33', '2023-07-13 13:53:33'),
(1842, 'H', 8, 0, 0, 0, 2, 16, '1', '2023-07-13 13:53:33', '2023-07-13 13:53:33'),
(1843, 'H', 9, 0, 0, 0, 2, 16, '1', '2023-07-13 13:53:33', '2023-07-13 13:53:33'),
(1844, 'H', 10, 0, 0, 0, 2, 16, '1', '2023-07-13 13:53:33', '2023-07-13 13:53:33'),
(1845, 'H', 11, 0, 0, 0, 2, 16, '1', '2023-07-13 13:53:33', '2023-07-13 13:53:33'),
(1846, 'H', 12, 0, 0, 0, 2, 16, '1', '2023-07-13 13:53:33', '2023-07-13 13:53:33'),
(1847, 'I', 1, 0, 0, 0, 2, 16, '1', '2023-07-13 13:53:33', '2023-07-13 13:53:33'),
(1848, 'I', 2, 0, 0, 0, 2, 16, '1', '2023-07-13 13:53:33', '2023-07-13 13:53:33'),
(1849, 'I', 3, 0, 0, 0, 2, 16, '1', '2023-07-13 13:53:33', '2023-07-13 13:53:33'),
(1850, 'I', 4, 0, 0, 0, 2, 16, '1', '2023-07-13 13:53:33', '2023-07-13 13:53:33'),
(1851, 'I', 5, 0, 0, 0, 2, 16, '1', '2023-07-13 13:53:33', '2023-07-13 13:53:33'),
(1852, 'I', 6, 0, 0, 0, 2, 16, '1', '2023-07-13 13:53:33', '2023-07-13 13:53:33'),
(1853, 'I', 7, 0, 0, 0, 2, 16, '1', '2023-07-13 13:53:33', '2023-07-13 13:53:33'),
(1854, 'I', 8, 0, 0, 0, 2, 16, '1', '2023-07-13 13:53:33', '2023-07-13 13:53:33'),
(1855, 'I', 9, 0, 0, 0, 2, 16, '1', '2023-07-13 13:53:33', '2023-07-13 13:53:33'),
(1856, 'I', 10, 0, 0, 0, 2, 16, '1', '2023-07-13 13:53:33', '2023-07-13 13:53:33'),
(1857, 'I', 11, 0, 0, 0, 2, 16, '1', '2023-07-13 13:53:33', '2023-07-13 13:53:33'),
(1858, 'I', 12, 0, 0, 0, 2, 16, '1', '2023-07-13 13:53:33', '2023-07-13 13:53:33'),
(1859, 'J', 1, 0, 0, 0, 2, 16, '1', '2023-07-13 13:53:33', '2023-07-13 13:53:33'),
(1860, 'J', 2, 0, 0, 0, 2, 16, '1', '2023-07-13 13:53:33', '2023-07-13 13:53:33'),
(1861, 'J', 3, 0, 0, 0, 2, 16, '1', '2023-07-13 13:53:33', '2023-07-13 13:53:33'),
(1862, 'J', 4, 0, 0, 0, 2, 16, '1', '2023-07-13 13:53:33', '2023-07-13 13:53:33'),
(1863, 'J', 5, 0, 0, 0, 2, 16, '1', '2023-07-13 13:53:33', '2023-07-13 13:53:33'),
(1864, 'J', 6, 0, 0, 0, 2, 16, '1', '2023-07-13 13:53:33', '2023-07-13 13:53:33'),
(1865, 'J', 7, 0, 0, 0, 2, 16, '1', '2023-07-13 13:53:33', '2023-07-13 13:53:33'),
(1866, 'J', 8, 0, 0, 0, 2, 16, '1', '2023-07-13 13:53:33', '2023-07-13 13:53:33'),
(1867, 'J', 9, 0, 0, 0, 2, 16, '1', '2023-07-13 13:53:33', '2023-07-13 13:53:33'),
(1868, 'J', 10, 0, 0, 0, 2, 16, '1', '2023-07-13 13:53:33', '2023-07-13 13:53:33'),
(1869, 'J', 11, 0, 0, 0, 2, 16, '1', '2023-07-13 13:53:33', '2023-07-13 13:53:33'),
(1870, 'J', 12, 0, 0, 0, 2, 16, '1', '2023-07-13 13:53:33', '2023-07-13 13:53:33'),
(1871, 'K', 1, 0, 0, 0, 2, 16, '1', '2023-07-13 13:53:33', '2023-07-13 13:53:33'),
(1872, 'K', 2, 0, 0, 0, 2, 16, '1', '2023-07-13 13:53:33', '2023-07-13 13:53:33'),
(1873, 'K', 3, 0, 0, 0, 2, 16, '1', '2023-07-13 13:53:33', '2023-07-13 13:53:33'),
(1874, 'K', 4, 0, 0, 0, 2, 16, '1', '2023-07-13 13:53:33', '2023-07-13 13:53:33'),
(1875, 'K', 5, 0, 0, 0, 2, 16, '1', '2023-07-13 13:53:33', '2023-07-13 13:53:33'),
(1876, 'K', 6, 0, 0, 0, 2, 16, '1', '2023-07-13 13:53:33', '2023-07-13 13:53:33'),
(1877, 'K', 7, 0, 0, 0, 2, 16, '1', '2023-07-13 13:53:33', '2023-07-13 13:53:33'),
(1878, 'K', 8, 0, 0, 0, 2, 16, '1', '2023-07-13 13:53:33', '2023-07-13 13:53:33'),
(1879, 'K', 9, 0, 0, 0, 2, 16, '1', '2023-07-13 13:53:33', '2023-07-13 13:53:33'),
(1880, 'K', 10, 0, 0, 0, 2, 16, '1', '2023-07-13 13:53:33', '2023-07-13 13:53:33'),
(1881, 'K', 11, 0, 0, 0, 2, 16, '1', '2023-07-13 13:53:33', '2023-07-13 13:53:33'),
(1882, 'K', 12, 0, 0, 0, 2, 16, '1', '2023-07-13 13:53:33', '2023-07-13 13:53:33'),
(1883, 'L', 1, 0, 0, 1, 2, 16, '1', '2023-07-13 13:53:33', '2023-07-13 13:54:44'),
(1884, 'L', 2, 0, 0, 1, 2, 16, '1', '2023-07-13 13:53:33', '2023-07-13 13:54:44'),
(1885, 'L', 3, 0, 0, 1, 2, 16, '1', '2023-07-13 13:53:33', '2023-07-13 13:54:44'),
(1886, 'L', 4, 0, 0, 1, 2, 16, '1', '2023-07-13 13:53:33', '2023-07-13 13:54:44'),
(1887, 'L', 5, 0, 0, 1, 2, 16, '1', '2023-07-13 13:53:33', '2023-07-13 13:54:44'),
(1888, 'L', 6, 0, 0, 1, 2, 16, '1', '2023-07-13 13:53:33', '2023-07-13 13:54:44'),
(1889, 'L', 7, 0, 0, 1, 2, 16, '1', '2023-07-13 13:53:33', '2023-07-13 13:54:44'),
(1890, 'L', 8, 0, 0, 1, 2, 16, '1', '2023-07-13 13:53:33', '2023-07-13 13:54:44'),
(1891, 'L', 9, 0, 0, 1, 2, 16, '1', '2023-07-13 13:53:33', '2023-07-13 13:54:44'),
(1892, 'L', 10, 0, 0, 1, 2, 16, '1', '2023-07-13 13:53:33', '2023-07-13 13:54:44'),
(1893, 'L', 11, 0, 0, 1, 2, 16, '1', '2023-07-13 13:53:33', '2023-07-13 13:54:44'),
(1894, 'L', 12, 0, 0, 1, 2, 16, '1', '2023-07-13 13:53:33', '2023-07-13 13:54:44'),
(1895, 'M', 1, 0, 0, 0, 3, 16, '1', '2023-07-13 13:53:33', '2023-07-13 13:54:48'),
(1896, 'M', 2, 0, 1, 0, 3, 16, '1', '2023-07-13 13:53:33', '2023-07-13 13:54:54'),
(1897, 'M', 3, 0, 0, 0, 3, 16, '1', '2023-07-13 13:53:33', '2023-07-13 13:54:48'),
(1898, 'M', 4, 0, 0, 0, 3, 16, '1', '2023-07-13 13:53:33', '2023-07-13 13:54:48'),
(1899, 'M', 5, 1, 0, 0, 3, 16, '1', '2023-07-13 13:53:33', '2023-07-13 13:55:19'),
(1900, 'M', 6, 0, 0, 0, 3, 16, '1', '2023-07-13 13:53:33', '2023-07-13 13:54:48'),
(1901, 'M', 7, 1, 0, 0, 3, 16, '1', '2023-07-13 13:53:33', '2023-07-13 13:55:13'),
(1902, 'M', 8, 0, 0, 0, 3, 16, '1', '2023-07-13 13:53:33', '2023-07-13 13:54:48'),
(1903, 'M', 9, 1, 0, 0, 3, 16, '1', '2023-07-13 13:53:33', '2023-07-13 13:55:06'),
(1904, 'M', 10, 0, 0, 0, 3, 16, '1', '2023-07-13 13:53:33', '2023-07-13 13:54:48'),
(1905, 'M', 11, 1, 0, 0, 3, 16, '1', '2023-07-13 13:53:33', '2023-07-13 13:55:00'),
(1906, 'M', 12, 0, 0, 0, 3, 16, '1', '2023-07-13 13:53:33', '2023-07-13 13:54:48'),
(2375, 'A', 1, 0, 0, 0, 1, 20, '1', '2023-08-14 03:51:57', '2023-08-14 03:51:57'),
(2376, 'A', 2, 0, 0, 0, 1, 20, '1', '2023-08-14 03:51:57', '2023-08-14 03:51:57'),
(2377, 'A', 3, 0, 0, 0, 1, 20, '1', '2023-08-14 03:51:57', '2023-08-14 03:51:57'),
(2378, 'A', 4, 0, 0, 0, 1, 20, '1', '2023-08-14 03:51:57', '2023-08-14 03:51:57'),
(2379, 'A', 5, 0, 0, 0, 1, 20, '1', '2023-08-14 03:51:57', '2023-08-14 03:51:57'),
(2380, 'A', 6, 0, 0, 0, 1, 20, '1', '2023-08-14 03:51:57', '2023-08-14 03:51:57'),
(2381, 'A', 7, 0, 0, 0, 1, 20, '1', '2023-08-14 03:51:57', '2023-08-14 03:51:57'),
(2382, 'A', 8, 0, 0, 0, 1, 20, '1', '2023-08-14 03:51:57', '2023-08-14 03:51:57'),
(2383, 'A', 9, 0, 0, 0, 1, 20, '1', '2023-08-14 03:51:57', '2023-08-14 03:51:57'),
(2384, 'A', 10, 0, 0, 0, 1, 20, '1', '2023-08-14 03:51:57', '2023-08-14 03:51:57'),
(2385, 'A', 11, 0, 0, 0, 1, 20, '1', '2023-08-14 03:51:57', '2023-08-14 03:51:57'),
(2386, 'A', 12, 0, 0, 0, 1, 20, '1', '2023-08-14 03:51:57', '2023-08-14 03:51:57'),
(2387, 'B', 1, 0, 0, 0, 1, 20, '1', '2023-08-14 03:51:57', '2023-08-14 03:51:57'),
(2388, 'B', 2, 0, 0, 0, 1, 20, '1', '2023-08-14 03:51:57', '2023-08-14 03:51:57'),
(2389, 'B', 3, 0, 0, 0, 1, 20, '1', '2023-08-14 03:51:57', '2023-08-14 03:51:57'),
(2390, 'B', 4, 0, 0, 0, 1, 20, '1', '2023-08-14 03:51:57', '2023-08-14 03:51:57'),
(2391, 'B', 5, 0, 0, 0, 1, 20, '1', '2023-08-14 03:51:57', '2023-08-14 03:51:57'),
(2392, 'B', 6, 0, 0, 0, 1, 20, '1', '2023-08-14 03:51:57', '2023-08-14 03:51:57'),
(2393, 'B', 7, 0, 0, 0, 1, 20, '1', '2023-08-14 03:51:57', '2023-08-14 03:51:57'),
(2394, 'B', 8, 0, 0, 0, 1, 20, '1', '2023-08-14 03:51:57', '2023-08-14 03:51:57'),
(2395, 'B', 9, 0, 0, 0, 1, 20, '1', '2023-08-14 03:51:57', '2023-08-14 03:51:57'),
(2396, 'B', 10, 0, 0, 0, 1, 20, '1', '2023-08-14 03:51:57', '2023-08-14 03:51:57'),
(2397, 'B', 11, 0, 0, 0, 1, 20, '1', '2023-08-14 03:51:57', '2023-08-14 03:51:57'),
(2398, 'B', 12, 0, 0, 0, 1, 20, '1', '2023-08-14 03:51:57', '2023-08-14 03:51:57'),
(2399, 'C', 1, 0, 0, 0, 1, 20, '1', '2023-08-14 03:51:57', '2023-08-14 03:51:57'),
(2400, 'C', 2, 0, 0, 0, 1, 20, '1', '2023-08-14 03:51:57', '2023-08-14 03:51:57'),
(2401, 'C', 3, 0, 0, 0, 1, 20, '1', '2023-08-14 03:51:57', '2023-08-14 03:51:57'),
(2402, 'C', 4, 0, 0, 0, 1, 20, '1', '2023-08-14 03:51:57', '2023-08-14 03:51:57'),
(2403, 'C', 5, 0, 0, 0, 1, 20, '1', '2023-08-14 03:51:57', '2023-08-14 03:51:57'),
(2404, 'C', 6, 0, 0, 0, 1, 20, '1', '2023-08-14 03:51:57', '2023-08-14 03:51:57'),
(2405, 'C', 7, 0, 0, 0, 1, 20, '1', '2023-08-14 03:51:57', '2023-08-14 03:51:57'),
(2406, 'C', 8, 0, 0, 0, 1, 20, '1', '2023-08-14 03:51:57', '2023-08-14 03:51:57'),
(2407, 'C', 9, 0, 0, 0, 1, 20, '1', '2023-08-14 03:51:57', '2023-08-14 03:51:57'),
(2408, 'C', 10, 0, 0, 0, 1, 20, '1', '2023-08-14 03:51:57', '2023-08-14 03:51:57'),
(2409, 'C', 11, 0, 0, 0, 1, 20, '1', '2023-08-14 03:51:57', '2023-08-14 03:51:57'),
(2410, 'C', 12, 0, 0, 0, 1, 20, '1', '2023-08-14 03:51:57', '2023-08-14 03:51:57'),
(2411, 'D', 1, 0, 0, 0, 1, 20, '1', '2023-08-14 03:51:57', '2023-08-14 03:51:57'),
(2412, 'D', 2, 0, 0, 0, 1, 20, '1', '2023-08-14 03:51:57', '2023-08-14 03:51:57'),
(2413, 'D', 3, 0, 0, 0, 1, 20, '1', '2023-08-14 03:51:57', '2023-08-14 03:51:57'),
(2414, 'D', 4, 0, 0, 0, 1, 20, '1', '2023-08-14 03:51:57', '2023-08-14 03:51:57'),
(2415, 'D', 5, 0, 0, 0, 1, 20, '1', '2023-08-14 03:51:57', '2023-08-14 03:51:57'),
(2416, 'D', 6, 0, 0, 0, 1, 20, '1', '2023-08-14 03:51:57', '2023-08-14 03:51:57'),
(2417, 'D', 7, 0, 0, 0, 1, 20, '1', '2023-08-14 03:51:57', '2023-08-14 03:51:57'),
(2418, 'D', 8, 0, 0, 0, 1, 20, '1', '2023-08-14 03:51:57', '2023-08-14 03:51:57'),
(2419, 'D', 9, 0, 0, 0, 1, 20, '1', '2023-08-14 03:51:57', '2023-08-14 03:51:57'),
(2420, 'D', 10, 0, 0, 0, 1, 20, '1', '2023-08-14 03:51:57', '2023-08-14 03:51:57'),
(2421, 'D', 11, 0, 0, 0, 1, 20, '1', '2023-08-14 03:51:57', '2023-08-14 03:51:57'),
(2422, 'D', 12, 0, 0, 0, 1, 20, '1', '2023-08-14 03:51:57', '2023-08-14 03:51:57'),
(2423, 'E', 1, 0, 0, 0, 2, 20, '1', '2023-08-14 03:51:57', '2023-08-14 03:51:57'),
(2424, 'E', 2, 0, 0, 0, 2, 20, '1', '2023-08-14 03:51:57', '2023-08-14 03:51:57'),
(2425, 'E', 3, 0, 0, 0, 2, 20, '1', '2023-08-14 03:51:57', '2023-08-14 03:51:57'),
(2426, 'E', 4, 0, 0, 0, 2, 20, '1', '2023-08-14 03:51:57', '2023-08-14 03:51:57'),
(2427, 'E', 5, 0, 0, 0, 2, 20, '1', '2023-08-14 03:51:58', '2023-08-14 03:51:58'),
(2428, 'E', 6, 0, 0, 0, 2, 20, '1', '2023-08-14 03:51:58', '2023-08-14 03:51:58'),
(2429, 'E', 7, 0, 0, 0, 2, 20, '1', '2023-08-14 03:51:58', '2023-08-14 03:51:58'),
(2430, 'E', 8, 0, 0, 0, 2, 20, '1', '2023-08-14 03:51:58', '2023-08-14 03:51:58'),
(2431, 'E', 9, 0, 0, 0, 2, 20, '1', '2023-08-14 03:51:58', '2023-08-14 03:51:58'),
(2432, 'E', 10, 0, 0, 0, 2, 20, '1', '2023-08-14 03:51:58', '2023-08-14 03:51:58'),
(2433, 'E', 11, 0, 0, 0, 2, 20, '1', '2023-08-14 03:51:58', '2023-08-14 03:51:58'),
(2434, 'E', 12, 0, 0, 0, 2, 20, '1', '2023-08-14 03:51:58', '2023-08-14 03:51:58'),
(2435, 'F', 1, 0, 0, 0, 2, 20, '1', '2023-08-14 03:51:58', '2023-08-14 03:51:58'),
(2436, 'F', 2, 0, 0, 0, 2, 20, '1', '2023-08-14 03:51:58', '2023-08-14 03:51:58'),
(2437, 'F', 3, 0, 0, 0, 2, 20, '1', '2023-08-14 03:51:58', '2023-08-14 03:51:58'),
(2438, 'F', 4, 0, 0, 0, 2, 20, '1', '2023-08-14 03:51:58', '2023-08-14 03:51:58'),
(2439, 'F', 5, 0, 0, 0, 2, 20, '1', '2023-08-14 03:51:58', '2023-08-14 03:51:58'),
(2440, 'F', 6, 0, 0, 0, 2, 20, '1', '2023-08-14 03:51:58', '2023-08-14 03:51:58'),
(2441, 'F', 7, 0, 0, 0, 2, 20, '1', '2023-08-14 03:51:58', '2023-08-14 03:51:58'),
(2442, 'F', 8, 0, 0, 0, 2, 20, '1', '2023-08-14 03:51:58', '2023-08-14 03:51:58'),
(2443, 'F', 9, 0, 0, 0, 2, 20, '1', '2023-08-14 03:51:58', '2023-08-14 03:51:58'),
(2444, 'F', 10, 0, 0, 0, 2, 20, '1', '2023-08-14 03:51:58', '2023-08-14 03:51:58'),
(2445, 'F', 11, 0, 0, 0, 2, 20, '1', '2023-08-14 03:51:58', '2023-08-14 03:51:58'),
(2446, 'F', 12, 0, 0, 0, 2, 20, '1', '2023-08-14 03:51:58', '2023-08-14 03:51:58'),
(2447, 'G', 1, 0, 0, 0, 2, 20, '1', '2023-08-14 03:51:58', '2023-08-14 03:51:58'),
(2448, 'G', 2, 0, 0, 0, 2, 20, '1', '2023-08-14 03:51:58', '2023-08-14 03:51:58'),
(2449, 'G', 3, 0, 0, 0, 2, 20, '1', '2023-08-14 03:51:58', '2023-08-14 03:51:58'),
(2450, 'G', 4, 0, 0, 0, 2, 20, '1', '2023-08-14 03:51:58', '2023-08-14 03:51:58'),
(2451, 'G', 5, 0, 0, 0, 2, 20, '1', '2023-08-14 03:51:58', '2023-08-14 03:51:58'),
(2452, 'G', 6, 0, 0, 0, 2, 20, '1', '2023-08-14 03:51:58', '2023-08-14 03:51:58'),
(2453, 'G', 7, 0, 0, 0, 2, 20, '1', '2023-08-14 03:51:58', '2023-08-14 03:51:58'),
(2454, 'G', 8, 0, 0, 0, 2, 20, '1', '2023-08-14 03:51:58', '2023-08-14 03:51:58'),
(2455, 'G', 9, 0, 0, 0, 2, 20, '1', '2023-08-14 03:51:58', '2023-08-14 03:51:58'),
(2456, 'G', 10, 0, 0, 0, 2, 20, '1', '2023-08-14 03:51:58', '2023-08-14 03:51:58'),
(2457, 'G', 11, 0, 0, 0, 2, 20, '1', '2023-08-14 03:51:58', '2023-08-14 03:51:58'),
(2458, 'G', 12, 0, 0, 0, 2, 20, '1', '2023-08-14 03:51:58', '2023-08-14 03:51:58'),
(2459, 'H', 1, 0, 0, 0, 2, 20, '1', '2023-08-14 03:51:58', '2023-08-14 03:51:58'),
(2460, 'H', 2, 0, 0, 0, 2, 20, '1', '2023-08-14 03:51:58', '2023-08-14 03:51:58'),
(2461, 'H', 3, 0, 0, 0, 2, 20, '1', '2023-08-14 03:51:58', '2023-08-14 03:51:58'),
(2462, 'H', 4, 0, 0, 0, 2, 20, '1', '2023-08-14 03:51:58', '2023-08-14 03:51:58'),
(2463, 'H', 5, 0, 0, 0, 2, 20, '1', '2023-08-14 03:51:58', '2023-08-14 03:51:58'),
(2464, 'H', 6, 0, 0, 0, 2, 20, '1', '2023-08-14 03:51:58', '2023-08-14 03:51:58'),
(2465, 'H', 7, 0, 0, 0, 2, 20, '1', '2023-08-14 03:51:58', '2023-08-14 03:51:58'),
(2466, 'H', 8, 0, 0, 0, 2, 20, '1', '2023-08-14 03:51:58', '2023-08-14 03:51:58'),
(2467, 'H', 9, 0, 0, 0, 2, 20, '1', '2023-08-14 03:51:58', '2023-08-14 03:51:58'),
(2468, 'H', 10, 0, 0, 0, 2, 20, '1', '2023-08-14 03:51:58', '2023-08-14 03:51:58'),
(2469, 'H', 11, 0, 0, 0, 2, 20, '1', '2023-08-14 03:51:58', '2023-08-14 03:51:58'),
(2470, 'H', 12, 0, 0, 0, 2, 20, '1', '2023-08-14 03:51:58', '2023-08-14 03:51:58'),
(2471, 'I', 1, 0, 0, 0, 2, 20, '1', '2023-08-14 03:51:58', '2023-08-14 03:51:58'),
(2472, 'I', 2, 0, 0, 0, 2, 20, '1', '2023-08-14 03:51:58', '2023-08-14 03:51:58'),
(2473, 'I', 3, 0, 0, 0, 2, 20, '1', '2023-08-14 03:51:58', '2023-08-14 03:51:58'),
(2474, 'I', 4, 0, 0, 0, 2, 20, '1', '2023-08-14 03:51:58', '2023-08-14 03:51:58'),
(2475, 'I', 5, 0, 0, 0, 2, 20, '1', '2023-08-14 03:51:58', '2023-08-14 03:51:58'),
(2476, 'I', 6, 0, 0, 0, 2, 20, '1', '2023-08-14 03:51:58', '2023-08-14 03:51:58'),
(2477, 'I', 7, 0, 0, 0, 2, 20, '1', '2023-08-14 03:51:58', '2023-08-14 03:51:58'),
(2478, 'I', 8, 0, 0, 0, 2, 20, '1', '2023-08-14 03:51:58', '2023-08-14 03:51:58'),
(2479, 'I', 9, 0, 0, 0, 2, 20, '1', '2023-08-14 03:51:58', '2023-08-14 03:51:58'),
(2480, 'I', 10, 0, 0, 0, 2, 20, '1', '2023-08-14 03:51:58', '2023-08-14 03:51:58'),
(2481, 'I', 11, 0, 0, 0, 2, 20, '1', '2023-08-14 03:51:58', '2023-08-14 03:51:58'),
(2482, 'I', 12, 0, 0, 0, 2, 20, '1', '2023-08-14 03:51:58', '2023-08-14 03:51:58'),
(2483, 'J', 1, 0, 0, 0, 2, 20, '1', '2023-08-14 03:51:58', '2023-08-14 03:51:58'),
(2484, 'J', 2, 0, 0, 0, 2, 20, '1', '2023-08-14 03:51:58', '2023-08-14 03:51:58'),
(2485, 'J', 3, 0, 0, 0, 2, 20, '1', '2023-08-14 03:51:58', '2023-08-14 03:51:58'),
(2486, 'J', 4, 0, 0, 0, 2, 20, '1', '2023-08-14 03:51:58', '2023-08-14 03:51:58'),
(2487, 'J', 5, 0, 0, 0, 2, 20, '1', '2023-08-14 03:51:58', '2023-08-14 03:51:58'),
(2488, 'J', 6, 0, 0, 0, 2, 20, '1', '2023-08-14 03:51:58', '2023-08-14 03:51:58'),
(2489, 'J', 7, 0, 0, 0, 2, 20, '1', '2023-08-14 03:51:58', '2023-08-14 03:51:58'),
(2490, 'J', 8, 0, 0, 0, 2, 20, '1', '2023-08-14 03:51:58', '2023-08-14 03:51:58'),
(2491, 'J', 9, 0, 0, 0, 2, 20, '1', '2023-08-14 03:51:58', '2023-08-14 03:51:58'),
(2492, 'J', 10, 0, 0, 0, 2, 20, '1', '2023-08-14 03:51:58', '2023-08-14 03:51:58'),
(2493, 'J', 11, 0, 0, 0, 2, 20, '1', '2023-08-14 03:51:58', '2023-08-14 03:51:58'),
(2494, 'J', 12, 0, 0, 0, 2, 20, '1', '2023-08-14 03:51:58', '2023-08-14 03:51:58'),
(2495, 'K', 1, 0, 0, 0, 2, 20, '1', '2023-08-14 03:51:58', '2023-08-14 03:51:58'),
(2496, 'K', 2, 0, 0, 0, 2, 20, '1', '2023-08-14 03:51:58', '2023-08-14 03:51:58'),
(2497, 'K', 3, 0, 0, 0, 2, 20, '1', '2023-08-14 03:51:58', '2023-08-14 03:51:58'),
(2498, 'K', 4, 0, 0, 0, 2, 20, '1', '2023-08-14 03:51:58', '2023-08-14 03:51:58'),
(2499, 'K', 5, 0, 0, 0, 2, 20, '1', '2023-08-14 03:51:58', '2023-08-14 03:51:58'),
(2500, 'K', 6, 0, 0, 0, 2, 20, '1', '2023-08-14 03:51:58', '2023-08-14 03:51:58'),
(2501, 'K', 7, 0, 0, 0, 2, 20, '1', '2023-08-14 03:51:58', '2023-08-14 03:51:58'),
(2502, 'K', 8, 0, 0, 0, 2, 20, '1', '2023-08-14 03:51:58', '2023-08-14 03:51:58'),
(2503, 'K', 9, 0, 0, 0, 2, 20, '1', '2023-08-14 03:51:58', '2023-08-14 03:51:58'),
(2504, 'K', 10, 0, 0, 0, 2, 20, '1', '2023-08-14 03:51:58', '2023-08-14 03:51:58'),
(2505, 'K', 11, 0, 0, 0, 2, 20, '1', '2023-08-14 03:51:58', '2023-08-14 03:51:58'),
(2506, 'K', 12, 0, 0, 0, 2, 20, '1', '2023-08-14 03:51:58', '2023-08-14 03:51:58'),
(2507, 'L', 1, 0, 0, 0, 2, 20, '1', '2023-08-14 03:51:58', '2023-08-14 03:51:58'),
(2508, 'L', 2, 0, 0, 0, 2, 20, '1', '2023-08-14 03:51:58', '2023-08-14 03:51:58'),
(2509, 'L', 3, 0, 0, 0, 2, 20, '1', '2023-08-14 03:51:58', '2023-08-14 03:51:58'),
(2510, 'L', 4, 0, 0, 0, 2, 20, '1', '2023-08-14 03:51:58', '2023-08-14 03:51:58'),
(2511, 'L', 5, 0, 0, 0, 2, 20, '1', '2023-08-14 03:51:58', '2023-08-14 03:51:58'),
(2512, 'L', 6, 0, 0, 0, 2, 20, '1', '2023-08-14 03:51:58', '2023-08-14 03:51:58'),
(2513, 'L', 7, 0, 0, 0, 2, 20, '1', '2023-08-14 03:51:58', '2023-08-14 03:51:58'),
(2514, 'L', 8, 0, 0, 0, 2, 20, '1', '2023-08-14 03:51:58', '2023-08-14 03:51:58'),
(2515, 'L', 9, 0, 0, 0, 2, 20, '1', '2023-08-14 03:51:58', '2023-08-14 03:51:58'),
(2516, 'L', 10, 0, 0, 0, 2, 20, '1', '2023-08-14 03:51:58', '2023-08-14 03:51:58'),
(2517, 'L', 11, 0, 0, 0, 2, 20, '1', '2023-08-14 03:51:58', '2023-08-14 03:51:58'),
(2518, 'L', 12, 0, 0, 0, 2, 20, '1', '2023-08-14 03:51:58', '2023-08-14 03:51:58'),
(2519, 'M', 1, 0, 0, 0, 2, 20, '1', '2023-08-14 03:51:58', '2023-08-14 03:51:58'),
(2520, 'M', 2, 0, 0, 0, 2, 20, '1', '2023-08-14 03:51:58', '2023-08-14 03:51:58'),
(2521, 'M', 3, 0, 0, 0, 2, 20, '1', '2023-08-14 03:51:58', '2023-08-14 03:51:58'),
(2522, 'M', 4, 0, 0, 0, 2, 20, '1', '2023-08-14 03:51:58', '2023-08-14 03:51:58'),
(2523, 'M', 5, 0, 0, 0, 2, 20, '1', '2023-08-14 03:51:58', '2023-08-14 03:51:58'),
(2524, 'M', 6, 0, 0, 0, 2, 20, '1', '2023-08-14 03:51:58', '2023-08-14 03:51:58'),
(2525, 'M', 7, 0, 0, 0, 2, 20, '1', '2023-08-14 03:51:58', '2023-08-14 03:51:58'),
(2526, 'M', 8, 0, 0, 0, 2, 20, '1', '2023-08-14 03:51:58', '2023-08-14 03:51:58'),
(2527, 'M', 9, 0, 0, 0, 2, 20, '1', '2023-08-14 03:51:58', '2023-08-14 03:51:58'),
(2528, 'M', 10, 0, 0, 0, 2, 20, '1', '2023-08-14 03:51:58', '2023-08-14 03:51:58'),
(2529, 'M', 11, 0, 0, 0, 2, 20, '1', '2023-08-14 03:51:58', '2023-08-14 03:51:58'),
(2530, 'M', 12, 0, 0, 0, 2, 20, '1', '2023-08-14 03:51:58', '2023-08-14 03:51:58');

-- --------------------------------------------------------

--
-- Table structure for table `seattypes`
--

DROP TABLE IF EXISTS `seattypes`;
CREATE TABLE IF NOT EXISTS `seattypes` (
  `id` bigint UNSIGNED NOT NULL AUTO_INCREMENT,
  `name` varchar(255) CHARACTER SET utf8mb4 COLLATE utf8mb4_unicode_ci NOT NULL,
  `surcharge` int NOT NULL DEFAULT '0',
  `color` varchar(255) CHARACTER SET utf8mb4 COLLATE utf8mb4_unicode_ci NOT NULL,
  `created_at` timestamp NULL DEFAULT NULL,
  `updated_at` timestamp NULL DEFAULT NULL,
  PRIMARY KEY (`id`)
) ENGINE=InnoDB AUTO_INCREMENT=4 DEFAULT CHARSET=utf8mb4 COLLATE=utf8mb4_unicode_ci;

--
-- Dumping data for table `seattypes`
--

INSERT INTO `seattypes` (`id`, `name`, `surcharge`, `color`, `created_at`, `updated_at`) VALUES
(1, 'standard', 0, '#FFF0C7', NULL, '2023-08-12 09:19:31'),
(2, 'vip', 20000, '#FFC8CB', NULL, NULL),
(3, 'couple', 30000, '#FF62B0', NULL, NULL);

-- --------------------------------------------------------

--
-- Table structure for table `subtitles`
--

DROP TABLE IF EXISTS `subtitles`;
CREATE TABLE IF NOT EXISTS `subtitles` (
  `id` bigint UNSIGNED NOT NULL AUTO_INCREMENT,
  `name` varchar(255) CHARACTER SET utf8mb4 COLLATE utf8mb4_unicode_ci NOT NULL,
  `created_at` timestamp NULL DEFAULT NULL,
  `updated_at` timestamp NULL DEFAULT NULL,
  PRIMARY KEY (`id`)
) ENGINE=InnoDB AUTO_INCREMENT=3 DEFAULT CHARSET=utf8mb4 COLLATE=utf8mb4_unicode_ci;

--
-- Dumping data for table `subtitles`
--

INSERT INTO `subtitles` (`id`, `name`, `created_at`, `updated_at`) VALUES
(1, 'Việt', NULL, NULL),
(2, 'Anh', NULL, NULL);

-- --------------------------------------------------------

--
-- Table structure for table `theaters`
--

DROP TABLE IF EXISTS `theaters`;
CREATE TABLE IF NOT EXISTS `theaters` (
  `id` bigint UNSIGNED NOT NULL AUTO_INCREMENT,
  `name` varchar(255) CHARACTER SET utf8mb4 COLLATE utf8mb4_unicode_ci NOT NULL,
  `address` varchar(255) CHARACTER SET utf8mb4 COLLATE utf8mb4_unicode_ci NOT NULL,
  `city` varchar(255) CHARACTER SET utf8mb4 COLLATE utf8mb4_unicode_ci NOT NULL,
  `location` text CHARACTER SET utf8mb4 COLLATE utf8mb4_unicode_ci,
  `status` tinyint(1) NOT NULL DEFAULT '0',
  `created_at` timestamp NULL DEFAULT NULL,
  `updated_at` timestamp NULL DEFAULT NULL,
  PRIMARY KEY (`id`)
) ENGINE=InnoDB AUTO_INCREMENT=7 DEFAULT CHARSET=utf8mb4 COLLATE=utf8mb4_unicode_ci;

--
-- Dumping data for table `theaters`
--

INSERT INTO `theaters` (`id`, `name`, `address`, `city`, `location`, `status`, `created_at`, `updated_at`) VALUES
(1, 'Rạp Cao Lỗ', '180 Cao Lỗ, Phường 4, Quận 8', 'Hồ Chí Minh', 'https://goo.gl/maps/byH5EsfDuzKR1fYu6', 1, NULL, '2023-08-16 03:23:03'),
(2, 'Rạp Hồ Gươm ', '180 Lỗ Cao, Phường 5, Quận 9', 'Hà Nội', 'https://goo.gl/maps/byH5EsfDuzKR1fYu6', 1, NULL, '2023-08-16 03:22:40'),
(3, 'Rạp VinCom Đà Nẵng', '180 Cỗ Lao, Phường 6, Quận 10', 'Đà Nẵng', 'https://goo.gl/maps/byH5EsfDuzKR1fYu6', 1, NULL, '2023-08-16 03:22:41');

-- --------------------------------------------------------

--
-- Table structure for table `ticketcombos`
--

DROP TABLE IF EXISTS `ticketcombos`;
CREATE TABLE IF NOT EXISTS `ticketcombos` (
  `comboName` varchar(255) CHARACTER SET utf8mb4 COLLATE utf8mb4_unicode_ci NOT NULL,
  `comboPrice` int NOT NULL DEFAULT '0',
  `comboDetails` varchar(255) CHARACTER SET utf8mb4 COLLATE utf8mb4_unicode_ci NOT NULL,
  `quantity` int NOT NULL DEFAULT '0',
  `ticket_id` bigint UNSIGNED NOT NULL,
  `created_at` timestamp NULL DEFAULT NULL,
  `updated_at` timestamp NULL DEFAULT NULL,
  KEY `ticketcombos_ticket_id_foreign` (`ticket_id`)
) ENGINE=InnoDB DEFAULT CHARSET=utf8mb4 COLLATE=utf8mb4_unicode_ci;

--
-- Dumping data for table `ticketcombos`
--

INSERT INTO `ticketcombos` (`comboName`, `comboPrice`, `comboDetails`, `quantity`, `ticket_id`, `created_at`, `updated_at`) VALUES
('Combo Sụp đổ', 269000, '1 Bắp rang + 2 Nước', 10, 1, '2023-06-29 17:41:41', '2023-06-29 17:41:41'),
('combo test', 190000000, '1 Bắp rang', 1, 1, '2023-06-29 17:41:41', '2023-06-29 17:41:41'),
('Combo MoonNight', 200000, '1 Bắp rang + 1 Nước', 15, 2, '2023-06-29 17:43:06', '2023-06-29 17:43:06'),
('combo test', 190000000, '1 Bắp rang', 1, 2, '2023-06-29 17:43:06', '2023-06-29 17:43:06'),
('combo test', 190000000, '1 Bắp rang', 1, 3, '2023-06-29 17:44:04', '2023-06-29 17:44:04'),
('combo test', 190000000, '1 Bắp rang', 1, 4, '2023-06-29 17:45:45', '2023-06-29 17:45:45'),
('Combo MoonNight', 200000, '1 Bắp rang + 1 Nước', 47, 5, '2023-06-29 17:46:56', '2023-06-29 17:46:56'),
('combo test', 190000000, '1 Bắp rang', 1, 5, '2023-06-29 17:46:56', '2023-06-29 17:46:56'),
('Combo sale to', 150000, '4 Bắp rang + 1 Bắp rang', 4, 6, '2023-06-29 17:48:38', '2023-06-29 17:48:38'),
('combo test', 190000000, '1 Bắp rang', 1, 6, '2023-06-29 17:48:38', '2023-06-29 17:48:38'),
('Combo Sụp đổ', 269000, '1 Bắp rang + 2 Nước', 184, 7, '2023-06-29 17:50:02', '2023-06-29 17:50:02'),
('Combo Sụp đổ', 269000, '1 Bắp rang + 2 Nước', 73, 8, '2023-06-29 17:57:28', '2023-06-29 17:57:28'),
('combo 10 tr', 10000000, '1 Bắp rang', 2, 15, '2023-06-29 18:05:48', '2023-06-29 18:05:48'),
('combo 10 tr', 10000000, '1 Bắp rang', 6, 16, '2023-06-29 18:06:28', '2023-06-29 18:06:28'),
('combo 10 tr', 10000000, '1 Bắp rang', 1, 17, '2023-06-29 18:07:36', '2023-06-29 18:07:36'),
('combo 10 tr', 10000000, '1 Bắp rang', 8, 18, '2023-06-29 18:08:05', '2023-06-29 18:08:05'),
('combo 10 tr', 10000000, '1 Bắp rang', 14, 19, '2023-06-29 18:08:33', '2023-06-29 18:08:33'),
('combo 10 tr', 10000000, '1 Bắp rang', 4, 20, '2023-06-29 18:09:47', '2023-06-29 18:09:47'),
('combo 10 tr', 10000000, '1 Bắp rang', 16, 21, '2023-06-29 18:10:51', '2023-06-29 18:10:51'),
('combo 10 tr', 10000000, '1 Bắp rang', 8, 22, '2023-06-29 18:11:27', '2023-06-29 18:11:27'),
('combo 10 tr', 10000000, '1 Bắp rang', 6, 23, '2023-06-29 18:12:00', '2023-06-29 18:12:00'),
('combo 10 tr', 10000000, '1 Bắp rang', 9, 24, '2023-06-29 18:18:49', '2023-06-29 18:18:49'),
('combo 10 tr', 10000000, '1 Bắp rang', 6, 25, '2023-06-29 18:19:18', '2023-06-29 18:19:18'),
('combo 10 tr', 10000000, '1 Bắp rang', 3, 26, '2023-06-29 18:19:47', '2023-06-29 18:19:47'),
('combo 10 tr', 10000000, '1 Bắp rang', 17, 27, '2023-06-29 18:21:51', '2023-06-29 18:21:51'),
('combo 10 tr', 10000000, '1 Bắp rang', 6, 28, '2023-06-29 18:22:23', '2023-06-29 18:22:23'),
('combo 10 tr', 10000000, '1 Bắp rang', 11, 29, '2023-06-29 18:22:53', '2023-06-29 18:22:53'),
('combo 10 tr', 10000000, '1 Bắp rang', 11, 34, '2023-06-29 18:27:11', '2023-06-29 18:27:11'),
('combo 10 tr', 10000000, '1 Bắp rang', 7, 35, '2023-06-29 18:27:52', '2023-06-29 18:27:52'),
('combo 10 tr', 10000000, '1 Bắp rang', 8, 36, '2023-06-29 18:28:22', '2023-06-29 18:28:22'),
('combo 10 tr', 10000000, '1 Bắp rang', 16, 37, '2023-06-29 18:28:52', '2023-06-29 18:28:52'),
('combo 10 tr', 10000000, '1 Bắp rang', 13, 38, '2023-06-29 18:41:04', '2023-06-29 18:41:04'),
('combo 10 tr', 10000000, '1 Bắp rang', 8, 39, '2023-06-29 18:41:47', '2023-06-29 18:41:47'),
('combo 10 tr', 10000000, '1 Bắp rang', 5, 40, '2023-06-29 18:42:18', '2023-06-29 18:42:18'),
('combo 10 tr', 10000000, '1 Bắp rang', 13, 41, '2023-06-29 18:44:33', '2023-06-29 18:44:33'),
('combo 10 tr', 10000000, '1 Bắp rang', 7, 42, '2023-06-29 18:44:59', '2023-06-29 18:44:59'),
('Combo bắp nước truyền thống', 70000, '1 Bắp rang + 1 Nước', 1, 45, '2023-07-01 15:11:31', '2023-07-01 15:11:31'),
('Combo MoonNight', 200000, '1 Bắp rang + 1 Nước', 1, 45, '2023-07-01 15:11:31', '2023-07-01 15:11:31'),
('Combo bắp nước truyền thống', 70000, '1 Bắp rang + 1 Nước', 2, 46, '2023-07-01 15:19:58', '2023-07-01 15:19:58'),
('Combo bắp nước truyền thống', 70000, '1 Bắp rang + 1 Nước', 1, 47, '2023-07-01 18:23:58', '2023-07-01 18:23:58'),
('Combo bắp nước truyền thống', 70000, '1 Bắp rang + 1 Nước', 2, 48, '2023-07-02 00:36:56', '2023-07-02 00:36:56'),
('Combo MoonNight', 200000, '1 Bắp rang + 1 Nước', 1, 48, '2023-07-02 00:36:56', '2023-07-02 00:36:56'),
('Combo bắp nước truyền thống', 70000, '1 Bắp rang + 1 Nước', 1, 49, '2023-07-02 15:09:06', '2023-07-02 15:09:06'),
('Combo bắp nước truyền thống', 70000, '1 Bắp rang + 1 Nước', 1, 81, '2023-07-06 10:59:26', '2023-07-06 10:59:26'),
('Combo bắp nước truyền thống', 70000, '1 Bắp rang + 1 Nước', 1, 86, '2023-07-06 11:40:18', '2023-07-06 11:40:18'),
('Combo bắp nước truyền thống', 70000, '1 Bắp rang + 1 Nước', 1, 91, '2023-07-06 14:03:40', '2023-07-06 14:03:40'),
('Combo Sụp đổ', 269000, '1 Bắp rang + 2 Nước', 1, 95, '2023-07-10 15:08:50', '2023-07-10 15:08:50'),
('Combo bắp nước truyền thống', 70000, '1 Bắp rang + 1 Nước', 2, 96, '2023-07-11 19:04:28', '2023-07-11 19:04:28'),
('Combo MoonNight', 200000, '1 Bắp rang + 1 Nước', 1, 97, '2023-07-11 19:06:08', '2023-07-11 19:06:08'),
('Combo Sụp đổ', 269000, '1 Bắp rang + 2 Nước', 1, 97, '2023-07-11 19:06:08', '2023-07-11 19:06:08'),
('Combo Sụp đổ', 269000, '1 Bắp rang + 2 Nước', 2, 98, '2023-07-11 19:06:25', '2023-07-11 19:06:25'),
('Combo sale to', 150000, '4 Bắp rang + 1 Bắp rang', 1, 98, '2023-07-11 19:06:25', '2023-07-11 19:06:25'),
('Combo bắp nước truyền thống', 70000, '1 Bắp rang + 1 Nước', 1, 99, '2023-07-11 19:53:43', '2023-07-11 19:53:43'),
('Combo MoonNight', 200000, '1 Bắp rang + 1 Nước', 1, 99, '2023-07-11 19:53:43', '2023-07-11 19:53:43'),
('Combo bắp nước truyền thống', 70000, '1 Bắp rang + 1 Nước', 2, 100, '2023-07-11 20:13:04', '2023-07-11 20:13:04'),
('Combo Sụp đổ', 269000, '1 Bắp rang + 2 Nước', 1, 100, '2023-07-11 20:13:04', '2023-07-11 20:13:04'),
('Combo bắp nước truyền thống', 70000, '1 Bắp rang + 1 Nước', 2, 101, '2023-07-11 20:21:38', '2023-07-11 20:21:38'),
('Combo bắp nước truyền thống', 70000, '1 Bắp rang + 1 Nước', 2, 102, '2023-07-11 20:26:02', '2023-07-11 20:26:02'),
('Combo Sụp đổ', 269000, '1 Bắp rang + 2 Nước', 2, 103, '2023-07-13 13:56:20', '2023-07-13 13:56:20'),
('Combo Sụp đổ', 269000, '1 Bắp rang + 2 Nước', 3, 106, '2023-07-13 14:07:54', '2023-07-13 14:07:54'),
('Combo Sụp đổ', 269000, '1 Bắp rang + 2 Nước', 1, 107, '2023-07-13 14:20:38', '2023-07-13 14:20:38'),
('Combo bắp nước truyền thống', 70000, '1 Bắp rang + 1 Nước', 1, 108, '2023-07-14 21:34:08', '2023-07-14 21:34:08'),
('Combo MoonNight', 200000, '1 Bắp rang + 1 Nước', 2, 109, '2023-07-14 21:37:07', '2023-07-14 21:37:07'),
('Combo BlockBuster', 84000, '1 Bắp rang + 2 Nước', 2, 110, '2023-07-14 21:40:24', '2023-07-14 21:40:24'),
('Combo bắp nước truyền thống', 70000, '1 Bắp rang + 1 Nước', 1, 111, '2023-07-14 21:48:14', '2023-07-14 21:48:14'),
('Combo Sụp đổ', 269000, '1 Bắp rang + 2 Nước', 1, 112, '2023-07-15 09:18:22', '2023-07-15 09:18:22'),
('Combo Sụp đổ', 269000, '1 Bắp rang + 2 Nước', 1, 114, '2023-07-15 11:32:18', '2023-07-15 11:32:18'),
('Combo bắp nước truyền thống', 70000, '1 Bắp rang + 1 Nước', 2, 132, '2023-07-17 20:45:29', '2023-07-17 20:45:29'),
('Combo MoonNight', 200000, '1 Bắp rang + 1 Nước', 2, 133, '2023-07-17 20:47:37', '2023-07-17 20:47:37'),
('Combo bắp nước truyền thống', 70000, '1 Bắp rang + 1 Nước', 1, 134, '2023-07-17 20:50:28', '2023-07-17 20:50:28'),
('Combo bắp nước truyền thống', 70000, '1 Bắp rang + 1 Nước', 1, 135, '2023-07-17 20:51:57', '2023-07-17 20:51:57'),
('Combo bắp nước truyền thống', 70000, '1 Bắp rang + 1 Nước', 1, 136, '2023-07-17 21:11:01', '2023-07-17 21:11:01'),
('Combo bắp nước truyền thống', 70000, '1 Bắp rang + 1 Nước', 1, 138, '2023-07-17 21:13:12', '2023-07-17 21:13:12'),
('Combo MoonNight', 200000, '1 Bắp rang + 1 Nước', 1, 138, '2023-07-17 21:13:12', '2023-07-17 21:13:12'),
('Combo bắp nước truyền thống', 70000, '1 Bắp rang + 1 Nước', 2, 142, '2023-07-19 10:02:09', '2023-07-19 10:02:09'),
('Combo Sụp đổ', 269000, '1 Bắp rang + 2 Nước', 1, 149, '2023-07-27 14:26:52', '2023-07-27 14:26:52'),
('Combo Sụp đổ', 269000, '1 Bắp rang + 2 Nước', 1, 153, '2023-07-27 12:01:10', '2023-07-27 12:01:10'),
('Combo Sụp đổ', 269000, '1 Bắp rang + 2 Nước', 1, 154, '2023-08-11 05:37:41', '2023-08-11 05:37:41'),
('Combo bắp nước truyền thống', 70000, '1 Bắp rang + 1 Nước', 1, 160, '2023-08-11 13:42:23', '2023-08-11 13:42:23'),
('Combo Sụp đổ', 269000, '1 Bắp rang + 2 Nước', 1, 160, '2023-08-11 13:42:23', '2023-08-11 13:42:23'),
('Combo bắp nước truyền thống', 70000, '1 Bắp rang + 1 Nước', 1, 162, '2023-08-11 13:46:16', '2023-08-11 13:46:16'),
('Combo Sụp đổ', 269000, '1 Bắp rang + 2 Nước', 1, 162, '2023-08-11 13:46:16', '2023-08-11 13:46:16'),
('Combo bắp nước truyền thống', 70000, '1 Bắp rang + 1 Nước', 2, 164, '2023-08-12 09:40:09', '2023-08-12 09:40:09'),
('Combo bắp nước truyền thống', 70000, '1 Bắp rang + 1 Nước', 3, 169, '2023-08-12 09:45:28', '2023-08-12 09:45:28'),
('Combo bắp nước truyền thống', 70000, '1 Bắp rang + 1 Nước', 2, 170, '2023-08-12 09:46:33', '2023-08-12 09:46:33'),
('Combo bắp nước truyền thống', 70000, '1 Bắp rang + 1 Nước', 1, 171, '2023-08-12 10:29:56', '2023-08-12 10:29:56'),
('Combo bắp nước truyền thống', 70000, '1 Bắp rang + 1 Nước', 2, 172, '2023-08-13 07:32:03', '2023-08-13 07:32:03'),
('Combo Sụp đổ', 269000, '1 Bắp rang + 2 Nước', 1, 173, '2023-08-13 07:33:50', '2023-08-13 07:33:50'),
('Combo Sụp đổ', 269000, '1 Bắp rang + 2 Nước', 1, 175, '2023-08-13 07:42:51', '2023-08-13 07:42:51'),
('Combo Sụp đổ', 269000, '1 Bắp rang + 2 Nước', 2, 178, '2023-08-13 07:59:46', '2023-08-13 07:59:46'),
('Combo sale to', 150000, '4 Bắp rang + 1 Bắp rang', 1, 179, '2023-08-13 08:00:03', '2023-08-13 08:00:03'),
('Combo Sụp đổ', 269000, '1 Bắp rang + 2 Nước', 2, 180, '2023-08-13 08:01:05', '2023-08-13 08:01:05'),
('Combo Sụp đổ', 269000, '1 Bắp rang + 2 Nước', 2, 181, '2023-08-13 08:01:27', '2023-08-13 08:01:27'),
('Combo Sụp đổ', 269000, '1 Bắp rang + 2 Nước', 2, 182, '2023-08-13 08:02:28', '2023-08-13 08:02:28'),
('Combo Sụp đổ', 269000, '1 Bắp rang + 2 Nước', 2, 183, '2023-08-13 08:02:51', '2023-08-13 08:02:51'),
('Combo Sụp đổ', 269000, '1 Bắp rang + 2 Nước', 1, 184, '2023-08-13 08:07:08', '2023-08-13 08:07:08'),
('Combo Sụp đổ', 269000, '1 Bắp rang + 2 Nước', 1, 185, '2023-08-13 08:07:26', '2023-08-13 08:07:26'),
('Combo Sụp đổ', 269000, '1 Bắp rang + 2 Nước', 1, 186, '2023-08-13 08:07:54', '2023-08-13 08:07:54');

-- --------------------------------------------------------

--
-- Table structure for table `ticketfoods`
--

DROP TABLE IF EXISTS `ticketfoods`;
CREATE TABLE IF NOT EXISTS `ticketfoods` (
  `foodName` varchar(255) CHARACTER SET utf8mb4 COLLATE utf8mb4_unicode_ci NOT NULL,
  `foodPrice` int NOT NULL DEFAULT '0',
  `quantity` int NOT NULL DEFAULT '0',
  `ticket_id` bigint UNSIGNED NOT NULL,
  `created_at` timestamp NULL DEFAULT NULL,
  `updated_at` timestamp NULL DEFAULT NULL,
  KEY `ticketfoods_ticket_id_foreign` (`ticket_id`)
) ENGINE=InnoDB DEFAULT CHARSET=utf8mb4 COLLATE=utf8mb4_unicode_ci;

--
-- Dumping data for table `ticketfoods`
--

INSERT INTO `ticketfoods` (`foodName`, `foodPrice`, `quantity`, `ticket_id`, `created_at`, `updated_at`) VALUES
('Nước', 30000, 1, 97, '2023-07-11 19:06:08', '2023-07-11 19:06:08'),
('Bắp rang', 50000, 1, 101, '2023-07-11 20:21:38', '2023-07-11 20:21:38'),
('Bắp rang', 50000, 1, 174, '2023-08-13 07:35:00', '2023-08-13 07:35:00');

-- --------------------------------------------------------

--
-- Table structure for table `tickets`
--

DROP TABLE IF EXISTS `tickets`;
CREATE TABLE IF NOT EXISTS `tickets` (
  `id` bigint UNSIGNED NOT NULL AUTO_INCREMENT,
  `schedule_id` bigint UNSIGNED DEFAULT NULL,
  `user_id` bigint UNSIGNED DEFAULT NULL,
  `holdState` tinyint(1) NOT NULL DEFAULT '0',
  `status` tinyint(1) NOT NULL DEFAULT '0',
  `code` bigint NOT NULL,
  `hasPaid` tinyint(1) NOT NULL DEFAULT '0',
  `receivedCombo` tinyint(1) NOT NULL DEFAULT '0',
  `hasDiscount` tinyint(1) NOT NULL DEFAULT '0',
  `totalPrice` bigint NOT NULL DEFAULT '0',
  `created_at` timestamp NULL DEFAULT NULL,
  `updated_at` timestamp NULL DEFAULT NULL,
  PRIMARY KEY (`id`),
  UNIQUE KEY `tickets_code_unique` (`code`),
  KEY `tickets_schedule_id_foreign` (`schedule_id`),
  KEY `tickets_user_id_foreign` (`user_id`)
) ENGINE=InnoDB AUTO_INCREMENT=187 DEFAULT CHARSET=utf8mb4 COLLATE=utf8mb4_unicode_ci;

--
-- Dumping data for table `tickets`
--

INSERT INTO `tickets` (`id`, `schedule_id`, `user_id`, `holdState`, `status`, `code`, `hasPaid`, `receivedCombo`, `hasDiscount`, `totalPrice`, `created_at`, `updated_at`) VALUES
(1, 40, 2, 0, 0, 8815863449, 1, 1, 0, 193110000, '2023-08-10 00:41:25', '2023-08-16 03:19:49'),
(2, 8, 2, 0, 0, 6455537506, 1, 1, 0, 193525000, '2023-06-28 00:42:57', '2023-08-16 03:19:49'),
(3, 30, 2, 0, 0, 5834092919, 1, 1, 0, 190735000, '2023-06-27 00:44:00', '2023-08-16 03:19:49'),
(4, 41, 2, 0, 0, 1671034565, 1, 1, 0, 190630000, '2023-06-26 00:45:41', '2023-08-16 03:19:49'),
(5, 40, 2, 0, 0, 5480494767, 1, 1, 0, 199820000, '2023-06-25 00:46:26', '2023-08-16 03:19:49'),
(6, 40, 2, 0, 0, 1131469491, 1, 1, 0, 191020000, '2023-06-24 00:48:33', '2023-08-16 03:19:49'),
(7, 40, 2, 0, 0, 1534096691, 1, 1, 0, 50176000, '2023-06-23 00:49:15', '2023-08-16 03:19:49'),
(8, 17, 2, 0, 0, 6060371296, 1, 1, 0, 20057000, '2023-05-22 00:57:11', '2023-08-16 03:19:49'),
(15, 41, 2, 0, 0, 3775497171, 1, 1, 0, 20315000, '2023-06-29 18:05:45', '2023-08-16 03:19:49'),
(16, 40, 2, 0, 0, 4124581103, 1, 1, 0, 60170000, '2023-05-18 01:06:24', '2023-08-16 03:19:49'),
(17, 40, 2, 0, 0, 7400444060, 1, 1, 0, 10420000, '2023-05-19 01:07:32', '2023-08-16 03:19:49'),
(18, 40, 2, 0, 0, 6909778670, 1, 1, 0, 80425000, '2023-05-10 01:08:00', '2023-08-16 03:19:49'),
(19, 40, 2, 0, 0, 9340700999, 1, 1, 0, 140340000, '2023-05-30 01:08:27', '2023-08-16 03:19:49'),
(20, 41, 2, 0, 0, 1177462548, 1, 1, 0, 40525000, '2022-08-30 01:09:42', '2023-08-16 03:19:49'),
(21, 40, 2, 0, 0, 9581627915, 1, 1, 0, 160420000, '2022-07-30 01:10:38', '2023-08-16 03:19:49'),
(22, 40, 2, 0, 0, 3740130213, 1, 1, 0, 80465000, '2022-05-30 01:11:18', '2023-08-16 03:19:49'),
(23, 40, 2, 0, 0, 3583400449, 1, 1, 0, 60525000, '2022-06-30 01:11:56', '2023-08-16 03:19:49'),
(24, 40, 2, 0, 0, 1121643746, 1, 1, 0, 90840000, '2023-05-13 01:18:46', '2023-08-16 03:19:49'),
(25, 40, 2, 0, 0, 2798669802, 1, 1, 0, 60315000, '2023-08-01 01:19:13', '2023-08-16 03:19:49'),
(26, 40, 2, 0, 0, 7631014631, 1, 1, 0, 30315000, '2023-05-18 01:19:44', '2023-08-16 03:19:49'),
(27, 40, 2, 0, 0, 2535035241, 1, 1, 0, 170210000, '2023-06-01 01:21:42', '2023-08-16 03:19:49'),
(28, 40, 2, 0, 0, 4884201786, 1, 1, 0, 60315000, '2023-06-21 01:22:19', '2023-08-16 03:19:49'),
(29, 40, 2, 0, 0, 7151733617, 1, 1, 0, 110315000, '2023-06-20 01:22:48', '2023-08-16 03:19:49'),
(34, 41, 2, 0, 0, 6945522711, 1, 1, 0, 110420000, '2023-05-01 08:27:06', '2023-08-16 03:19:49'),
(35, 40, 2, 0, 0, 5453628943, 1, 1, 0, 70315000, '2022-03-30 08:27:48', '2023-08-16 03:19:49'),
(36, 40, 2, 0, 0, 2961080801, 1, 1, 0, 80315000, '2022-01-30 08:28:16', '2023-08-16 03:19:49'),
(37, 41, 2, 0, 0, 4364554966, 1, 1, 0, 160210000, '2022-02-02 01:28:47', '2023-08-16 03:19:49'),
(38, 40, 2, 0, 0, 7111516641, 1, 1, 0, 130255000, '2023-05-03 01:40:59', '2023-08-16 03:19:49'),
(39, 40, 2, 0, 0, 1023822668, 1, 1, 0, 80315000, '2023-05-02 01:41:40', '2023-08-16 03:19:49'),
(40, 41, 2, 0, 0, 5955875243, 1, 1, 0, 50210000, '2023-05-04 01:42:14', '2023-08-16 03:19:49'),
(41, 40, 2, 0, 0, 8500575674, 1, 1, 0, 130210000, '2023-05-07 01:44:27', '2023-08-16 03:19:49'),
(42, 40, 2, 0, 0, 1643854540, 1, 1, 0, 70315000, '2023-05-08 01:44:56', '2023-08-16 03:19:49'),
(43, 1, 3, 1, 0, 1078114040, 0, 1, 0, 0, '2023-06-30 07:56:20', '2023-08-16 03:19:49'),
(45, 45, 5, 0, 0, 2816955755, 1, 1, 0, 370000, '2023-07-01 15:11:20', '2023-08-16 03:19:49'),
(46, 53, 5, 0, 0, 1028120410, 1, 1, 0, 350000, '2023-07-01 15:19:54', '2023-08-16 03:19:49'),
(47, 47, 5, 0, 0, 8515448441, 1, 1, 0, 290000, '2023-07-01 18:23:56', '2023-08-16 03:19:49'),
(48, NULL, NULL, 0, 1, 1808927070, 0, 1, 0, 0, '2023-07-02 00:36:56', '2023-07-05 16:31:52'),
(49, 60, 2, 0, 0, 3660932423, 0, 1, 0, 56000, '2023-07-02 15:05:14', '2023-08-16 03:19:49'),
(52, 129, 1, 0, 0, 5189842744, 1, 1, 0, 1330000, '2023-07-05 13:02:05', '2023-08-16 03:19:49'),
(57, 134, 1, 0, 0, 6996549562, 1, 1, 0, 380000, '2023-07-05 15:37:59', '2023-08-16 03:19:49'),
(58, 134, 1, 0, 0, 9613052998, 1, 1, 0, 190000, '2023-07-05 15:39:10', '2023-08-16 03:19:49'),
(59, 133, 1, 0, 0, 2242987365, 0, 1, 0, 190000, '2023-07-05 15:40:25', '2023-08-16 03:19:49'),
(60, 94, 7, 1, 0, 5418027718, 0, 1, 0, 0, '2023-07-06 09:30:34', '2023-08-16 03:19:49'),
(61, 94, 7, 1, 0, 8098933636, 0, 1, 0, 0, '2023-07-06 09:35:48', '2023-08-16 03:19:49'),
(62, 94, 7, 1, 0, 9703073256, 0, 1, 0, 0, '2023-07-06 09:36:14', '2023-08-16 03:19:49'),
(69, 96, 2, 0, 0, 9890642534, 1, 1, 0, 380000, '2023-07-06 10:04:50', '2023-08-16 03:19:49'),
(72, 96, 2, 0, 0, 2423412020, 1, 1, 0, 38000, '2023-07-06 10:10:27', '2023-08-16 03:19:49'),
(78, 95, 5, 0, 0, 2062676568, 1, 1, 0, 330000, '2023-07-06 10:40:47', '2023-08-16 03:19:49'),
(79, 95, 5, 0, 0, 5608373849, 1, 1, 0, 330000, '2023-07-06 10:52:04', '2023-08-16 03:19:49'),
(81, 96, 2, 0, 0, 3785455917, 1, 1, 0, 52000, '2023-07-06 10:59:24', '2023-08-16 03:19:49'),
(84, 96, 5, 0, 0, 3998103425, 1, 1, 0, 260000, '2023-07-06 11:32:45', '2023-08-16 03:19:49'),
(86, 96, 2, 0, 0, 5153201335, 1, 1, 0, 52000, '2023-07-06 11:40:16', '2023-08-16 03:19:49'),
(89, 97, 5, 0, 0, 5884859454, 1, 1, 0, 330000, '2023-07-06 13:46:39', '2023-08-16 03:19:49'),
(91, 98, 2, 0, 0, 6517926308, 1, 1, 0, 52000, '2023-07-06 14:03:37', '2023-08-16 03:19:49'),
(92, 150, 1, 0, 0, 2482538061, 1, 1, 0, 210000, '2023-07-07 11:02:23', '2023-08-16 03:19:49'),
(95, 198, 2, 0, 0, 7510191078, 1, 1, 0, 459000, '2023-07-10 15:08:48', '2023-08-16 03:19:49'),
(96, NULL, NULL, 0, 1, 6523943038, 0, 1, 0, 0, '2023-07-11 19:04:28', '2023-07-11 19:04:54'),
(97, NULL, 1, 0, 1, 9658370688, 1, 1, 0, 499000, '2023-07-11 19:06:08', '2023-07-11 19:07:06'),
(98, NULL, NULL, 0, 1, 535844649, 0, 1, 0, 0, '2023-07-11 19:06:25', '2023-07-11 19:07:14'),
(99, NULL, NULL, 0, 0, 9627735393, 0, 1, 0, 0, '2023-07-11 19:53:43', '2023-07-11 20:13:41'),
(100, NULL, 1, 0, 0, 8505803935, 1, 1, 0, 409000, '2023-07-11 20:13:04', '2023-07-11 20:13:50'),
(101, NULL, 1, 0, 0, 3474158581, 1, 1, 0, 190000, '2023-07-11 20:21:38', '2023-07-11 20:22:10'),
(102, NULL, 1, 0, 0, 3864660194, 0, 1, 0, 140000, '2023-07-11 20:26:02', '2023-07-11 20:41:12'),
(103, 236, 2, 0, 0, 3965880931, 1, 1, 0, 958000, '2023-07-13 03:56:16', '2023-08-16 03:19:49'),
(106, 238, 2, 0, 0, 7114576146, 1, 1, 0, 1381600, '2023-07-13 14:07:51', '2023-08-16 03:19:49'),
(107, 238, 2, 0, 0, 2393344592, 1, 1, 1, 137800, '2023-07-13 14:20:31', '2023-08-16 03:19:49'),
(108, 293, 5, 0, 0, 7284340790, 1, 1, 0, 400000, '2023-07-14 21:34:04', '2023-08-16 03:19:49'),
(109, 280, 5, 0, 0, 6007333918, 1, 1, 0, 570000, '2023-07-14 21:37:00', '2023-08-16 03:19:49'),
(110, 254, 5, 0, 0, 7356676810, 1, 1, 0, 388000, '2023-07-14 21:40:17', '2023-08-16 03:19:49'),
(111, 289, 5, 0, 0, 7087740039, 1, 1, 0, 240000, '2023-07-14 21:48:09', '2023-08-16 03:19:49'),
(112, 280, 2, 0, 0, 7119274160, 1, 1, 0, 689000, '2023-07-15 09:17:51', '2023-08-16 03:19:49'),
(114, 288, 2, 0, 0, 6570164056, 1, 1, 1, 383200, '2023-07-15 11:32:15', '2023-08-16 03:19:49'),
(125, 358, 1, 1, 0, 8589435001, 0, 1, 0, 0, '2023-07-17 13:46:22', '2023-08-16 03:19:49'),
(128, 358, 2, 0, 0, 6648777380, 1, 1, 0, 190000, '2023-07-17 13:51:52', '2023-08-16 03:19:49'),
(130, 358, 2, 0, 0, 7761437215, 1, 1, 0, 190000, '2023-07-17 13:53:46', '2023-08-16 03:19:49'),
(131, 358, 2, 0, 0, 4954006401, 1, 1, 0, 285000, '2023-07-17 13:54:58', '2023-08-16 03:19:49'),
(132, 416, 5, 0, 0, 8277511479, 1, 1, 0, 410000, '2023-07-17 20:45:25', '2023-08-16 03:19:49'),
(133, 400, 5, 0, 0, 5448098171, 1, 1, 0, 610000, '2023-07-17 20:47:33', '2023-08-16 03:19:49'),
(134, 389, 5, 0, 0, 5945800282, 1, 1, 0, 220000, '2023-07-17 20:50:21', '2023-08-16 03:19:49'),
(135, 364, 5, 0, 0, 1048587040, 1, 1, 0, 220000, '2023-07-17 20:51:54', '2023-08-16 03:19:49'),
(136, 363, 5, 0, 0, 7176177470, 1, 1, 0, 240000, '2023-07-17 21:10:59', '2023-08-16 03:19:49'),
(138, 363, 5, 0, 0, 8027481384, 1, 1, 0, 480000, '2023-07-17 21:13:07', '2023-08-16 03:19:49'),
(139, 364, 2, 0, 0, 4294277894, 1, 1, 0, 190000, '2023-07-18 08:34:11', '2023-08-16 03:19:49'),
(140, 364, 2, 0, 0, 9392538295, 1, 1, 0, 260000, '2023-07-18 08:39:25', '2023-08-16 03:19:49'),
(141, 364, 5, 0, 0, 6474653181, 0, 1, 0, 330000, '2023-07-18 08:49:26', '2023-08-16 03:19:49'),
(142, 408, 5, 0, 0, 1779067010, 1, 1, 0, 450000, '2023-07-19 10:02:01', '2023-08-16 03:19:49'),
(149, 679, 2, 0, 0, 9717204230, 1, 1, 0, 459000, '2023-07-27 14:26:50', '2023-08-16 03:19:49'),
(153, 680, 2, 0, 0, 9391674218, 1, 1, 0, 479000, '2023-07-27 12:01:08', '2023-08-16 03:19:49'),
(154, 837, 1, 0, 0, 3012563186, 1, 1, 0, 479000, '2023-08-11 05:37:37', '2023-08-16 03:19:49'),
(160, 888, 1, 0, 0, 6059764023, 1, 1, 0, 789000, '2023-08-11 13:42:17', '2023-08-16 03:19:49'),
(162, 888, 2, 0, 0, 3909016359, 1, 1, 0, 789000, '2023-08-11 13:46:09', '2023-08-16 03:19:49'),
(164, NULL, 1, 0, 0, 9495852556, 1, 0, 0, 140000, '2023-08-12 09:40:09', '2023-08-12 09:40:20'),
(169, 845, 2, 0, 0, 5700966382, 1, 1, 0, 420000, '2023-08-12 09:45:24', '2023-08-16 03:19:49'),
(170, NULL, 1, 0, 0, 7986946027, 1, 0, 0, 140000, '2023-08-12 09:46:33', '2023-08-12 09:46:39'),
(171, NULL, 1, 0, 0, 432893519, 1, 0, 0, 70000, '2023-08-12 10:29:56', '2023-08-12 10:30:04'),
(172, NULL, 1, 0, 0, 9354033900, 1, 0, 0, 140000, '2023-08-13 07:32:03', '2023-08-13 07:32:10'),
(173, 902, 1, 0, 0, 6628115753, 1, 1, 0, 439000, '2023-08-13 07:33:31', '2023-08-16 03:19:49'),
(174, NULL, 1, 0, 0, 4909422678, 1, 0, 0, 50000, '2023-08-13 07:35:00', '2023-08-13 07:35:08'),
(175, 916, 1, 0, 0, 9885082590, 1, 1, 0, 734000, '2023-08-13 07:42:49', '2023-08-16 03:19:49'),
(178, 930, 1, 0, 0, 2895081871, 1, 1, 0, 1363000, '2023-08-13 07:59:42', '2023-08-16 03:19:49'),
(179, 911, 1, 0, 0, 5052862150, 1, 1, 0, 590000, '2023-08-13 08:00:01', '2023-08-16 03:19:49'),
(180, 935, 1, 0, 0, 4868022680, 1, 1, 0, 918000, '2023-08-13 08:01:03', '2023-08-16 03:19:49'),
(181, 947, 1, 0, 0, 4603693863, 1, 1, 0, 958000, '2023-08-13 08:01:24', '2023-08-16 03:19:49'),
(182, 959, 1, 0, 0, 1269214068, 1, 1, 0, 1313000, '2023-08-13 08:02:26', '2023-08-16 03:19:49'),
(183, 954, 1, 0, 0, 6670643090, 1, 1, 0, 1313000, '2023-08-13 08:02:49', '2023-08-16 03:19:49'),
(184, 966, 1, 0, 0, 3588319379, 1, 1, 0, 649000, '2023-08-13 08:07:06', '2023-08-16 03:19:49'),
(185, 971, 1, 0, 0, 6907059130, 1, 1, 0, 649000, '2023-08-13 08:07:24', '2023-08-16 03:19:49'),
(186, 917, 1, 0, 0, 7633324501, 1, 1, 0, 749000, '2023-08-13 08:07:52', '2023-08-16 03:19:49');

-- --------------------------------------------------------

--
-- Table structure for table `ticketseats`
--

DROP TABLE IF EXISTS `ticketseats`;
CREATE TABLE IF NOT EXISTS `ticketseats` (
  `row` varchar(255) CHARACTER SET utf8mb4 COLLATE utf8mb4_unicode_ci NOT NULL,
  `col` int NOT NULL,
  `price` int NOT NULL DEFAULT '0',
  `ticket_id` bigint UNSIGNED NOT NULL,
  `seatType` varchar(255) CHARACTER SET utf8mb4 COLLATE utf8mb4_unicode_ci NOT NULL,
  `created_at` timestamp NULL DEFAULT NULL,
  `updated_at` timestamp NULL DEFAULT NULL,
  KEY `ticketseats_ticket_id_foreign` (`ticket_id`)
) ENGINE=InnoDB DEFAULT CHARSET=utf8mb4 COLLATE=utf8mb4_unicode_ci;

--
-- Dumping data for table `ticketseats`
--

INSERT INTO `ticketseats` (`row`, `col`, `price`, `ticket_id`, `seatType`, `created_at`, `updated_at`) VALUES
('E', 8, 105000, 1, 'vip', '2023-06-29 17:41:25', '2023-06-29 17:41:25'),
('E', 9, 105000, 1, 'vip', '2023-06-29 17:41:25', '2023-06-29 17:41:25'),
('E', 10, 105000, 1, 'vip', '2023-06-29 17:41:25', '2023-06-29 17:41:25'),
('E', 11, 105000, 1, 'vip', '2023-06-29 17:41:25', '2023-06-29 17:41:25'),
('E', 8, 105000, 2, 'vip', '2023-06-29 17:42:57', '2023-06-29 17:42:57'),
('E', 9, 105000, 2, 'vip', '2023-06-29 17:42:57', '2023-06-29 17:42:57'),
('E', 10, 105000, 2, 'vip', '2023-06-29 17:42:57', '2023-06-29 17:42:57'),
('E', 11, 105000, 2, 'vip', '2023-06-29 17:42:57', '2023-06-29 17:42:57'),
('E', 12, 105000, 2, 'vip', '2023-06-29 17:42:57', '2023-06-29 17:42:57'),
('I', 15, 105000, 3, 'vip', '2023-06-29 17:44:00', '2023-06-29 17:44:00'),
('I', 16, 105000, 3, 'vip', '2023-06-29 17:44:00', '2023-06-29 17:44:00'),
('I', 17, 105000, 3, 'vip', '2023-06-29 17:44:00', '2023-06-29 17:44:00'),
('I', 18, 105000, 3, 'vip', '2023-06-29 17:44:00', '2023-06-29 17:44:00'),
('I', 19, 105000, 3, 'vip', '2023-06-29 17:44:00', '2023-06-29 17:44:00'),
('I', 20, 105000, 3, 'vip', '2023-06-29 17:44:00', '2023-06-29 17:44:00'),
('I', 21, 105000, 3, 'vip', '2023-06-29 17:44:00', '2023-06-29 17:44:00'),
('E', 8, 105000, 4, 'vip', '2023-06-29 17:45:42', '2023-06-29 17:45:42'),
('E', 9, 105000, 4, 'vip', '2023-06-29 17:45:42', '2023-06-29 17:45:42'),
('E', 10, 105000, 4, 'vip', '2023-06-29 17:45:42', '2023-06-29 17:45:42'),
('E', 11, 105000, 4, 'vip', '2023-06-29 17:45:42', '2023-06-29 17:45:42'),
('E', 12, 105000, 4, 'vip', '2023-06-29 17:45:42', '2023-06-29 17:45:42'),
('E', 13, 105000, 4, 'vip', '2023-06-29 17:45:42', '2023-06-29 17:45:42'),
('F', 8, 105000, 5, 'vip', '2023-06-29 17:46:26', '2023-06-29 17:46:26'),
('F', 9, 105000, 5, 'vip', '2023-06-29 17:46:26', '2023-06-29 17:46:26'),
('F', 10, 105000, 5, 'vip', '2023-06-29 17:46:27', '2023-06-29 17:46:27'),
('F', 11, 105000, 5, 'vip', '2023-06-29 17:46:27', '2023-06-29 17:46:27'),
('G', 8, 105000, 6, 'vip', '2023-06-29 17:48:33', '2023-06-29 17:48:33'),
('G', 9, 105000, 6, 'vip', '2023-06-29 17:48:33', '2023-06-29 17:48:33'),
('G', 10, 105000, 6, 'vip', '2023-06-29 17:48:33', '2023-06-29 17:48:33'),
('G', 11, 105000, 6, 'vip', '2023-06-29 17:48:33', '2023-06-29 17:48:33'),
('D', 8, 85000, 7, 'standard', '2023-06-29 17:49:15', '2023-06-29 17:49:15'),
('D', 9, 85000, 7, 'standard', '2023-06-29 17:49:15', '2023-06-29 17:49:15'),
('D', 10, 85000, 7, 'standard', '2023-06-29 17:49:15', '2023-06-29 17:49:15'),
('D', 11, 85000, 7, 'standard', '2023-06-29 17:49:15', '2023-06-29 17:49:15'),
('D', 12, 85000, 7, 'standard', '2023-06-29 17:49:15', '2023-06-29 17:49:15'),
('D', 14, 85000, 7, 'standard', '2023-06-29 17:49:15', '2023-06-29 17:49:15'),
('D', 13, 85000, 7, 'standard', '2023-06-29 17:49:15', '2023-06-29 17:49:15'),
('D', 7, 85000, 7, 'standard', '2023-06-29 17:49:15', '2023-06-29 17:49:15'),
('F', 4, 105000, 8, 'vip', '2023-06-29 17:57:11', '2023-06-29 17:57:11'),
('F', 5, 105000, 8, 'vip', '2023-06-29 17:57:11', '2023-06-29 17:57:11'),
('F', 6, 105000, 8, 'vip', '2023-06-29 17:57:11', '2023-06-29 17:57:11'),
('F', 7, 105000, 8, 'vip', '2023-06-29 17:57:11', '2023-06-29 17:57:11'),
('F', 7, 105000, 15, 'vip', '2023-06-29 18:05:45', '2023-06-29 18:05:45'),
('F', 8, 105000, 15, 'vip', '2023-06-29 18:05:45', '2023-06-29 18:05:45'),
('F', 9, 105000, 15, 'vip', '2023-06-29 18:05:45', '2023-06-29 18:05:45'),
('C', 8, 85000, 16, 'standard', '2023-06-29 18:06:24', '2023-06-29 18:06:24'),
('C', 9, 85000, 16, 'standard', '2023-06-29 18:06:24', '2023-06-29 18:06:24'),
('H', 8, 105000, 17, 'vip', '2023-06-29 18:07:32', '2023-06-29 18:07:32'),
('H', 9, 105000, 17, 'vip', '2023-06-29 18:07:32', '2023-06-29 18:07:32'),
('H', 10, 105000, 17, 'vip', '2023-06-29 18:07:32', '2023-06-29 18:07:32'),
('H', 11, 105000, 17, 'vip', '2023-06-29 18:07:32', '2023-06-29 18:07:32'),
('C', 10, 85000, 18, 'standard', '2023-06-29 18:08:00', '2023-06-29 18:08:00'),
('C', 11, 85000, 18, 'standard', '2023-06-29 18:08:00', '2023-06-29 18:08:00'),
('C', 12, 85000, 18, 'standard', '2023-06-29 18:08:00', '2023-06-29 18:08:00'),
('C', 13, 85000, 18, 'standard', '2023-06-29 18:08:00', '2023-06-29 18:08:00'),
('C', 14, 85000, 18, 'standard', '2023-06-29 18:08:00', '2023-06-29 18:08:00'),
('D', 15, 85000, 19, 'standard', '2023-06-29 18:08:27', '2023-06-29 18:08:27'),
('C', 15, 85000, 19, 'standard', '2023-06-29 18:08:27', '2023-06-29 18:08:27'),
('C', 16, 85000, 19, 'standard', '2023-06-29 18:08:28', '2023-06-29 18:08:28'),
('D', 16, 85000, 19, 'standard', '2023-06-29 18:08:28', '2023-06-29 18:08:28'),
('E', 7, 105000, 20, 'vip', '2023-06-29 18:09:42', '2023-06-29 18:09:42'),
('E', 6, 105000, 20, 'vip', '2023-06-29 18:09:42', '2023-06-29 18:09:42'),
('E', 4, 105000, 20, 'vip', '2023-06-29 18:09:42', '2023-06-29 18:09:42'),
('E', 5, 105000, 20, 'vip', '2023-06-29 18:09:42', '2023-06-29 18:09:42'),
('E', 3, 105000, 20, 'vip', '2023-06-29 18:09:42', '2023-06-29 18:09:42'),
('I', 8, 105000, 21, 'vip', '2023-06-29 18:10:38', '2023-06-29 18:10:38'),
('I', 9, 105000, 21, 'vip', '2023-06-29 18:10:38', '2023-06-29 18:10:38'),
('I', 10, 105000, 21, 'vip', '2023-06-29 18:10:38', '2023-06-29 18:10:38'),
('I', 11, 105000, 21, 'vip', '2023-06-29 18:10:38', '2023-06-29 18:10:38'),
('C', 6, 85000, 22, 'standard', '2023-06-29 18:11:18', '2023-06-29 18:11:18'),
('C', 7, 85000, 22, 'standard', '2023-06-29 18:11:18', '2023-06-29 18:11:18'),
('D', 6, 85000, 22, 'standard', '2023-06-29 18:11:18', '2023-06-29 18:11:18'),
('E', 6, 105000, 22, 'vip', '2023-06-29 18:11:18', '2023-06-29 18:11:18'),
('E', 7, 105000, 22, 'vip', '2023-06-29 18:11:18', '2023-06-29 18:11:18'),
('E', 12, 105000, 23, 'vip', '2023-06-29 18:11:56', '2023-06-29 18:11:56'),
('E', 13, 105000, 23, 'vip', '2023-06-29 18:11:56', '2023-06-29 18:11:56'),
('E', 14, 105000, 23, 'vip', '2023-06-29 18:11:56', '2023-06-29 18:11:56'),
('E', 15, 105000, 23, 'vip', '2023-06-29 18:11:56', '2023-06-29 18:11:56'),
('E', 16, 105000, 23, 'vip', '2023-06-29 18:11:56', '2023-06-29 18:11:56'),
('F', 6, 105000, 24, 'vip', '2023-06-29 18:18:46', '2023-06-29 18:18:46'),
('F', 7, 105000, 24, 'vip', '2023-06-29 18:18:46', '2023-06-29 18:18:46'),
('G', 7, 105000, 24, 'vip', '2023-06-29 18:18:46', '2023-06-29 18:18:46'),
('G', 6, 105000, 24, 'vip', '2023-06-29 18:18:46', '2023-06-29 18:18:46'),
('H', 6, 105000, 24, 'vip', '2023-06-29 18:18:46', '2023-06-29 18:18:46'),
('I', 6, 105000, 24, 'vip', '2023-06-29 18:18:46', '2023-06-29 18:18:46'),
('I', 7, 105000, 24, 'vip', '2023-06-29 18:18:46', '2023-06-29 18:18:46'),
('H', 7, 105000, 24, 'vip', '2023-06-29 18:18:46', '2023-06-29 18:18:46'),
('E', 3, 105000, 25, 'vip', '2023-06-29 18:19:13', '2023-06-29 18:19:13'),
('E', 4, 105000, 25, 'vip', '2023-06-29 18:19:14', '2023-06-29 18:19:14'),
('E', 5, 105000, 25, 'vip', '2023-06-29 18:19:14', '2023-06-29 18:19:14'),
('F', 12, 105000, 26, 'vip', '2023-06-29 18:19:44', '2023-06-29 18:19:44'),
('F', 13, 105000, 26, 'vip', '2023-06-29 18:19:44', '2023-06-29 18:19:44'),
('F', 14, 105000, 26, 'vip', '2023-06-29 18:19:44', '2023-06-29 18:19:44'),
('F', 15, 105000, 27, 'vip', '2023-06-29 18:21:42', '2023-06-29 18:21:42'),
('F', 16, 105000, 27, 'vip', '2023-06-29 18:21:42', '2023-06-29 18:21:42'),
('F', 5, 105000, 28, 'vip', '2023-06-29 18:22:19', '2023-06-29 18:22:19'),
('F', 4, 105000, 28, 'vip', '2023-06-29 18:22:19', '2023-06-29 18:22:19'),
('F', 3, 105000, 28, 'vip', '2023-06-29 18:22:19', '2023-06-29 18:22:19'),
('G', 4, 105000, 29, 'vip', '2023-06-29 18:22:48', '2023-06-29 18:22:48'),
('G', 3, 105000, 29, 'vip', '2023-06-29 18:22:48', '2023-06-29 18:22:48'),
('G', 5, 105000, 29, 'vip', '2023-06-29 18:22:48', '2023-06-29 18:22:48'),
('F', 6, 105000, 34, 'vip', '2023-06-29 18:27:06', '2023-06-29 18:27:06'),
('F', 5, 105000, 34, 'vip', '2023-06-29 18:27:06', '2023-06-29 18:27:06'),
('F', 4, 105000, 34, 'vip', '2023-06-29 18:27:06', '2023-06-29 18:27:06'),
('F', 3, 105000, 34, 'vip', '2023-06-29 18:27:06', '2023-06-29 18:27:06'),
('H', 3, 105000, 35, 'vip', '2023-06-29 18:27:48', '2023-06-29 18:27:48'),
('H', 4, 105000, 35, 'vip', '2023-06-29 18:27:48', '2023-06-29 18:27:48'),
('H', 5, 105000, 35, 'vip', '2023-06-29 18:27:48', '2023-06-29 18:27:48'),
('I', 3, 105000, 36, 'vip', '2023-06-29 18:28:16', '2023-06-29 18:28:16'),
('I', 4, 105000, 36, 'vip', '2023-06-29 18:28:16', '2023-06-29 18:28:16'),
('I', 5, 105000, 36, 'vip', '2023-06-29 18:28:16', '2023-06-29 18:28:16'),
('F', 10, 105000, 37, 'vip', '2023-06-29 18:28:47', '2023-06-29 18:28:47'),
('F', 11, 105000, 37, 'vip', '2023-06-29 18:28:47', '2023-06-29 18:28:47'),
('D', 3, 85000, 38, 'standard', '2023-06-29 18:40:59', '2023-06-29 18:40:59'),
('D', 4, 85000, 38, 'standard', '2023-06-29 18:40:59', '2023-06-29 18:40:59'),
('D', 5, 85000, 38, 'standard', '2023-06-29 18:40:59', '2023-06-29 18:40:59'),
('I', 12, 105000, 39, 'vip', '2023-06-29 18:41:40', '2023-06-29 18:41:40'),
('I', 13, 105000, 39, 'vip', '2023-06-29 18:41:40', '2023-06-29 18:41:40'),
('I', 14, 105000, 39, 'vip', '2023-06-29 18:41:40', '2023-06-29 18:41:40'),
('F', 12, 105000, 40, 'vip', '2023-06-29 18:42:14', '2023-06-29 18:42:14'),
('F', 13, 105000, 40, 'vip', '2023-06-29 18:42:14', '2023-06-29 18:42:14'),
('G', 12, 105000, 41, 'vip', '2023-06-29 18:44:27', '2023-06-29 18:44:27'),
('G', 13, 105000, 41, 'vip', '2023-06-29 18:44:27', '2023-06-29 18:44:27'),
('G', 14, 105000, 42, 'vip', '2023-06-29 18:44:56', '2023-06-29 18:44:56'),
('G', 15, 105000, 42, 'vip', '2023-06-29 18:44:56', '2023-06-29 18:44:56'),
('G', 16, 105000, 42, 'vip', '2023-06-29 18:44:56', '2023-06-29 18:44:56'),
('E', 5, 105000, 43, 'vip', '2023-06-30 07:56:20', '2023-06-30 07:56:20'),
('D', 9, 85000, 45, 'standard', '2023-07-01 15:11:20', '2023-07-01 15:11:20'),
('D', 10, 85000, 45, 'standard', '2023-07-01 15:11:20', '2023-07-01 15:11:20'),
('E', 9, 105000, 46, 'vip', '2023-07-01 15:19:54', '2023-07-01 15:19:54'),
('E', 10, 105000, 46, 'vip', '2023-07-01 15:19:54', '2023-07-01 15:19:54'),
('I', 2, 110000, 47, 'vip', '2023-07-01 18:23:56', '2023-07-01 18:23:56'),
('I', 1, 110000, 47, 'vip', '2023-07-01 18:23:56', '2023-07-01 18:23:56'),
('F', 9, 105000, 49, 'vip', '2023-07-02 15:05:14', '2023-07-02 15:05:14'),
('F', 10, 105000, 49, 'vip', '2023-07-02 15:05:14', '2023-07-02 15:05:14'),
('E', 8, 95000, 52, 'vip', '2023-07-05 13:02:05', '2023-07-05 13:02:05'),
('E', 9, 95000, 52, 'vip', '2023-07-05 13:02:05', '2023-07-05 13:02:05'),
('E', 10, 95000, 52, 'vip', '2023-07-05 13:02:05', '2023-07-05 13:02:05'),
('E', 11, 95000, 52, 'vip', '2023-07-05 13:02:05', '2023-07-05 13:02:05'),
('E', 3, 95000, 52, 'vip', '2023-07-05 13:02:05', '2023-07-05 13:02:05'),
('E', 4, 95000, 52, 'vip', '2023-07-05 13:02:05', '2023-07-05 13:02:05'),
('E', 5, 95000, 52, 'vip', '2023-07-05 13:02:05', '2023-07-05 13:02:05'),
('E', 6, 95000, 52, 'vip', '2023-07-05 13:02:05', '2023-07-05 13:02:05'),
('E', 7, 95000, 52, 'vip', '2023-07-05 13:02:05', '2023-07-05 13:02:05'),
('E', 12, 95000, 52, 'vip', '2023-07-05 13:02:05', '2023-07-05 13:02:05'),
('E', 13, 95000, 52, 'vip', '2023-07-05 13:02:05', '2023-07-05 13:02:05'),
('E', 14, 95000, 52, 'vip', '2023-07-05 13:02:05', '2023-07-05 13:02:05'),
('E', 15, 95000, 52, 'vip', '2023-07-05 13:02:05', '2023-07-05 13:02:05'),
('E', 16, 95000, 52, 'vip', '2023-07-05 13:02:05', '2023-07-05 13:02:05'),
('E', 7, 95000, 57, 'vip', '2023-07-05 15:37:59', '2023-07-05 15:37:59'),
('E', 8, 95000, 57, 'vip', '2023-07-05 15:37:59', '2023-07-05 15:37:59'),
('E', 9, 95000, 57, 'vip', '2023-07-05 15:37:59', '2023-07-05 15:37:59'),
('E', 10, 95000, 57, 'vip', '2023-07-05 15:37:59', '2023-07-05 15:37:59'),
('F', 8, 95000, 58, 'vip', '2023-07-05 15:39:10', '2023-07-05 15:39:10'),
('F', 9, 95000, 58, 'vip', '2023-07-05 15:39:10', '2023-07-05 15:39:10'),
('E', 9, 95000, 59, 'vip', '2023-07-05 15:40:25', '2023-07-05 15:40:25'),
('E', 10, 95000, 59, 'vip', '2023-07-05 15:40:25', '2023-07-05 15:40:25'),
('D', 9, 75000, 60, 'standard', '2023-07-06 09:30:34', '2023-07-06 09:30:34'),
('E', 9, 95000, 60, 'vip', '2023-07-06 09:30:34', '2023-07-06 09:30:34'),
('E', 10, 95000, 60, 'vip', '2023-07-06 09:30:34', '2023-07-06 09:30:34'),
('D', 10, 75000, 60, 'standard', '2023-07-06 09:30:34', '2023-07-06 09:30:34'),
('F', 10, 95000, 61, 'vip', '2023-07-06 09:35:48', '2023-07-06 09:35:48'),
('F', 9, 95000, 61, 'vip', '2023-07-06 09:35:48', '2023-07-06 09:35:48'),
('G', 9, 95000, 62, 'vip', '2023-07-06 09:36:14', '2023-07-06 09:36:14'),
('G', 10, 95000, 62, 'vip', '2023-07-06 09:36:14', '2023-07-06 09:36:14'),
('E', 8, 95000, 69, 'vip', '2023-07-06 10:04:50', '2023-07-06 10:04:50'),
('E', 9, 95000, 69, 'vip', '2023-07-06 10:04:50', '2023-07-06 10:04:50'),
('E', 10, 95000, 69, 'vip', '2023-07-06 10:04:50', '2023-07-06 10:04:50'),
('E', 11, 95000, 69, 'vip', '2023-07-06 10:04:50', '2023-07-06 10:04:50'),
('F', 5, 95000, 72, 'vip', '2023-07-06 10:10:27', '2023-07-06 10:10:27'),
('F', 6, 95000, 72, 'vip', '2023-07-06 10:10:27', '2023-07-06 10:10:27'),
('E', 10, 95000, 78, 'vip', '2023-07-06 10:40:47', '2023-07-06 10:40:47'),
('E', 11, 95000, 78, 'vip', '2023-07-06 10:40:47', '2023-07-06 10:40:47'),
('E', 8, 95000, 79, 'vip', '2023-07-06 10:52:04', '2023-07-06 10:52:04'),
('E', 9, 95000, 79, 'vip', '2023-07-06 10:52:04', '2023-07-06 10:52:04'),
('F', 8, 95000, 81, 'vip', '2023-07-06 10:59:24', '2023-07-06 10:59:24'),
('F', 9, 95000, 81, 'vip', '2023-07-06 10:59:24', '2023-07-06 10:59:24'),
('F', 10, 95000, 84, 'vip', '2023-07-06 11:32:45', '2023-07-06 11:32:45'),
('F', 11, 95000, 84, 'vip', '2023-07-06 11:32:45', '2023-07-06 11:32:45'),
('G', 9, 95000, 86, 'vip', '2023-07-06 11:40:16', '2023-07-06 11:40:16'),
('G', 10, 95000, 86, 'vip', '2023-07-06 11:40:16', '2023-07-06 11:40:16'),
('E', 9, 95000, 89, 'vip', '2023-07-06 13:46:39', '2023-07-06 13:46:39'),
('E', 10, 95000, 89, 'vip', '2023-07-06 13:46:39', '2023-07-06 13:46:39'),
('E', 9, 95000, 91, 'vip', '2023-07-06 14:03:38', '2023-07-06 14:03:38'),
('E', 10, 95000, 91, 'vip', '2023-07-06 14:03:38', '2023-07-06 14:03:38'),
('E', 9, 105000, 92, 'vip', '2023-07-07 11:02:23', '2023-07-07 11:02:23'),
('E', 10, 105000, 92, 'vip', '2023-07-07 11:02:23', '2023-07-07 11:02:23'),
('E', 8, 95000, 95, 'vip', '2023-07-10 15:08:48', '2023-07-10 15:08:48'),
('E', 9, 95000, 95, 'vip', '2023-07-10 15:08:48', '2023-07-10 15:08:48'),
('M', 3, 105000, 103, 'couple', '2023-07-13 13:56:16', '2023-07-13 13:56:16'),
('M', 4, 105000, 103, 'couple', '2023-07-13 13:56:16', '2023-07-13 13:56:16'),
('M', 5, 105000, 103, 'couple', '2023-07-13 13:56:16', '2023-07-13 13:56:16'),
('M', 6, 105000, 103, 'couple', '2023-07-13 13:56:16', '2023-07-13 13:56:16'),
('M', 1, 115000, 106, 'couple', '2023-07-13 14:07:51', '2023-07-13 14:07:51'),
('M', 2, 115000, 106, 'couple', '2023-07-13 14:07:51', '2023-07-13 14:07:51'),
('M', 3, 115000, 106, 'couple', '2023-07-13 14:07:51', '2023-07-13 14:07:51'),
('M', 4, 115000, 106, 'couple', '2023-07-13 14:07:51', '2023-07-13 14:07:51'),
('M', 5, 115000, 106, 'couple', '2023-07-13 14:07:51', '2023-07-13 14:07:51'),
('M', 6, 115000, 106, 'couple', '2023-07-13 14:07:51', '2023-07-13 14:07:51'),
('M', 7, 115000, 106, 'couple', '2023-07-13 14:07:51', '2023-07-13 14:07:51'),
('M', 8, 115000, 106, 'couple', '2023-07-13 14:07:51', '2023-07-13 14:07:51'),
('L', 10, 105000, 107, 'vip', '2023-07-13 14:20:31', '2023-07-13 14:20:31'),
('L', 9, 105000, 107, 'vip', '2023-07-13 14:20:31', '2023-07-13 14:20:31'),
('L', 8, 105000, 107, 'vip', '2023-07-13 14:20:31', '2023-07-13 14:20:31'),
('L', 7, 105000, 107, 'vip', '2023-07-13 14:20:31', '2023-07-13 14:20:31'),
('F', 6, 165000, 108, 'vip', '2023-07-14 21:34:04', '2023-07-14 21:34:04'),
('F', 7, 165000, 108, 'vip', '2023-07-14 21:34:04', '2023-07-14 21:34:04'),
('D', 9, 85000, 109, 'standard', '2023-07-14 21:37:00', '2023-07-14 21:37:00'),
('D', 10, 85000, 109, 'standard', '2023-07-14 21:37:00', '2023-07-14 21:37:00'),
('E', 11, 110000, 110, 'vip', '2023-07-14 21:40:17', '2023-07-14 21:40:17'),
('E', 12, 110000, 110, 'vip', '2023-07-14 21:40:17', '2023-07-14 21:40:17'),
('C', 9, 85000, 111, 'standard', '2023-07-14 21:48:09', '2023-07-14 21:48:09'),
('C', 10, 85000, 111, 'standard', '2023-07-14 21:48:09', '2023-07-14 21:48:09'),
('E', 8, 105000, 112, 'vip', '2023-07-15 09:17:51', '2023-07-15 09:17:51'),
('E', 9, 105000, 112, 'vip', '2023-07-15 09:17:51', '2023-07-15 09:17:51'),
('E', 10, 105000, 112, 'vip', '2023-07-15 09:17:51', '2023-07-15 09:17:51'),
('E', 11, 105000, 112, 'vip', '2023-07-15 09:17:51', '2023-07-15 09:17:51'),
('F', 9, 105000, 114, 'vip', '2023-07-15 11:32:15', '2023-07-15 11:32:15'),
('F', 10, 105000, 114, 'vip', '2023-07-15 11:32:15', '2023-07-15 11:32:15'),
('E', 6, 95000, 125, 'vip', '2023-07-17 13:46:22', '2023-07-17 13:46:22'),
('E', 7, 95000, 125, 'vip', '2023-07-17 13:46:22', '2023-07-17 13:46:22'),
('E', 9, 95000, 128, 'vip', '2023-07-17 13:51:52', '2023-07-17 13:51:52'),
('E', 10, 95000, 128, 'vip', '2023-07-17 13:51:52', '2023-07-17 13:51:52'),
('F', 10, 95000, 130, 'vip', '2023-07-17 13:53:46', '2023-07-17 13:53:46'),
('F', 9, 95000, 130, 'vip', '2023-07-17 13:53:46', '2023-07-17 13:53:46'),
('F', 11, 95000, 131, 'vip', '2023-07-17 13:54:58', '2023-07-17 13:54:58'),
('F', 12, 95000, 131, 'vip', '2023-07-17 13:54:58', '2023-07-17 13:54:58'),
('F', 13, 95000, 131, 'vip', '2023-07-17 13:54:58', '2023-07-17 13:54:58'),
('F', 6, 135000, 132, 'vip', '2023-07-17 20:45:25', '2023-07-17 20:45:25'),
('F', 7, 135000, 132, 'vip', '2023-07-17 20:45:25', '2023-07-17 20:45:25'),
('E', 9, 105000, 133, 'vip', '2023-07-17 20:47:33', '2023-07-17 20:47:33'),
('E', 10, 105000, 133, 'vip', '2023-07-17 20:47:33', '2023-07-17 20:47:33'),
('D', 11, 75000, 134, 'standard', '2023-07-17 20:50:21', '2023-07-17 20:50:21'),
('D', 12, 75000, 134, 'standard', '2023-07-17 20:50:21', '2023-07-17 20:50:21'),
('D', 11, 75000, 135, 'standard', '2023-07-17 20:51:54', '2023-07-17 20:51:54'),
('D', 12, 75000, 135, 'standard', '2023-07-17 20:51:54', '2023-07-17 20:51:54'),
('D', 10, 85000, 136, 'standard', '2023-07-17 21:10:59', '2023-07-17 21:10:59'),
('D', 11, 85000, 136, 'standard', '2023-07-17 21:10:59', '2023-07-17 21:10:59'),
('E', 8, 105000, 138, 'vip', '2023-07-17 21:13:07', '2023-07-17 21:13:07'),
('E', 9, 105000, 138, 'vip', '2023-07-17 21:13:07', '2023-07-17 21:13:07'),
('F', 8, 95000, 139, 'vip', '2023-07-18 08:34:11', '2023-07-18 08:34:11'),
('F', 9, 95000, 139, 'vip', '2023-07-18 08:34:11', '2023-07-18 08:34:11'),
('E', 9, 95000, 140, 'vip', '2023-07-18 08:39:25', '2023-07-18 08:39:25'),
('E', 10, 95000, 140, 'vip', '2023-07-18 08:39:25', '2023-07-18 08:39:25'),
('E', 8, 95000, 141, 'vip', '2023-07-18 08:49:26', '2023-07-18 08:49:26'),
('E', 7, 95000, 141, 'vip', '2023-07-18 08:49:26', '2023-07-18 08:49:26'),
('F', 6, 155000, 142, 'vip', '2023-07-19 10:02:01', '2023-07-19 10:02:01'),
('F', 7, 155000, 142, 'vip', '2023-07-19 10:02:01', '2023-07-19 10:02:01'),
('F', 9, 95000, 149, 'vip', '2023-07-27 14:26:50', '2023-07-27 14:26:50'),
('F', 10, 95000, 149, 'vip', '2023-07-27 14:26:50', '2023-07-27 14:26:50'),
('E', 9, 105000, 153, 'vip', '2023-07-27 12:01:08', '2023-07-27 12:01:08'),
('E', 10, 105000, 153, 'vip', '2023-07-27 12:01:08', '2023-07-27 12:01:08'),
('F', 8, 105000, 154, 'vip', '2023-08-11 05:37:37', '2023-08-11 05:37:37'),
('F', 9, 105000, 154, 'vip', '2023-08-11 05:37:37', '2023-08-11 05:37:37'),
('E', 6, 150000, 160, 'vip', '2023-08-11 13:42:17', '2023-08-11 13:42:17'),
('E', 7, 150000, 160, 'vip', '2023-08-11 13:42:17', '2023-08-11 13:42:17'),
('E', 8, 150000, 160, 'vip', '2023-08-11 13:42:17', '2023-08-11 13:42:17'),
('C', 7, 150000, 162, 'vip', '2023-08-11 13:46:09', '2023-08-11 13:46:09'),
('C', 6, 150000, 162, 'vip', '2023-08-11 13:46:09', '2023-08-11 13:46:09'),
('C', 8, 150000, 162, 'vip', '2023-08-11 13:46:09', '2023-08-11 13:46:09'),
('E', 10, 105000, 169, 'vip', '2023-08-12 09:45:24', '2023-08-12 09:45:24'),
('E', 11, 105000, 169, 'vip', '2023-08-12 09:45:24', '2023-08-12 09:45:24'),
('D', 8, 85000, 173, 'standard', '2023-08-13 07:33:31', '2023-08-13 07:33:31'),
('D', 9, 85000, 173, 'standard', '2023-08-13 07:33:31', '2023-08-13 07:33:31'),
('G', 5, 155000, 175, 'vip', '2023-08-13 07:42:49', '2023-08-13 07:42:49'),
('G', 7, 155000, 175, 'vip', '2023-08-13 07:42:49', '2023-08-13 07:42:49'),
('G', 6, 155000, 175, 'vip', '2023-08-13 07:42:49', '2023-08-13 07:42:49'),
('J', 7, 165000, 178, 'vip', '2023-08-13 07:59:42', '2023-08-13 07:59:42'),
('J', 6, 165000, 178, 'vip', '2023-08-13 07:59:42', '2023-08-13 07:59:42'),
('J', 5, 165000, 178, 'vip', '2023-08-13 07:59:42', '2023-08-13 07:59:42'),
('J', 4, 165000, 178, 'vip', '2023-08-13 07:59:42', '2023-08-13 07:59:42'),
('J', 3, 165000, 178, 'vip', '2023-08-13 07:59:42', '2023-08-13 07:59:42'),
('E', 8, 110000, 179, 'vip', '2023-08-13 08:00:01', '2023-08-13 08:00:01'),
('E', 9, 110000, 179, 'vip', '2023-08-13 08:00:01', '2023-08-13 08:00:01'),
('E', 10, 110000, 179, 'vip', '2023-08-13 08:00:01', '2023-08-13 08:00:01'),
('E', 11, 110000, 179, 'vip', '2023-08-13 08:00:01', '2023-08-13 08:00:01'),
('E', 8, 95000, 180, 'vip', '2023-08-13 08:01:03', '2023-08-13 08:01:03'),
('E', 9, 95000, 180, 'vip', '2023-08-13 08:01:03', '2023-08-13 08:01:03'),
('E', 10, 95000, 180, 'vip', '2023-08-13 08:01:03', '2023-08-13 08:01:03'),
('E', 11, 95000, 180, 'vip', '2023-08-13 08:01:03', '2023-08-13 08:01:03'),
('E', 11, 105000, 181, 'vip', '2023-08-13 08:01:24', '2023-08-13 08:01:24'),
('E', 10, 105000, 181, 'vip', '2023-08-13 08:01:24', '2023-08-13 08:01:24'),
('E', 9, 105000, 181, 'vip', '2023-08-13 08:01:24', '2023-08-13 08:01:24'),
('E', 8, 105000, 181, 'vip', '2023-08-13 08:01:24', '2023-08-13 08:01:24'),
('H', 2, 155000, 182, 'vip', '2023-08-13 08:02:26', '2023-08-13 08:02:26'),
('H', 3, 155000, 182, 'vip', '2023-08-13 08:02:26', '2023-08-13 08:02:26'),
('H', 4, 155000, 182, 'vip', '2023-08-13 08:02:26', '2023-08-13 08:02:26'),
('H', 5, 155000, 182, 'vip', '2023-08-13 08:02:26', '2023-08-13 08:02:26'),
('H', 6, 155000, 182, 'vip', '2023-08-13 08:02:26', '2023-08-13 08:02:26'),
('G', 7, 155000, 183, 'vip', '2023-08-13 08:02:49', '2023-08-13 08:02:49'),
('G', 8, 155000, 183, 'vip', '2023-08-13 08:02:49', '2023-08-13 08:02:49'),
('G', 6, 155000, 183, 'vip', '2023-08-13 08:02:49', '2023-08-13 08:02:49'),
('G', 4, 155000, 183, 'vip', '2023-08-13 08:02:49', '2023-08-13 08:02:49'),
('G', 5, 155000, 183, 'vip', '2023-08-13 08:02:49', '2023-08-13 08:02:49'),
('E', 9, 95000, 184, 'vip', '2023-08-13 08:07:06', '2023-08-13 08:07:06'),
('E', 10, 95000, 184, 'vip', '2023-08-13 08:07:06', '2023-08-13 08:07:06'),
('E', 11, 95000, 184, 'vip', '2023-08-13 08:07:06', '2023-08-13 08:07:06'),
('E', 12, 95000, 184, 'vip', '2023-08-13 08:07:06', '2023-08-13 08:07:06'),
('E', 8, 95000, 185, 'vip', '2023-08-13 08:07:24', '2023-08-13 08:07:24'),
('E', 9, 95000, 185, 'vip', '2023-08-13 08:07:24', '2023-08-13 08:07:24'),
('E', 10, 95000, 185, 'vip', '2023-08-13 08:07:24', '2023-08-13 08:07:24'),
('E', 11, 95000, 185, 'vip', '2023-08-13 08:07:24', '2023-08-13 08:07:24'),
('E', 6, 160000, 186, 'vip', '2023-08-13 08:07:52', '2023-08-13 08:07:52'),
('E', 7, 160000, 186, 'vip', '2023-08-13 08:07:52', '2023-08-13 08:07:52'),
('E', 8, 160000, 186, 'vip', '2023-08-13 08:07:52', '2023-08-13 08:07:52');

-- --------------------------------------------------------

--
-- Table structure for table `users`
--

DROP TABLE IF EXISTS `users`;
CREATE TABLE IF NOT EXISTS `users` (
  `id` bigint UNSIGNED NOT NULL AUTO_INCREMENT,
  `fullName` varchar(255) CHARACTER SET utf8mb4 COLLATE utf8mb4_unicode_ci NOT NULL,
  `password` varchar(255) CHARACTER SET utf8mb4 COLLATE utf8mb4_unicode_ci NOT NULL,
  `email` varchar(255) CHARACTER SET utf8mb4 COLLATE utf8mb4_unicode_ci DEFAULT NULL,
  `phone` varchar(20) CHARACTER SET utf8mb4 COLLATE utf8mb4_unicode_ci DEFAULT NULL,
  `status` tinyint(1) NOT NULL DEFAULT '1',
  `code` bigint NOT NULL,
  `point` bigint NOT NULL,
  `theater_id` bigint UNSIGNED DEFAULT NULL,
  `email_verified` tinyint(1) NOT NULL DEFAULT '0',
  `remember_token` varchar(100) CHARACTER SET utf8mb4 COLLATE utf8mb4_unicode_ci DEFAULT NULL,
  `created_at` timestamp NULL DEFAULT NULL,
  `updated_at` timestamp NULL DEFAULT NULL,
  PRIMARY KEY (`id`),
  UNIQUE KEY `users_code_unique` (`code`),
  UNIQUE KEY `users_email_unique` (`email`),
  UNIQUE KEY `users_phone_unique` (`phone`),
  KEY `users_theater_id_foreign` (`theater_id`)
) ENGINE=InnoDB AUTO_INCREMENT=17 DEFAULT CHARSET=utf8mb4 COLLATE=utf8mb4_unicode_ci;

--
-- Dumping data for table `users`
--

INSERT INTO `users` (`id`, `fullName`, `password`, `email`, `phone`, `status`, `code`, `point`, `theater_id`, `email_verified`, `remember_token`, `created_at`, `updated_at`) VALUES
(1, 'HMCinema', '$2y$10$dTj7fown.ZGLNq6VvcCGHecwbwt/JtfYbI4G70OAU/qXOylXZJZey', 'admin@gmail.com', '123456789', 1, 8906717330853616, 136800, 1, 1, 'LFCb89RCzi9mjh12HPfYF1Z1ucUB6SjO4nBUpiHhtdCcb1YM8fkilmwpvz4U', '2023-06-29 13:16:17', '2023-08-11 13:43:06'),
(2, 'Anh Hữu', '$2y$10$RuYmweKi5zENYjt61Ss3U.1e/sbPcdgNwynEELJ..9euw4SI1IjKu', 'phuchuu0120@gmail.com', '1111111', 1, 3023060716801797, 1884260, NULL, 1, 'bYHuRBnEGl41KeLL5Npk', '2023-06-29 20:16:17', '2023-08-12 09:46:15'),
(3, 'Anh Minh', '$2y$10$MBSm/6k.bS.inp8iESZJbuCougP3CawjiuAfGWzp1pw9wr3yZVova', 'minh@gmail.com', '1212121212', 1, 4273920421118735, 10000, NULL, 1, 'qNcxUgSM8DWbNHzL4diPrk3PWJ4HnKlmnlkyaWVBRDotiftsFl3EAGsYHsCk', '2023-06-29 13:16:17', '2023-06-29 13:16:17'),
(5, 'Minh', '$2y$10$RYmpuhxrNKdAYhBpwtjQse2XFny1a9qtprVisWLB8E6Bvp2YDZHTS', 'min@gmail.com', '0321564789', 1, 7656355608809230, 455900, NULL, 1, 'r0obmtNl8ktbDc1kuNeEvpQp1B3qdrDMaqGGkhusOyhb6UUFTfHq65INzFyg', '2023-07-01 15:01:53', '2023-07-19 10:02:44'),
(6, 'Anh Hữu', '$2y$10$ZQ/fgBQZHUrUwOSqaV9qSOPKmhczOwz/h420ijxesMM6gy8Do39/O', 'max@gmail.com', '070211865736', 1, 9815644319734822, 0, 2, 1, 'T0RGvNj801mgbfTrWFx2', '2023-07-01 23:42:20', '2023-07-01 23:42:20'),
(7, 'staff cao lo', '$2y$10$Z6ZtbmT3a2dZJdahoPvHFeDD4qngj6rohi6APdZHX0cZq8c0090l2', 'staffcaolo@gmail.com', '0123546789', 1, 8180625192138957, 0, 1, 1, '7ulXU72LYtvAl0bF0FKrBWCFlI7ifAOJ9ZeB2L9zTu4QkeMmTF77gZsAR0KD', '2023-07-06 09:28:53', '2023-07-06 09:28:53'),
(8, 'Anh Hữu', '$2y$10$JM5Luw6zOES.pJf1MUYJt.raN.e9vCkGBD8u4XgpUThupfWheZTk.', 'huu12@gmail.com', '07021165431', 1, 3800409465494557, 0, NULL, 0, 'rxTOLxth3M6gRQAdEd89', '2023-07-08 11:41:47', '2023-07-08 11:56:24'),
(9, 'Anh Hữu', '$2y$10$HfC9nN08lHpQE0ZICB25dusoVMT5oVPHJa3bMLxGshfY3lRslfVT.', 'huu123@gmail.com', '0702118659', 1, 9873619450572106, 0, NULL, 0, NULL, '2023-07-08 12:25:08', '2023-07-08 12:25:46'),
(10, 'Anh Hữu', '$2y$10$itLuA0F50qBM69y7ZoD8AuIbJ65tsM0d4gFwwfzNYR3VYKKiWLV9q', 'huu456@gmail.com', '0123456787', 1, 8876419811300976, 0, NULL, 1, 'CBdLSvnyV2rNGOML3G7k', '2023-07-27 14:10:28', '2023-07-27 14:12:30'),
(12, 'Anh Hữu', '$2y$10$/LwoODvkgF47aomkUivxDez1QIAQmIp.m68ZLQSqP1aSyCWrhphQO', NULL, '0123455555', 1, 6763989031785552, 0, NULL, 0, NULL, '2023-07-28 12:37:40', '2023-07-28 12:37:40');

--
-- Constraints for dumped tables
--

--
-- Constraints for table `casts_movies`
--
ALTER TABLE `casts_movies`
  ADD CONSTRAINT `casts_movies_cast_id_foreign` FOREIGN KEY (`cast_id`) REFERENCES `casts` (`id`) ON DELETE CASCADE,
  ADD CONSTRAINT `casts_movies_movie_id_foreign` FOREIGN KEY (`movie_id`) REFERENCES `movies` (`id`) ON DELETE CASCADE;

--
-- Constraints for table `combo_details`
--
ALTER TABLE `combo_details`
  ADD CONSTRAINT `combo_details_combo_id_foreign` FOREIGN KEY (`combo_id`) REFERENCES `combos` (`id`) ON DELETE CASCADE,
  ADD CONSTRAINT `combo_details_food_id_foreign` FOREIGN KEY (`food_id`) REFERENCES `foods` (`id`);

--
-- Constraints for table `directors_movies`
--
ALTER TABLE `directors_movies`
  ADD CONSTRAINT `directors_movies_director_id_foreign` FOREIGN KEY (`director_id`) REFERENCES `directors` (`id`) ON DELETE CASCADE,
  ADD CONSTRAINT `directors_movies_movie_id_foreign` FOREIGN KEY (`movie_id`) REFERENCES `movies` (`id`) ON DELETE CASCADE;

--
-- Constraints for table `feedback`
--
ALTER TABLE `feedback`
  ADD CONSTRAINT `fk_feedback_users` FOREIGN KEY (`user_id`) REFERENCES `users` (`id`);

--
-- Constraints for table `model_has_permissions`
--
ALTER TABLE `model_has_permissions`
  ADD CONSTRAINT `model_has_permissions_permission_id_foreign` FOREIGN KEY (`permission_id`) REFERENCES `permissions` (`id`) ON DELETE CASCADE;

--
-- Constraints for table `model_has_roles`
--
ALTER TABLE `model_has_roles`
  ADD CONSTRAINT `model_has_roles_role_id_foreign` FOREIGN KEY (`role_id`) REFERENCES `roles` (`id`) ON DELETE CASCADE;

--
-- Constraints for table `moviegenres_movies`
--
ALTER TABLE `moviegenres_movies`
  ADD CONSTRAINT `moviegenres_movies_movie_id_foreign` FOREIGN KEY (`movie_id`) REFERENCES `movies` (`id`) ON DELETE CASCADE,
  ADD CONSTRAINT `moviegenres_movies_moviegenre_id_foreign` FOREIGN KEY (`movieGenre_id`) REFERENCES `movie_genres` (`id`) ON DELETE CASCADE;

--
-- Constraints for table `movies`
--
ALTER TABLE `movies`
  ADD CONSTRAINT `movies_rating_id_foreign` FOREIGN KEY (`rating_id`) REFERENCES `rating` (`id`);

--
-- Constraints for table `news`
--
ALTER TABLE `news`
  ADD CONSTRAINT `news_user_id_foreign` FOREIGN KEY (`user_id`) REFERENCES `users` (`id`);

--
-- Constraints for table `posts`
--
ALTER TABLE `posts`
  ADD CONSTRAINT `posts_user_id_foreign` FOREIGN KEY (`user_id`) REFERENCES `users` (`id`);

--
-- Constraints for table `prices`
--
ALTER TABLE `prices`
  ADD CONSTRAINT `fk_prices_users` FOREIGN KEY (`user_id`) REFERENCES `users` (`id`);

--
-- Constraints for table `role_has_permissions`
--
ALTER TABLE `role_has_permissions`
  ADD CONSTRAINT `role_has_permissions_permission_id_foreign` FOREIGN KEY (`permission_id`) REFERENCES `permissions` (`id`) ON DELETE CASCADE,
  ADD CONSTRAINT `role_has_permissions_role_id_foreign` FOREIGN KEY (`role_id`) REFERENCES `roles` (`id`) ON DELETE CASCADE;

--
-- Constraints for table `rooms`
--
ALTER TABLE `rooms`
  ADD CONSTRAINT `rooms_roomtype_id_foreign` FOREIGN KEY (`roomType_id`) REFERENCES `roomtypes` (`id`),
  ADD CONSTRAINT `rooms_theater_id_foreign` FOREIGN KEY (`theater_id`) REFERENCES `theaters` (`id`);

--
-- Constraints for table `schedules`
--
ALTER TABLE `schedules`
  ADD CONSTRAINT `schedules_audio_id_foreign` FOREIGN KEY (`audio_id`) REFERENCES `audios` (`id`),
  ADD CONSTRAINT `schedules_movie_id_foreign` FOREIGN KEY (`movie_id`) REFERENCES `movies` (`id`),
  ADD CONSTRAINT `schedules_room_id_foreign` FOREIGN KEY (`room_id`) REFERENCES `rooms` (`id`),
  ADD CONSTRAINT `schedules_subtitle_id_foreign` FOREIGN KEY (`subtitle_id`) REFERENCES `subtitles` (`id`);

--
-- Constraints for table `seats`
--
ALTER TABLE `seats`
  ADD CONSTRAINT `seats_room_id_foreign` FOREIGN KEY (`room_id`) REFERENCES `rooms` (`id`) ON DELETE CASCADE,
  ADD CONSTRAINT `seats_seattype_id_foreign` FOREIGN KEY (`seatType_id`) REFERENCES `seattypes` (`id`);

--
-- Constraints for table `ticketcombos`
--
ALTER TABLE `ticketcombos`
  ADD CONSTRAINT `ticketcombos_ticket_id_foreign` FOREIGN KEY (`ticket_id`) REFERENCES `tickets` (`id`) ON DELETE CASCADE;

--
-- Constraints for table `ticketfoods`
--
ALTER TABLE `ticketfoods`
  ADD CONSTRAINT `ticketfoods_ticket_id_foreign` FOREIGN KEY (`ticket_id`) REFERENCES `tickets` (`id`) ON DELETE CASCADE;

--
-- Constraints for table `tickets`
--
ALTER TABLE `tickets`
  ADD CONSTRAINT `tickets_schedule_id_foreign` FOREIGN KEY (`schedule_id`) REFERENCES `schedules` (`id`),
  ADD CONSTRAINT `tickets_user_id_foreign` FOREIGN KEY (`user_id`) REFERENCES `users` (`id`);

--
-- Constraints for table `ticketseats`
--
ALTER TABLE `ticketseats`
  ADD CONSTRAINT `ticketseats_ticket_id_foreign` FOREIGN KEY (`ticket_id`) REFERENCES `tickets` (`id`) ON DELETE CASCADE;

--
-- Constraints for table `users`
--
ALTER TABLE `users`
  ADD CONSTRAINT `users_theater_id_foreign` FOREIGN KEY (`theater_id`) REFERENCES `theaters` (`id`);
COMMIT;

/*!40101 SET CHARACTER_SET_CLIENT=@OLD_CHARACTER_SET_CLIENT */;
/*!40101 SET CHARACTER_SET_RESULTS=@OLD_CHARACTER_SET_RESULTS */;
/*!40101 SET COLLATION_CONNECTION=@OLD_COLLATION_CONNECTION */;
